2016-01-02,1451664000,,,
E5600056,P004,911,0000,3.20
E5600056,P006,911,0000,4.00
E5600056,P007,911,0000,3.70
E5600056,P008,911,0000,5.80
E5600056,P009,911,0000,9.80
E5600056,P016,911,0000,3.40
E5600056,P017,911,0000,2.50
E5600056,P018,911,0000,0.20
E5600056,P021,911,0000,2.60
E5600056,P022,911,0000,3.60
E5600056,P023,911,0000,1.30
E5600056,P024,911,0000,2.30
E5600056,P004,922,0000,0.00
E5600056,P004,923,0000,0.00
E5600056,P004,924,0000,0.00
E5600056,P004,936,0000,20.50
E5600056,P006,922,0000,8.00
E5600056,P006,923,0000,53.00
E5600056,P006,924,0000,0.00
E5600056,P006,936,0000,6.50
E5600056,P007,922,0000,20.00
E5600056,P007,923,0000,25.00
E5600056,P007,924,0000,0.00
E5600056,P007,936,0000,5.10
E5600056,P008,922,0000,17.00
E5600056,P008,923,0000,62.00
E5600056,P008,924,0000,6.00
E5600056,P008,936,0000,5.60
E5600056,P016,922,0000,0.00
E5600056,P016,923,0000,40.00
E5600056,P016,936,0000,16.50
E5600056,P017,922,0000,7.00
E5600056,P017,923,0000,27.00
E5600056,P017,924,0000,55.00
E5600056,P017,936,0000,4.40
E5600056,P018,922,0000,13.00
E5600056,P018,923,0000,20.00
E5600056,P018,936,0000,6.00
E5600056,P021,922,0000,3.00
E5600056,P021,923,0000,40.00
E5600056,P021,936,0000,4.20
E5600056,P024,922,0000,1.00
E5600056,P024,923,0000,28.00
E5600056,P024,924,0000,2.00
E5600056,P024,936,0000,6.40
E5600056,P034,923,0000,12.00
E5600056,P034,936,0000,2.00
E5600056,P004,222,0000,0.00
E5600056,P004,223,0000,0.00
E5600056,P004,224,0000,0.00
E5600056,P004,236,0000,20.50
E5600056,P004,248,0000,0.00
E5600056,P004,259,0000,35.00
E5600056,P006,222,0000,59.00
E5600056,P006,223,0000,56.00
E5600056,P006,224,0000,0.00
E5600056,P006,236,0000,5.80
S1900658,P014,911,0000,1.10
S1900658,P014,923,0000,1.00
S1900658,P014,922,0000,5.00
S1900658,P014,936,0000,3.70
S1602755,P101,911,0000,4.70
S1602755,P201,911,0000,4.80
S1602755,P301,911,0000,8.20
E5601197,P002,911,0000,3.20
E5601197,P003,911,0000,3.00
S2100223,P015,911,0000,11.30
S2300438,P001,911,0000,5.30
E5600056,P004,911,0006,3.20
E5600056,P006,911,0006,3.90
E5600056,P007,911,0006,3.70
E5600056,P008,911,0006,5.40
E5600056,P009,911,0006,9.80
E5600056,P016,911,0006,3.60
E5600056,P017,911,0006,2.40
E5600056,P018,911,0006,0.20
E5600056,P021,911,0006,2.60
E5600056,P022,911,0006,3.90
E5600056,P023,911,0006,1.30
E5600056,P024,911,0006,2.30
E5600869,P001,911,0000,4.90
E5600332,P001,911,0000,3.10
E5600332,P002,911,0000,3.10
E5600332,P003,911,0000,5.90
E5600850,PC01,911,0000,2.40
E4900744,P001,911,0000,12.90
E4900744,P002,911,0000,7.40
E4900744,P023,911,0000,0.00
S1900710,P070,911,0006,6.10
S1900710,P015,911,0006,0.00
S1900710,P050,911,0006,4.30
S1900710,P056,911,0006,3.20
S1900710,P060,911,0006,0.00
S1900685,P002,911,0000,12.50
S1900685,P421,911,0000,10.00
S1900685,P411,911,0000,5.30
S2202553,P001,911,0000,1.90
S2202553,P002,911,0000,1.30
S2202553,P003,911,0000,2.10
S1900658,P014,911,0006,1.10
S1901066,P004,911,0000,7.60
S1602755,P101,911,0006,4.70
S1602755,P201,911,0006,4.80
S1602755,P301,911,0006,8.30
E4900333,P001,911,0000,0.00
E4900333,P002,911,0000,0.00
E4900333,P003,911,0000,0.00
E4900333,P103,911,0000,0.00
E4900333,P021,911,0000,0.00
E4900333,P105,911,0000,0.00
E5601197,P002,911,0006,3.30
E5601197,P003,911,0006,3.10
S2100223,P015,911,0006,11.60
S2300438,P001,911,0006,5.30
E5600869,P001,911,0006,4.90
E5600332,P001,911,0006,3.40
E5600332,P002,911,0006,3.10
E5600332,P003,911,0006,5.50
E5600850,PC01,911,0006,2.40
E5600056,P004,911,0012,3.20
E5600056,P006,911,0012,3.70
E5600056,P007,911,0012,3.70
E5600056,P008,911,0012,5.50
E5600056,P009,911,0012,9.60
E5600056,P016,911,0012,3.30
E5600056,P017,911,0012,2.40
E5600056,P018,911,0012,0.20
E5600056,P021,911,0012,2.60
E5600056,P022,911,0012,3.60
E5600056,P023,911,0012,1.30
E5600056,P024,911,0012,2.20
S1602755,P101,922,0000,2.00
S1602755,P201,922,0000,2.00
S1602755,P301,922,0000,2.00
S1602755,P101,923,0000,90.00
S1602755,P201,923,0000,84.00
S1602755,P301,923,0000,69.00
S1602755,P101,924,0000,3.00
S1602755,P201,924,0000,2.00
S1602755,P301,924,0000,2.00
S1602755,P101,926,0000,2.00
S1602755,P201,926,0000,4.00
S1602755,P301,926,0000,3.00
S1602755,P101,936,0000,11.20
S1602755,P201,936,0000,13.30
S1602755,P301,936,0000,13.20
S1601990,P001,911,0012,4.40
S1601990,P004,911,0012,2.40
S1601990,P049,911,0012,2.10
S1900710,P015,911,0000,0.00
S1900710,P050,911,0000,4.20
S1900710,P056,911,0000,3.20
S1900710,P060,911,0000,0.00
S1900710,P070,911,0000,6.00
S1900710,P015,923,0000,0.00
S1900710,P015,936,0000,0.00
S1900710,P015,922,0000,0.00
S1900710,P050,923,0000,118.00
S1900710,P050,936,0000,5.90
S1900710,P050,922,0000,78.00
S1900710,P056,923,0000,40.00
S1900710,P056,936,0000,4.50
S1900710,P056,922,0000,1.00
S1900710,P060,923,0000,0.00
S1900710,P060,936,0000,0.00
S1900710,P060,922,0000,0.00
S1900710,P015,248,0000,0.00
S1900710,P015,223,0000,0.00
S1900710,P015,236,0000,0.00
S1900710,P015,222,0000,0.00
S1900710,P015,259,0000,0.00
S1900710,P050,248,0000,68112.00
S1900710,P050,223,0000,117.00
S1900710,P050,236,0000,5.90
S1900710,P050,222,0000,79.00
S1900710,P050,259,0000,140.00
S1900710,P056,248,0000,126900.00
S1900710,P056,223,0000,44.00
S1900710,P056,236,0000,4.40
S1900710,P056,222,0000,1.00
S1900710,P056,259,0000,121.00
S1900710,P060,248,0000,0.00
S1900710,P060,223,0000,0.00
S1900710,P060,236,0000,0.00
S1900710,P060,222,0000,0.00
S1900710,P060,259,0000,0.00
S1900710,P070,923,0000,20.00
S1900710,P070,936,0000,8.90
S1900710,P070,922,0000,16.00
S1900710,P070,248,0000,165204.00
S1900710,P070,223,0000,20.00
S1900710,P070,236,0000,9.00
S1900710,P070,222,0000,15.00
S1900710,P070,259,0000,77.00
S2300438,P001,922,0000,0.00
S2300438,P001,923,0000,40.00
S2300438,P001,936,0000,8.30
E4900744,P001,911,0006,20.20
E4900744,P002,911,0006,7.40
E4900744,P023,911,0006,0.00
S1900710,P070,911,0012,6.00
S1900710,P015,911,0012,0.00
S1900710,P050,911,0012,4.20
S1900710,P056,911,0012,3.20
S1900710,P060,911,0012,0.00
S1900685,P002,911,0006,12.40
S1900685,P421,911,0006,10.00
S1900685,P411,911,0006,5.20
S2202553,P001,911,0006,1.90
S2202553,P002,911,0006,1.30
S2202553,P003,911,0006,2.10
S1900658,P014,911,0012,1.10
S2100223,P015,922,0000,36.00
S2100223,P015,923,0000,76.00
S2100223,P015,936,0000,3.60
E5600850,PC01,923,0000,0.70
E5600850,PC01,924,0000,0.60
E5600850,PC01,936,0000,20.90
E5600850,PC01,926,0000,0.00
S2300429,P701,911,0006,7.80
S2300429,PF01,911,0006,4.30
S1901066,P004,911,0006,7.60
E5600869,P001,922,0000,109.00
E5600869,P001,923,0000,124.00
E5600869,P001,936,0000,7.80
S2300438,P001,911,0012,5.40
S1900710,P070,923,0015,20.00
S1900710,P070,936,0015,8.80
S1900710,P070,922,0015,16.00
S1900710,P015,923,0015,0.00
S1900710,P015,936,0015,0.00
S1900710,P015,922,0015,0.00
S1900710,P050,923,0015,118.00
S1900710,P050,936,0015,6.00
S1900710,P050,922,0015,78.00
S1900710,P056,923,0015,44.00
S1900710,P056,936,0015,4.70
S1900710,P056,922,0015,1.00
S1900710,P060,923,0015,0.00
S1900710,P060,936,0015,0.00
S1900710,P060,922,0015,0.00
S2202553,P001,922,0000,1.00
S2202553,P002,922,0000,7.00
S2202553,P003,922,0000,7.00
S2202553,P001,923,0000,84.00
S2202553,P002,923,0000,89.00
S2202553,P003,923,0000,86.00
S2202553,P001,924,0000,1.00
S2202553,P002,924,0000,3.00
S2202553,P003,924,0000,2.00
S2202553,P001,926,0000,14.00
S2202553,P002,926,0000,23.00
S2202553,P003,926,0000,21.00
S2202553,P001,936,0000,9.90
S2202553,P002,936,0000,13.00
S2202553,P003,936,0000,10.80
S1900658,P014,923,0015,1.00
S1900658,P014,922,0015,1.00
S1900658,P014,936,0015,4.10
S1602755,P101,911,0012,4.70
S1602755,P201,911,0012,4.80
S1602755,P301,911,0012,8.20
S1901066,P004,922,0000,0.00
S1901066,P004,923,0000,0.00
S1901066,P004,924,0000,0.60
S1901066,P004,936,0000,21.70
S1901066,P004,937,0000,0.00
E5400878,P010,911,0000,2.60
E4900333,P001,911,0006,0.00
E4900333,P002,911,0006,0.00
E4900333,P003,911,0006,0.00
E4900333,P103,911,0006,0.00
E4900333,P021,911,0006,0.00
E4900333,P105,911,0006,0.00
E4900744,P001,923,0000,255.00
E4900744,P023,923,0000,0.00
E4900744,P001,936,0000,15.50
E4900744,P023,936,0000,0.00
E5600056,P004,922,0015,0.00
E5600056,P004,923,0015,0.00
E5600056,P004,924,0015,0.00
E5600056,P004,936,0015,20.50
E5600056,P006,922,0015,50.00
E5600056,P006,923,0015,53.00
E5600056,P006,924,0015,0.00
E5600056,P006,936,0015,6.70
E5600056,P007,922,0015,38.00
E5600056,P007,923,0015,26.00
E5600056,P007,924,0015,0.00
E5600056,P007,936,0015,4.50
E5600056,P008,922,0015,17.00
E5600056,P008,923,0015,63.00
E5600056,P008,924,0015,16.00
E5600056,P008,936,0015,5.50
E5600056,P016,922,0015,0.00
E5600056,P016,923,0015,39.00
E5600056,P016,936,0015,16.00
E5600056,P017,922,0015,2.00
E5600056,P017,923,0015,26.00
E5600056,P017,924,0015,73.00
E5600056,P017,936,0015,4.30
E5600056,P018,922,0015,4.00
E5600056,P018,923,0015,22.00
E5600056,P018,924,0015,0.00
E5600056,P018,936,0015,5.70
E5600056,P021,922,0015,1.00
E5600056,P021,923,0015,45.00
E5600056,P021,924,0015,0.00
E5600056,P021,936,0015,4.80
E5600056,P024,922,0015,1.00
E5600056,P024,923,0015,29.00
E5600056,P024,924,0015,2.00
E5600056,P024,936,0015,6.50
E5600056,P034,922,0015,0.00
E5600056,P034,923,0015,12.00
E5600056,P034,936,0015,2.00
E5601197,P002,911,0012,3.50
E5601197,P003,911,0012,3.30
S2100223,P015,911,0012,11.50
E5600896,P004,911,0000,0.00
E5600896,P005,911,0000,0.00
E5600896,P007,911,0000,5.00
E5600896,P008,911,0000,5.00
S2201109,P711,911,0006,15.40
S2201109,P731,911,0006,16.90
S2201109,P741,911,0006,15.80
S2201109,P751,911,0006,17.20
S1900685,P421,922,0000,15.00
S1900685,P421,923,0000,70.00
S1900685,P421,936,0000,6.70
S1900685,P411,922,0000,32.00
S1900685,P411,923,0000,77.00
S1900685,P411,936,0000,12.40
E5600869,P001,911,0012,4.90
S1900658,P014,911,0018,1.10
S2300429,P701,911,0000,7.70
S2300429,P701,922,0000,0.00
S2300429,P701,923,0000,0.00
S2300429,P701,936,0000,0.00
S2300429,PF01,911,0000,4.40
S2300429,PF01,922,0000,19.00
S2300429,PF01,923,0000,36.00
S2300429,PF01,936,0000,6.10
E5600332,P001,911,0012,2.90
E5600332,P002,911,0012,3.20
E5600332,P003,911,0012,5.90
E5600850,PC01,911,0012,2.40
E4900333,P001,922,0000,0.00
E4900333,P002,922,0000,0.00
E4900333,P003,922,0000,0.00
E4900333,P103,922,0000,0.00
E4900333,P021,922,0000,0.00
E4900333,P105,922,0000,0.00
E4900333,P001,923,0000,0.00
E4900333,P002,923,0000,0.00
E4900333,P003,923,0000,0.00
E4900333,P103,923,0000,0.00
E4900333,P021,923,0000,0.00
E4900333,P105,923,0000,0.00
E4900333,P001,936,0000,0.00
E4900333,P002,936,0000,0.00
E4900333,P003,936,0000,0.00
E4900333,P103,936,0000,0.00
E4900333,P021,936,0000,0.00
E4900333,P105,936,0000,0.00
E5600056,P004,911,0018,3.10
E5600056,P006,911,0018,3.70
E5600056,P007,911,0018,3.70
E5600056,P008,911,0018,5.30
E5600056,P009,911,0018,8.70
E5600056,P016,911,0018,3.10
E5600056,P017,911,0018,2.40
E5600056,P018,911,0018,0.20
E5600056,P021,911,0018,2.60
E5600056,P022,911,0018,3.70
E5600056,P023,911,0018,1.30
E5600056,P024,911,0018,2.30
E4900744,P001,911,0012,0.00
E4900744,P002,911,0012,0.00
E4900744,P023,911,0012,0.00
S1900710,P070,911,0018,6.00
S1900710,P015,911,0018,0.00
S1900710,P050,911,0018,4.20
S1900710,P056,911,0018,3.20
S1900710,P060,911,0018,0.00
S1900685,P002,911,0012,12.80
S1900685,P421,911,0012,10.10
S1900685,P411,911,0012,5.30
S2202553,P001,911,0012,1.80
S2202553,P002,911,0012,1.30
S2202553,P003,911,0012,2.00
S2300429,P701,911,0012,7.80
S2300429,PF01,911,0012,5.00
S1901066,P004,911,0012,7.60
S2300438,P001,911,0018,5.30
S1602755,P101,911,0018,4.70
S1602755,P201,911,0018,4.80
S1602755,P301,911,0018,8.20
E4900333,P001,911,0012,0.00
E4900333,P002,911,0012,0.00
E4900333,P003,911,0012,0.00
E4900333,P103,911,0012,0.00
E4900333,P021,911,0012,0.00
E4900333,P105,911,0012,0.00
E5601197,P002,911,0018,3.40
E5601197,P003,911,0018,3.20
S2100223,P015,911,0018,11.40
E5600896,P004,911,0006,0.00
E5600896,P005,911,0006,0.00
E5600896,P007,911,0006,5.00
E5600896,P008,911,0006,5.00
S2201109,P711,911,0012,15.40
S2201109,P731,911,0012,16.80
S2201109,P741,911,0012,15.80
S2201109,P751,911,0012,17.10
E5600869,P001,911,0018,4.90
S1900658,P014,911,0024,1.10
E5600332,P001,911,0018,3.60
E5600332,P002,911,0018,3.30
E5600332,P003,911,0018,5.80
E5600850,PC01,911,0018,2.30
E5600056,P004,911,0024,3.10
E5600056,P006,911,0024,3.70
E5600056,P007,911,0024,3.80
E5600056,P008,911,0024,5.30
E5600056,P009,911,0024,9.80
E5600056,P016,911,0024,2.60
E5600056,P017,911,0024,2.30
E5600056,P018,911,0024,0.20
E5600056,P021,911,0024,2.60
E5600056,P022,911,0024,3.70
E5600056,P023,911,0024,1.30
E5600056,P024,911,0024,2.30
E5400878,P001,923,0000,29.00
E5400878,P001,936,0000,15.60
E5400878,P002,923,0000,26.00
E5400878,P002,936,0000,15.50
E5400878,P003,923,0000,25.00
E5400878,P003,936,0000,15.80
E5400878,P010,923,0000,18.00
E5400878,P010,936,0000,13.70
E4900744,P001,911,0018,0.00
E4900744,P002,911,0018,0.00
E4900744,P023,911,0018,0.00
S1900710,P070,911,0024,6.10
S1900710,P015,911,0024,0.00
S1900710,P050,911,0024,4.10
S1900710,P056,911,0024,3.20
S1900710,P060,911,0024,0.00
S1900685,P002,911,0018,12.50
S1900685,P421,911,0018,11.00
S1900685,P411,911,0018,5.20
S2202553,P001,911,0018,1.80
S2202553,P002,911,0018,1.40
S2202553,P003,911,0018,2.10
E5600896,P004,922,0000,0.00
E5600896,P004,923,0000,0.00
E5600896,P004,936,0000,0.00
E5600896,P005,922,0000,0.00
E5600896,P005,923,0000,0.00
E5600896,P005,936,0000,0.00
E5600896,P007,922,0000,0.00
E5600896,P007,923,0000,74.00
E5600896,P007,936,0000,7.10
E5600896,P008,922,0000,0.00
E5600896,P008,923,0000,46.00
E5600896,P008,936,0000,4.60
S2300429,P701,911,0018,7.80
S2300429,PF01,911,0018,4.50
S1901066,P004,911,0018,7.60
S2300438,P001,922,0015,0.00
S2300438,P001,923,0015,40.00
S2300438,P001,936,0015,8.80
S2300438,P001,911,0024,5.30
S1602755,P101,911,0024,4.70
S1602755,P201,911,0024,4.90
S1602755,P301,911,0024,8.40
S1602755,P101,922,0015,2.00
S1602755,P201,922,0015,2.00
S1602755,P301,922,0015,2.00
S1602755,P101,923,0015,80.00
S1602755,P201,923,0015,69.00
S1602755,P301,923,0015,45.00
S1602755,P101,924,0015,3.00
S1602755,P201,924,0015,2.00
S1602755,P301,924,0015,2.00
S1602755,P101,926,0015,2.00
S1602755,P201,926,0015,4.00
S1602755,P301,926,0015,3.00
S1602755,P101,936,0015,12.00
S1602755,P201,936,0015,12.30
S1602755,P301,936,0015,12.40
E4900333,P001,911,0018,0.00
E4900333,P002,911,0018,0.00
E4900333,P003,911,0018,0.00
E4900333,P103,911,0018,0.00
E4900333,P021,911,0018,0.00
E4900333,P105,911,0018,0.00
E5601197,P002,911,0024,3.50
E5601197,P003,911,0024,3.20
S2100223,P015,911,0024,11.90
S2100223,P015,922,0015,40.00
S2100223,P015,923,0015,75.00
S2100223,P015,936,0015,3.50
E5600896,P004,911,0012,0.00
E5600896,P005,911,0012,0.00
E5600896,P007,911,0012,4.90
E5600896,P008,911,0012,5.00
S2201109,P711,911,0018,15.40
S2201109,P731,911,0018,16.70
S2201109,P741,911,0018,15.80
S2201109,P751,911,0018,17.10
E5600869,P001,911,0024,4.90
E5600869,P001,922,0015,108.00
E5600869,P001,923,0015,123.00
E5600869,P001,936,0015,7.80
S1900658,P014,911,0030,1.10
S1900658,P014,923,0030,1.00
S1900658,P014,922,0030,0.00
S1900658,P014,936,0030,4.40
E5600332,P001,911,0024,2.70
E5600332,P002,911,0024,3.30
E5600332,P003,911,0024,5.60
E5600056,P004,911,0030,3.20
E5600056,P006,911,0030,3.80
E5600056,P007,911,0030,3.80
E5600056,P008,911,0030,5.10
E5600056,P009,911,0030,9.70
E5600056,P016,911,0030,3.70
E5600056,P017,911,0030,2.00
E5600056,P018,911,0030,0.20
E5600056,P021,911,0030,2.60
E5600056,P022,911,0030,3.80
E5600056,P023,911,0030,1.30
E5600056,P024,911,0030,2.10
E5600056,P004,922,0030,0.00
E5600056,P004,923,0030,0.00
E5600056,P004,924,0030,0.00
E5600056,P004,936,0030,20.50
E5600056,P006,922,0030,118.00
E5600056,P006,923,0030,55.00
E5600056,P006,924,0030,0.00
E5600056,P006,936,0030,5.30
E5600056,P007,922,0030,117.00
E5600056,P007,923,0030,25.00
E5600056,P007,924,0030,5.00
E5600056,P007,936,0030,4.00
E5600056,P008,922,0030,87.00
E5600056,P008,923,0030,72.00
E5600056,P008,924,0030,0.00
E5600056,P008,936,0030,5.80
E5600056,P016,922,0030,0.00
E5600056,P016,923,0030,38.00
E5600056,P016,936,0030,16.10
E5600056,P017,922,0030,23.00
E5600056,P017,923,0030,26.00
E5600056,P017,924,0030,100.00
E5600056,P017,936,0030,4.20
E5600056,P018,922,0030,39.00
E5600056,P018,923,0030,21.00
E5600056,P018,936,0030,5.60
E5600056,P021,922,0030,59.00
E5600056,P021,923,0030,48.00
E5600056,P021,936,0030,4.90
E5600056,P024,922,0030,1.00
E5600056,P024,923,0030,29.00
E5600056,P024,924,0030,2.00
E5600056,P024,936,0030,6.60
E5600056,P034,923,0030,12.00
E5600056,P034,936,0030,2.00
E5600850,PC01,923,0015,0.50
E5600850,PC01,924,0015,0.60
E5600850,PC01,936,0015,20.90
E5600850,PC01,926,0015,0.00
S1901066,P004,922,0015,0.00
S1901066,P004,923,0015,0.00
S1901066,P004,924,0015,0.40
S1901066,P004,936,0015,21.70
S1901066,P004,937,0015,0.10
E5600850,PC01,911,0024,2.30
S1901066,P004,911,0024,7.60
E4900744,P001,911,0024,0.00
E4900744,P002,911,0024,0.00
E4900744,P023,911,0024,0.00
E4900744,P001,923,0015,0.00
E4900744,P023,923,0015,0.00
E4900744,P001,936,0015,0.00
E4900744,P023,936,0015,0.00
S1900710,P070,911,0030,6.00
S1900710,P070,923,0030,21.00
S1900710,P070,936,0030,8.80
S1900710,P070,922,0030,15.00
S1900710,P015,911,0030,0.00
S1900710,P050,911,0030,4.20
S1900710,P056,911,0030,3.20
S1900710,P060,911,0030,0.00
S1900710,P015,923,0030,0.00
S1900710,P015,936,0030,0.00
S1900710,P015,922,0030,0.00
S1900710,P050,923,0030,118.00
S1900710,P050,936,0030,6.00
S1900710,P050,922,0030,79.00
S1900710,P056,923,0030,42.00
S1900710,P056,936,0030,4.60
S1900710,P056,922,0030,1.00
S1900710,P060,923,0030,0.00
S1900710,P060,936,0030,0.00
S1900710,P060,922,0030,0.00
S1900685,P002,911,0024,12.80
S1900685,P421,911,0024,10.00
S1900685,P421,922,0015,18.00
S1900685,P421,923,0015,70.00
S1900685,P421,936,0015,6.60
S1900685,P411,911,0024,5.20
S1900685,P411,922,0015,34.00
S1900685,P411,923,0015,76.00
S1900685,P411,936,0015,12.50
S2202553,P001,911,0024,1.90
S2202553,P002,911,0024,1.40
S2202553,P003,911,0024,2.10
S2202553,P001,922,0015,0.00
S2202553,P002,922,0015,9.00
S2202553,P003,922,0015,8.00
S2202553,P001,923,0015,91.00
S2202553,P002,923,0015,90.00
S2202553,P003,923,0015,85.00
S2202553,P001,924,0015,2.00
S2202553,P002,924,0015,3.00
S2202553,P003,924,0015,3.00
S2202553,P001,926,0015,17.00
S2202553,P002,926,0015,21.00
S2202553,P003,926,0015,25.00
S2202553,P001,936,0015,11.70
S2202553,P002,936,0015,12.30
S2202553,P003,936,0015,10.90
S2300429,P701,922,0015,0.00
S2300429,P701,923,0015,0.00
S2300429,P701,936,0015,0.00
S2300429,PF01,922,0015,20.00
S2300429,PF01,923,0015,33.00
S2300429,PF01,936,0015,6.10
S2300429,P701,911,0024,7.80
S2300429,PF01,911,0024,4.40
S1602755,P101,911,0030,4.60
S1602755,P201,911,0030,4.80
S1602755,P301,911,0030,8.30
E5400878,P010,911,0018,2.50
E4900333,P001,911,0024,0.00
E4900333,P002,911,0024,0.00
E4900333,P003,911,0024,0.00
E4900333,P103,911,0024,0.00
E4900333,P021,911,0024,0.00
E4900333,P105,911,0024,0.00
E4900333,P001,922,0015,0.00
E4900333,P002,922,0015,0.00
E4900333,P003,922,0015,0.00
E4900333,P103,922,0015,0.00
E4900333,P021,922,0015,0.00
E4900333,P105,922,0015,0.00
E4900333,P001,923,0015,0.00
E4900333,P002,923,0015,0.00
E4900333,P003,923,0015,0.00
E4900333,P103,923,0015,0.00
E4900333,P021,923,0015,0.00
E4900333,P105,923,0015,0.00
E4900333,P001,936,0015,0.00
E4900333,P002,936,0015,0.00
E4900333,P003,936,0015,0.00
E4900333,P103,936,0015,0.00
E4900333,P021,936,0015,0.00
E4900333,P105,936,0015,0.00
S2300438,P001,911,0030,5.30
E5601197,P002,911,0030,3.30
E5601197,P003,911,0030,3.10
S2100223,P015,911,0030,11.80
S2201109,P711,923,0015,26.00
S2201109,P711,936,0015,6.90
S2201109,P711,922,0015,4.00
S2201109,P731,923,0015,52.00
S2201109,P731,936,0015,6.50
S2201109,P731,922,0015,13.00
S2201109,P741,923,0015,64.00
S2201109,P741,936,0015,6.60
S2201109,P741,922,0015,12.00
S2201109,P751,923,0015,64.00
S2201109,P751,936,0015,8.00
S2201109,P751,922,0015,19.00
E5600896,P004,911,0018,0.00
E5600896,P005,911,0018,0.00
E5600896,P007,911,0018,4.90
E5600896,P008,911,0018,5.00
S2201109,P711,911,0024,15.40
S2201109,P731,911,0024,16.70
S2201109,P741,911,0024,15.90
S2201109,P751,911,0024,17.20
E5600850,PC01,911,0030,2.30
E5600869,P001,911,0030,4.90
S1900658,P014,911,0036,1.20
E5600332,P001,911,0030,3.60
E5600332,P002,911,0030,3.30
E5600332,P003,911,0030,5.80
E5600056,P004,911,0036,3.20
E5600056,P006,911,0036,3.80
E5600056,P007,911,0036,3.80
E5600056,P008,911,0036,5.50
E5600056,P009,911,0036,9.70
E5600056,P016,911,0036,3.20
E5600056,P017,911,0036,2.20
E5600056,P018,911,0036,0.20
E5600056,P021,911,0036,2.60
E5600056,P022,911,0036,3.80
E5600056,P023,911,0036,1.30
E5600056,P024,911,0036,2.10
S1901066,P004,911,0030,7.60
E4900744,P001,911,0030,0.00
E4900744,P002,911,0030,0.00
E4900744,P023,911,0030,0.00
S1900710,P070,911,0036,6.00
S1900710,P015,911,0036,0.00
S1900710,P050,911,0036,4.20
S1900710,P056,911,0036,3.20
S1900710,P060,911,0036,0.00
S1900685,P002,911,0030,12.60
S1900685,P421,911,0030,10.00
S1900685,P411,911,0030,5.20
S2202553,P001,911,0030,1.80
S2202553,P002,911,0030,1.40
S2202553,P003,911,0030,2.10
S1602755,P101,911,0036,4.60
S1602755,P201,911,0036,4.80
S1602755,P301,911,0036,8.30
S2300438,P001,911,0036,5.30
E5601197,P002,911,0036,3.20
E5601197,P003,911,0036,3.00
S2100223,P015,911,0036,11.30
E5600896,P004,922,0015,0.00
E5600896,P004,923,0015,0.00
E5600896,P004,936,0015,0.00
E5600896,P005,922,0015,0.00
E5600896,P005,923,0015,0.00
E5600896,P005,936,0015,0.00
E5600896,P007,922,0015,0.00
E5600896,P007,923,0015,53.00
E5600896,P007,936,0015,7.70
E5600896,P008,922,0015,0.00
E5600896,P008,923,0015,46.00
E5600896,P008,936,0015,4.60
E5600896,P004,911,0024,0.00
E5600896,P005,911,0024,0.00
E5600896,P007,911,0024,4.80
E5600896,P008,911,0024,4.90
E4900333,P001,911,0030,0.00
E4900333,P002,911,0030,0.00
E4900333,P003,911,0030,0.00
E4900333,P103,911,0030,0.00
E4900333,P021,911,0030,0.00
E4900333,P105,911,0030,0.00
E5600850,PC01,911,0036,2.30
E5600869,P001,911,0036,4.90
S1900658,P014,911,0042,2.10
E5600332,P001,911,0036,2.80
E5600332,P002,911,0036,3.20
E5600332,P003,911,0036,5.60
E5600056,P004,911,0042,3.30
E5600056,P006,911,0042,3.80
E5600056,P007,911,0042,3.80
E5600056,P008,911,0042,5.50
E5600056,P009,911,0042,9.80
E5600056,P016,911,0042,3.80
E5600056,P017,911,0042,2.60
E5600056,P018,911,0042,0.20
E5600056,P021,911,0042,2.60
E5600056,P022,911,0042,3.60
E5600056,P023,911,0042,1.30
E5600056,P024,911,0042,2.10
S1602755,P101,922,0030,2.00
S1602755,P201,922,0030,2.00
S1602755,P301,922,0030,2.00
S1602755,P101,923,0030,54.00
S1602755,P201,923,0030,79.00
S1602755,P301,923,0030,87.00
S1602755,P101,924,0030,3.00
S1602755,P201,924,0030,2.00
S1602755,P301,924,0030,2.00
S1602755,P101,926,0030,2.00
S1602755,P201,926,0030,3.00
S1602755,P301,926,0030,3.00
S1602755,P101,936,0030,11.90
S1602755,P201,936,0030,11.50
S1602755,P301,936,0030,13.20
S1901066,P004,911,0036,7.60
E4900744,P001,911,0036,0.00
E4900744,P002,911,0036,0.00
E4900744,P023,911,0036,0.00
S1900710,P070,911,0042,6.10
S1900710,P015,911,0042,0.00
S1900710,P050,911,0042,4.10
S1900710,P056,911,0042,3.20
S1900710,P060,911,0042,0.00
S1900685,P002,911,0036,12.70
S1900685,P421,911,0036,10.10
S1900685,P411,911,0036,5.30
S2202553,P001,911,0036,1.80
S2202553,P002,911,0036,1.40
S2202553,P003,911,0036,2.10
S2100223,P015,922,0030,39.00
S2100223,P015,923,0030,75.00
S2100223,P015,936,0030,3.50
S1601990,P001,911,0042,4.60
S1601990,P004,911,0042,2.70
S1601990,P049,911,0042,2.10
S2300438,P001,922,0030,0.00
S2300438,P001,923,0030,38.00
S2300438,P001,936,0030,8.80
S2300429,P701,911,0036,7.60
S2300429,PF01,911,0036,4.40
E5600056,P004,922,0045,0.00
E5600056,P004,923,0045,0.00
E5600056,P004,924,0045,0.00
E5600056,P004,936,0045,20.50
E5600056,P006,922,0045,50.00
E5600056,P006,923,0045,56.00
E5600056,P006,924,0045,0.00
E5600056,P006,936,0045,5.10
E5600056,P007,922,0045,48.00
E5600056,P007,923,0045,22.00
E5600056,P007,924,0045,1.00
E5600056,P007,936,0045,4.40
E5600056,P008,922,0045,76.00
E5600056,P008,923,0045,67.00
E5600056,P008,924,0045,13.00
E5600056,P008,936,0045,5.50
E5600056,P016,922,0045,0.00
E5600056,P016,923,0045,38.00
E5600056,P016,936,0045,16.10
E5600056,P017,922,0045,29.00
E5600056,P017,923,0045,26.00
E5600056,P017,924,0045,93.00
E5600056,P017,936,0045,4.30
E5600056,P018,922,0045,60.00
E5600056,P018,923,0045,21.00
E5600056,P018,924,0045,0.00
E5600056,P018,936,0045,5.80
E5600056,P021,922,0045,74.00
E5600056,P021,923,0045,43.00
E5600056,P021,924,0045,0.00
E5600056,P021,936,0045,4.50
E5600056,P024,922,0045,1.00
E5600056,P024,923,0045,26.00
E5600056,P024,924,0045,2.00
E5600056,P024,936,0045,6.60
E5600056,P034,922,0045,0.00
E5600056,P034,923,0045,13.00
E5600056,P034,936,0045,2.10
E5600869,P001,922,0030,108.00
E5600869,P001,923,0030,124.00
E5600869,P001,936,0030,7.80
E5600850,PC01,923,0030,0.40
E5600850,PC01,924,0030,0.70
E5600850,PC01,936,0030,20.90
E5600850,PC01,926,0030,0.00
E4900333,P001,911,0036,0.00
E4900333,P002,911,0036,0.00
E4900333,P003,911,0036,0.00
E4900333,P103,911,0036,0.00
E4900333,P021,911,0036,0.00
E4900333,P105,911,0036,0.00
S1900710,P070,923,0045,20.00
S1900710,P070,936,0045,8.80
S1900710,P070,922,0045,15.00
S1900710,P015,923,0045,0.00
S1900710,P015,936,0045,0.00
S1900710,P015,922,0045,0.00
S1900710,P050,923,0045,118.00
S1900710,P050,936,0045,6.00
S1900710,P050,922,0045,79.00
S1900710,P056,923,0045,41.00
S1900710,P056,936,0045,4.60
S1900710,P056,922,0045,1.00
S1900710,P060,923,0045,0.00
S1900710,P060,936,0045,0.00
S1900710,P060,922,0045,0.00
S2001314,P004,923,0045,55.00
S2001314,P004,922,0045,10.00
S2001314,P004,936,0045,5.40
S1900658,P014,923,0045,1.00
S1900658,P014,922,0045,0.00
S1900658,P014,936,0045,4.30
S1602755,P101,911,0042,4.70
S1602755,P201,911,0042,4.80
S1602755,P301,911,0042,8.20
S2300429,P701,911,0030,7.70
S2300429,P701,922,0030,0.00
S2300429,P701,923,0030,0.00
S2300429,P701,936,0030,0.00
S2300429,PF01,911,0030,4.30
S2300429,PF01,922,0030,22.00
S2300429,PF01,923,0030,26.00
S2300429,PF01,936,0030,6.10
S2300438,P001,911,0042,5.30
E4900744,P001,923,0030,0.00
E4900744,P023,923,0030,0.00
E4900744,P001,936,0030,0.00
E4900744,P023,936,0030,0.00
S2202553,P001,922,0030,2.00
S2202553,P002,922,0030,17.00
S2202553,P003,922,0030,6.00
S2202553,P001,923,0030,80.00
S2202553,P002,923,0030,86.00
S2202553,P003,923,0030,88.00
S2202553,P001,924,0030,1.00
S2202553,P002,924,0030,4.00
S2202553,P003,924,0030,3.00
S2202553,P001,926,0030,17.00
S2202553,P002,926,0030,24.00
S2202553,P003,926,0030,24.00
S2202553,P001,936,0030,9.70
S2202553,P002,936,0030,11.90
S2202553,P003,936,0030,11.10
E5601197,P002,911,0042,3.30
E5601197,P003,911,0042,3.00
S2100223,P015,911,0042,11.30
S1901066,P004,922,0030,0.00
S1901066,P004,923,0030,0.00
S1901066,P004,924,0030,0.50
S1901066,P004,936,0030,21.70
S1901066,P004,937,0030,0.10
E5600896,P004,911,0030,0.00
E5600896,P005,911,0030,0.00
E5600896,P007,911,0030,4.80
E5600896,P008,911,0030,5.00
S2201109,P711,911,0036,15.40
S2201109,P731,911,0036,16.80
S2201109,P741,911,0036,15.90
S2201109,P751,911,0036,17.00
E5600850,PC01,911,0042,2.30
S1900685,P421,922,0030,15.00
S1900685,P421,923,0030,71.00
S1900685,P421,936,0030,6.80
S1900685,P411,922,0030,33.00
S1900685,P411,923,0030,76.00
S1900685,P411,936,0030,12.50
E5600869,P001,911,0042,4.90
S1900658,P014,911,0048,1.10
E5600332,P001,911,0042,3.50
E5600332,P002,911,0042,3.20
E5600332,P003,911,0042,6.20
S1901066,P004,911,0042,7.60
E4900333,P001,922,0030,0.00
E4900333,P002,922,0030,0.00
E4900333,P003,922,0030,0.00
E4900333,P103,922,0030,0.00
E4900333,P021,922,0030,0.00
E4900333,P105,922,0030,0.00
E4900333,P001,923,0030,0.00
E4900333,P002,923,0030,0.00
E4900333,P003,923,0030,0.00
E4900333,P103,923,0030,0.00
E4900333,P021,923,0030,0.00
E4900333,P105,923,0030,0.00
E4900333,P001,936,0030,0.00
E4900333,P002,936,0030,0.00
E4900333,P003,936,0030,0.00
E4900333,P103,936,0030,0.00
E4900333,P021,936,0030,0.00
E4900333,P105,936,0030,0.00
E4900744,P001,911,0042,0.00
E4900744,P002,911,0042,0.00
E4900744,P023,911,0042,0.00
E5600056,P004,911,0048,3.30
E5600056,P006,911,0048,3.90
E5600056,P007,911,0048,3.70
E5600056,P008,911,0048,5.50
E5600056,P009,911,0048,8.80
E5600056,P016,911,0048,3.30
E5600056,P017,911,0048,2.70
E5600056,P018,911,0048,0.20
E5600056,P021,911,0048,2.60
E5600056,P022,911,0048,3.80
E5600056,P023,911,0048,1.30
E5600056,P024,911,0048,2.20
S1900710,P070,911,0048,6.00
S1900710,P015,911,0048,0.00
S1900710,P050,911,0048,4.10
S1900710,P056,911,0048,3.20
S1900710,P060,911,0048,0.00
S1900685,P002,911,0042,12.60
S1900685,P421,911,0042,11.00
S1900685,P411,911,0042,5.20
S2201109,P711,911,0030,15.40
S2201109,P731,911,0030,16.90
S2201109,P741,911,0030,15.90
S2201109,P751,911,0030,17.00
S2201109,P711,923,0030,29.00
S2201109,P711,936,0030,7.00
S2201109,P711,922,0030,3.00
S2201109,P731,923,0030,51.00
S2201109,P731,936,0030,6.50
S2201109,P731,922,0030,14.00
S2201109,P741,923,0030,65.00
S2201109,P741,936,0030,6.60
S2201109,P741,922,0030,10.00
S2201109,P751,923,0030,43.00
S2201109,P751,936,0030,8.00
S2201109,P751,922,0030,19.00
S2300429,P701,911,0042,7.70
S2300429,PF01,911,0042,4.30
S2202553,P001,911,0042,1.80
S2202553,P002,911,0042,1.40
S2202553,P003,911,0042,2.10
E4900333,P001,911,0042,0.00
E4900333,P002,911,0042,0.00
E4900333,P003,911,0042,0.00
E4900333,P103,911,0042,0.00
E4900333,P021,911,0042,0.00
E4900333,P105,911,0042,0.00
S1602755,P101,911,0048,4.70
S1602755,P201,911,0048,4.80
S1602755,P301,911,0048,8.20
E5400878,P010,911,0036,2.50
S2201109,P711,911,0042,15.40
S2201109,P731,911,0042,16.70
S2201109,P741,911,0042,15.80
S2201109,P751,911,0042,17.00
S2300438,P001,911,0048,5.30
E5601197,P002,911,0048,3.40
E5601197,P003,911,0048,3.00
S2100223,P015,911,0048,11.40
E5600896,P004,911,0036,0.00
E5600896,P005,911,0036,0.00
E5600896,P007,911,0036,4.70
E5600896,P008,911,0036,4.90
E5600850,PC01,911,0048,2.30
E5600869,P001,911,0048,4.90
S1900658,P014,911,0054,1.20
E5600332,P001,911,0048,3.00
E5600332,P002,911,0048,3.10
E5600332,P003,911,0048,6.10
S1901066,P004,911,0048,7.60
E4900744,P001,911,0048,0.00
E4900744,P002,911,0048,0.00
E4900744,P023,911,0048,0.00
E5600056,P004,911,0054,3.30
E5600056,P006,911,0054,3.90
E5600056,P007,911,0054,3.70
E5600056,P008,911,0054,5.50
E5600056,P009,911,0054,9.10
E5600056,P016,911,0054,3.30
E5600056,P017,911,0054,2.70
E5600056,P018,911,0054,0.20
E5600056,P021,911,0054,2.60
E5600056,P022,911,0054,4.00
E5600056,P023,911,0054,1.30
E5600056,P024,911,0054,2.10
S1900710,P070,911,0054,6.00
S1900710,P015,911,0054,0.00
S1900710,P050,911,0054,4.20
S1900710,P056,911,0054,3.20
S1900710,P060,911,0054,0.00
S1900685,P002,911,0048,12.60
S1900685,P421,911,0048,10.10
S1900685,P411,911,0048,5.30
E5600896,P004,922,0030,0.00
E5600896,P004,923,0030,0.00
E5600896,P004,936,0030,0.00
E5600896,P005,922,0030,0.00
E5600896,P005,923,0030,0.00
E5600896,P005,936,0030,0.00
E5600896,P007,922,0030,0.00
E5600896,P007,923,0030,51.00
E5600896,P007,936,0030,7.90
E5600896,P008,922,0030,0.00
E5600896,P008,923,0030,47.00
E5600896,P008,936,0030,5.00
S2300429,P701,911,0048,7.60
S2300429,PF01,911,0048,4.90
S2202553,P001,911,0048,1.90
S2202553,P002,911,0048,1.40
S2202553,P003,911,0048,2.10
E4900333,P001,911,0048,0.00
E4900333,P002,911,0048,0.00
E4900333,P003,911,0048,0.00
E4900333,P103,911,0048,0.00
E4900333,P021,911,0048,0.00
E4900333,P105,911,0048,0.00
S1602755,P101,911,0054,4.70
S1602755,P201,911,0054,4.80
S1602755,P301,911,0054,8.30
S1602755,P101,922,0045,2.00
S1602755,P201,922,0045,2.00
S1602755,P301,922,0045,3.00
S1602755,P101,923,0045,73.00
S1602755,P201,923,0045,80.00
S1602755,P301,923,0045,73.00
S1602755,P101,924,0045,3.00
S1602755,P201,924,0045,2.00
S1602755,P301,924,0045,4.00
S1602755,P101,926,0045,2.00
S1602755,P201,926,0045,3.00
S1602755,P301,926,0045,3.00
S1602755,P101,936,0045,11.90
S1602755,P201,936,0045,11.30
S1602755,P301,936,0045,14.00
S1602755,P101,222,0000,2.00
S1602755,P201,222,0000,2.00
S1602755,P301,222,0000,2.00
S1602755,P101,223,0000,74.00
S1602755,P201,223,0000,78.00
S1602755,P301,223,0000,68.00
S1602755,P101,224,0000,3.00
S1602755,P201,224,0000,2.00
S1602755,P301,224,0000,3.00
S1602755,P101,226,0000,2.00
S1602755,P201,226,0000,4.00
S1602755,P301,226,0000,3.00
S1602755,P101,236,0000,11.80
S1602755,P201,236,0000,12.10
S1602755,P301,236,0000,13.20
S1602755,P101,248,0000,83351.00
S1602755,P201,248,0000,71734.00
S1602755,P301,248,0000,72802.00
S1602755,P101,259,0000,131.00
S1602755,P201,259,0000,116.00
S1602755,P301,259,0000,131.00
S2300438,P001,922,0045,0.00
S2300438,P001,923,0045,37.00
S2300438,P001,936,0045,8.60
S2201109,P711,911,0048,15.40
S2201109,P731,911,0048,16.90
S2201109,P741,911,0048,15.80
S2201109,P751,911,0048,17.10
S2300438,P001,911,0054,5.40
E5601197,P002,911,0054,3.50
E5601197,P003,911,0054,3.20
S2100223,P015,911,0054,11.40
S2100223,P015,922,0045,57.00
S2100223,P015,923,0045,71.00
S2100223,P015,936,0045,3.50
S2100223,P015,222,0000,43.00
S2100223,P015,223,0000,74.00
S2100223,P015,236,0000,3.50
S2100223,P015,248,0000,242660.00
S2100223,P015,259,0000,151.00
E5600850,PC01,923,0045,0.30
E5600850,PC01,924,0045,0.60
E5600850,PC01,936,0045,20.90
E5600850,PC01,926,0045,0.00
E5600896,P004,911,0042,0.00
E5600896,P005,911,0042,0.00
E5600896,P007,911,0042,4.80
E5600896,P008,911,0042,4.90
E5600850,PC01,911,0054,2.40
E5600869,P001,911,0054,4.90
E5600869,P001,922,0045,106.00
E5600869,P001,923,0045,124.00
E5600869,P001,936,0045,7.80
E5600869,P001,222,0000,108.00
E5600869,P001,223,0000,124.00
E5600869,P001,236,0000,7.80
E5600869,P001,248,0000,57162.00
E5600869,P001,259,0000,100.00
S1900658,P014,911,0100,1.10
S1900658,P014,923,0100,1.00
S1900658,P014,922,0100,0.00
S1900658,P014,936,0100,4.20
S1900658,P014,248,0000,87555.00
S1900658,P014,259,0000,94.00
S1900658,P014,223,0000,1.00
S1900658,P014,222,0000,0.00
S1900658,P014,236,0000,4.20
E5600332,P001,911,0054,3.50
E5600332,P002,911,0054,3.20
E5600332,P003,911,0054,6.60
S2202553,P001,911,0054,1.80
S2202553,P002,911,0054,1.40
S2202553,P003,911,0054,2.10
S2202553,P001,922,0045,1.00
S2202553,P002,922,0045,25.00
S2202553,P003,922,0045,5.00
S2202553,P001,923,0045,90.00
S2202553,P002,923,0045,81.00
S2202553,P003,923,0045,97.00
S2202553,P001,924,0045,2.00
S2202553,P002,924,0045,4.00
S2202553,P003,924,0045,2.00
S2202553,P001,926,0045,18.00
S2202553,P002,926,0045,21.00
S2202553,P003,926,0045,19.00
S2202553,P001,936,0045,10.80
S2202553,P002,936,0045,11.70
S2202553,P003,936,0045,11.60
S2202553,P001,222,0000,1.00
S2202553,P002,222,0000,14.00
S2202553,P003,222,0000,6.00
S2202553,P001,223,0000,86.00
S2202553,P002,223,0000,87.00
S2202553,P003,223,0000,89.00
S2202553,P001,224,0000,2.00
S2202553,P002,224,0000,4.00
S2202553,P003,224,0000,3.00
S2202553,P001,226,0000,17.00
S2202553,P002,226,0000,22.00
S2202553,P003,226,0000,22.00
S2202553,P001,236,0000,10.50
S2202553,P002,236,0000,12.20
S2202553,P003,236,0000,11.10
S2202553,P001,248,0000,107131.00
S2202553,P002,248,0000,104732.00
S2202553,P003,248,0000,104587.00
S2202553,P001,259,0000,148.00
S2202553,P002,259,0000,148.00
S2202553,P003,259,0000,153.00
S1901066,P004,922,0045,0.00
S1901066,P004,923,0045,0.00
S1901066,P004,924,0045,0.40
S1901066,P004,936,0045,21.70
S1901066,P004,937,0045,0.10
S1901066,P004,911,0054,7.60
E4900744,P001,911,0054,0.00
E4900744,P002,911,0054,0.00
E4900744,P023,911,0054,0.00
E4900744,P001,923,0045,0.00
E4900744,P023,923,0045,0.00
E4900744,P001,936,0045,0.00
E4900744,P023,936,0045,0.00
E4900744,P001,223,0000,0.00
E4900744,P023,223,0000,0.00
E4900744,P001,236,0000,0.00
E4900744,P023,236,0000,0.00
E4900744,P001,248,0000,0.00
E4900744,P023,248,0000,0.00
E4900744,P001,259,0000,0.00
E4900744,P023,259,0000,0.00
E5600056,P004,911,0100,3.20
E5600056,P006,911,0100,3.90
E5600056,P007,911,0100,3.70
E5600056,P008,911,0100,5.00
E5600056,P009,911,0100,9.40
E5600056,P016,911,0100,3.30
E5600056,P017,911,0100,2.60
E5600056,P018,911,0100,0.20
E5600056,P021,911,0100,2.60
E5600056,P022,911,0100,3.80
E5600056,P023,911,0100,1.30
E5600056,P024,911,0100,2.10
E5600056,P004,922,0100,0.00
E5600056,P004,923,0100,0.00
E5600056,P004,924,0100,0.00
E5600056,P004,936,0100,20.50
E5600056,P006,922,0100,13.00
E5600056,P006,923,0100,57.00
E5600056,P006,924,0100,0.00
E5600056,P006,936,0100,5.90
E5600056,P007,922,0100,16.00
E5600056,P007,923,0100,22.00
E5600056,P007,924,0100,1.00
E5600056,P007,936,0100,4.60
E5600056,P008,922,0100,26.00
E5600056,P008,923,0100,66.00
E5600056,P008,924,0100,3.00
E5600056,P008,936,0100,5.70
E5600056,P016,922,0100,0.00
E5600056,P016,923,0100,37.00
E5600056,P016,936,0100,16.20
E5600056,P017,922,0100,12.00
E5600056,P017,923,0100,27.00
E5600056,P017,924,0100,28.00
E5600056,P017,936,0100,4.40
E5600056,P018,922,0100,22.00
E5600056,P018,923,0100,22.00
E5600056,P018,936,0100,5.90
E5600056,P021,922,0100,15.00
E5600056,P021,923,0100,46.00
E5600056,P021,936,0100,4.20
E5600056,P024,922,0100,2.00
E5600056,P024,923,0100,27.00
E5600056,P024,924,0100,2.00
E5600056,P024,936,0100,6.70
E5600056,P034,923,0100,12.00
E5600056,P034,936,0100,2.00
E5600056,P004,222,0100,0.00
E5600056,P004,223,0100,0.00
E5600056,P004,224,0100,0.00
E5600056,P004,236,0100,20.50
E5600056,P004,248,0100,0.00
E5600056,P004,259,0100,34.00
E5600056,P006,222,0100,58.00
E5600056,P006,223,0100,55.00
E5600056,P006,224,0100,0.00
E5600056,P006,236,0100,5.70
S1900710,P070,911,0100,6.10
S1900710,P070,923,0100,20.00
S1900710,P070,936,0100,8.80
S1900710,P070,922,0100,15.00
S1900710,P070,248,0100,169056.00
S1900710,P070,223,0100,20.00
S1900710,P070,236,0100,8.80
S1900710,P070,222,0100,15.00
S1900710,P070,259,0100,78.00
S1900710,P015,911,0100,0.00
S1900710,P050,911,0100,4.20
S1900710,P056,911,0100,3.20
S1900710,P060,911,0100,0.00
S1900710,P015,923,0100,0.00
S1900710,P015,936,0100,0.00
S1900710,P015,922,0100,0.00
S1900710,P050,923,0100,118.00
S1900710,P050,936,0100,6.00
S1900710,P050,922,0100,79.00
S1900710,P056,923,0100,40.00
S1900710,P056,936,0100,4.50
S1900710,P056,922,0100,1.00
S1900710,P060,923,0100,0.00
S1900710,P060,936,0100,0.00
S1900710,P060,922,0100,0.00
S1900710,P015,248,0100,0.00
S1900710,P015,223,0100,0.00
S1900710,P015,236,0100,0.00
S1900710,P015,222,0100,0.00
S1900710,P015,259,0100,0.00
S1900710,P050,248,0100,67680.00
S1900710,P050,223,0100,118.00
S1900710,P050,236,0100,6.00
S1900710,P050,222,0100,79.00
S1900710,P050,259,0100,140.00
S1900710,P056,248,0100,122976.00
S1900710,P056,223,0100,42.00
S1900710,P056,236,0100,4.60
S1900710,P056,222,0100,1.00
S1900710,P056,259,0100,120.00
S1900710,P060,248,0100,0.00
S1900710,P060,223,0100,0.00
S1900710,P060,236,0100,0.00
S1900710,P060,222,0100,0.00
S1900710,P060,259,0100,0.00
S1900685,P002,911,0054,12.60
S1900685,P421,911,0054,10.00
S1900685,P421,922,0045,13.00
S1900685,P421,923,0045,70.00
S1900685,P421,936,0045,6.70
S1900685,P421,222,0000,15.00
S1900685,P421,223,0000,70.00
S1900685,P421,236,0000,6.70
S1900685,P421,248,0000,269499.00
S1900685,P421,259,0000,51.00
S1900685,P411,911,0054,5.20
S1900685,P411,222,0000,33.00
S1900685,P411,922,0045,32.00
S1900685,P411,223,0000,76.00
S1900685,P411,923,0045,76.00
S1900685,P411,236,0000,12.40
S1900685,P411,936,0045,12.40
S1900685,P411,248,0000,21610.00
S1900685,P411,259,0000,137.00
S2300429,P701,922,0045,0.00
S2300429,P701,923,0045,0.00
S2300429,P701,936,0045,0.00
S2300429,PF01,922,0045,22.00
S2300429,PF01,923,0045,27.00
S2300429,PF01,936,0045,6.20
S2300429,P701,911,0054,7.60
S2300429,PF01,911,0054,4.50
E4900333,P001,911,0054,0.00
E4900333,P002,911,0054,0.00
E4900333,P003,911,0054,0.00
E4900333,P103,911,0054,0.00
E4900333,P021,911,0054,0.00
E4900333,P105,911,0054,0.00
E4900333,P001,922,0045,0.00
E4900333,P002,922,0045,0.00
E4900333,P003,922,0045,0.00
E4900333,P103,922,0045,0.00
E4900333,P021,922,0045,0.00
E4900333,P105,922,0045,0.00
E4900333,P001,923,0045,0.00
E4900333,P002,923,0045,0.00
E4900333,P003,923,0045,0.00
E4900333,P103,923,0045,0.00
E4900333,P021,923,0045,0.00
E4900333,P105,923,0045,0.00
E4900333,P001,936,0045,0.00
E4900333,P002,936,0045,0.00
E4900333,P003,936,0045,0.00
E4900333,P103,936,0045,0.00
E4900333,P021,936,0045,0.00
E4900333,P105,936,0045,0.00
E4900333,P001,259,0000,0.00
E4900333,P002,259,0000,0.00
E4900333,P003,259,0000,0.00
E4900333,P103,259,0000,0.00
E4900333,P021,259,0000,0.00
E4900333,P105,259,0000,0.00
E4900333,P001,222,0000,0.00
E4900333,P002,222,0000,0.00
E4900333,P003,222,0000,0.00
E4900333,P103,222,0000,0.00
E4900333,P021,222,0000,0.00
E4900333,P105,222,0000,0.00
E4900333,P001,223,0000,0.00
E4900333,P002,223,0000,0.00
E4900333,P003,223,0000,0.00
E4900333,P103,223,0000,0.00
E4900333,P021,223,0000,0.00
E4900333,P105,223,0000,0.00
E4900333,P001,236,0000,0.00
E4900333,P002,236,0000,0.00
E4900333,P003,236,0000,0.00
E4900333,P103,236,0000,0.00
E4900333,P021,236,0000,0.00
E4900333,P105,236,0000,0.00
E4900333,P001,248,0000,0.00
E4900333,P002,248,0000,0.00
E4900333,P003,248,0000,0.00
E4900333,P103,248,0000,0.00
E4900333,P021,248,0000,0.00
E4900333,P105,248,0000,0.00
S1602755,P101,911,0100,4.70
S1602755,P201,911,0100,4.80
S1602755,P301,911,0100,8.20
S2201109,P711,923,0045,25.00
S2201109,P711,936,0045,7.00
S2201109,P711,922,0045,3.00
S2201109,P731,923,0045,49.00
S2201109,P731,936,0045,6.40
S2201109,P731,922,0045,15.00
S2201109,P741,923,0045,65.00
S2201109,P741,936,0045,6.60
S2201109,P741,922,0045,10.00
S2201109,P751,923,0045,62.00
S2201109,P751,936,0045,8.00
S2201109,P751,922,0045,17.00
S2201109,P711,911,0054,15.40
S2201109,P731,911,0054,16.70
S2201109,P741,911,0054,15.80
S2201109,P751,911,0054,17.10
E5600332,P001,911,0100,3.50
E5600332,P002,911,0100,3.20
E5600332,P003,911,0100,6.00
S2300438,P001,911,0100,5.30
E5601197,P002,911,0100,3.50
E5601197,P003,911,0100,3.20
S2100223,P015,911,0100,11.60
E5600896,P004,911,0048,0.00
E5600896,P005,911,0048,0.00
E5600896,P007,911,0048,4.80
E5600896,P008,911,0048,4.90
E5600850,PC01,911,0100,2.30
E5600869,P001,911,0100,4.90
S1900658,P014,911,0106,2.20
S2202553,P001,911,0100,1.80
S2202553,P002,911,0100,1.40
S2202553,P003,911,0100,2.10
S1901066,P004,911,0100,7.50
E4900744,P001,911,0100,0.00
E4900744,P002,911,0100,0.00
E4900744,P023,911,0100,0.00
E5600056,P004,911,0106,3.10
E5600056,P006,911,0106,3.90
E5600056,P007,911,0106,3.70
E5600056,P008,911,0106,5.60
E5600056,P009,911,0106,9.40
E5600056,P016,911,0106,3.40
E5600056,P017,911,0106,2.60
E5600056,P018,911,0106,0.20
E5600056,P021,911,0106,2.60
E5600056,P022,911,0106,3.90
E5600056,P023,911,0106,1.30
E5600056,P024,911,0106,2.20
S1900710,P070,911,0106,6.00
S1900710,P015,911,0106,0.00
S1900710,P050,911,0106,4.20
S1900710,P056,911,0106,3.20
S1900710,P060,911,0106,0.00
S1900685,P002,911,0100,13.00
S1900685,P421,911,0100,10.10
S1900685,P411,911,0100,5.40
E4900333,P001,911,0100,0.00
E4900333,P002,911,0100,0.00
E4900333,P003,911,0100,0.00
E4900333,P103,911,0100,0.00
E4900333,P021,911,0100,0.00
E4900333,P105,911,0100,0.00
S1602755,P101,911,0106,4.70
S1602755,P201,911,0106,4.80
S1602755,P301,911,0106,8.40
E5400878,P001,223,0000,28.00
E5400878,P001,236,0000,15.60
E5400878,P001,248,0000,1529892.00
E5400878,P001,259,0000,115.00
E5400878,P002,223,0000,25.00
E5400878,P002,236,0000,15.50
E5400878,P002,248,0000,1598619.00
E5400878,P002,259,0000,116.00
E5400878,P003,223,0000,26.00
E5400878,P003,236,0000,15.80
E5400878,P003,248,0000,731116.00
E5400878,P003,259,0000,113.00
E5400878,P010,223,0000,18.00
E5400878,P010,236,0000,13.70
E5400878,P010,248,0000,1423045.00
E5400878,P010,259,0000,98.00
E5400878,P001,923,0045,28.00
E5400878,P001,936,0045,15.60
E5400878,P002,923,0045,25.00
E5400878,P002,936,0045,15.40
E5400878,P003,923,0045,26.00
E5400878,P003,936,0045,15.80
E5400878,P010,923,0045,18.00
E5400878,P010,936,0045,13.70
E5400878,P010,911,0054,2.60
S2300438,P001,911,0106,5.30
E5601197,P002,911,0106,3.40
E5601197,P003,911,0106,3.00
S2100223,P015,911,0106,11.40
E5600896,P004,222,0000,0.00
E5600896,P004,223,0000,0.00
E5600896,P004,236,0000,0.00
E5600896,P004,248,0000,0.00
E5600896,P004,259,0000,0.00
E5600896,P005,222,0000,0.00
E5600896,P005,223,0000,0.00
E5600896,P005,236,0000,0.00
E5600896,P005,248,0000,0.00
E5600896,P005,259,0000,0.00
E5600896,P007,222,0000,0.00
E5600896,P007,223,0000,55.00
E5600896,P007,236,0000,7.60
E5600896,P007,248,0000,940298.00
E5600896,P007,259,0000,116.00
E5600896,P008,222,0000,0.00
E5600896,P008,223,0000,46.00
E5600896,P008,236,0000,4.80
E5600896,P008,248,0000,1200010.00
E5600896,P008,259,0000,105.00
E5600896,P004,922,0045,0.00
E5600896,P004,923,0045,0.00
E5600896,P004,936,0045,0.00
E5600896,P005,922,0045,0.00
E5600896,P005,923,0045,0.00
E5600896,P005,936,0045,0.00
E5600896,P007,922,0045,0.00
E5600896,P007,923,0045,40.00
E5600896,P007,936,0045,7.90
E5600896,P008,922,0045,0.00
E5600896,P008,923,0045,46.00
E5600896,P008,936,0045,5.00
E5600896,P004,911,0054,0.00
E5600896,P005,911,0054,0.00
E5600896,P007,911,0054,4.70
E5600896,P008,911,0054,4.90
E5600332,P001,911,0106,2.80
E5600332,P002,911,0106,3.20
E5600332,P003,911,0106,5.90
E5600869,P001,911,0106,5.00
S1900658,P014,911,0112,1.70
E5600850,PC01,911,0106,2.40
S2202553,P001,911,0106,1.70
S2202553,P002,911,0106,1.40
S2202553,P003,911,0106,2.20
S1602755,P101,922,0100,2.00
S1602755,P201,922,0100,2.00
S1602755,P301,922,0100,2.00
S1602755,P101,923,0100,79.00
S1602755,P201,923,0100,77.00
S1602755,P301,923,0100,68.00
S1602755,P101,924,0100,2.00
S1602755,P201,924,0100,2.00
S1602755,P301,924,0100,2.00
S1602755,P101,926,0100,2.00
S1602755,P201,926,0100,4.00
S1602755,P301,926,0100,4.00
S1602755,P101,936,0100,11.20
S1602755,P201,936,0100,12.80
S1602755,P301,936,0100,13.00
