2017-05-04,1493827200,,,
E5600056,P004,911,0000,2
E5600056,P006,911,0000,0
E5600056,P007,911,0000,4
E5600056,P008,911,0000,5
E5600056,P009,911,0000,0
E5600056,P016,911,0000,3
E5600056,P017,911,0000,5
E5600056,P018,911,0000,5
E5600056,P021,911,0000,3
E5600056,P022,911,0000,4
E5600056,P023,911,0000,-12
E5600056,P024,911,0000,3
E5600056,P004,922,0000,10
E5600056,P004,923,0000,38
E5600056,P004,924,0000,4
E5600056,P004,936,0000,7
E5600056,P006,922,0000,0
E5600056,P006,923,0000,0
E5600056,P006,924,0000,0
E5600056,P006,936,0000,0
E5600056,P007,922,0000,0
E5600056,P007,923,0000,19
E5600056,P007,924,0000,13
E5600056,P007,936,0000,4
E5600056,P008,922,0000,3
E5600056,P008,923,0000,58
E5600056,P008,924,0000,4
E5600056,P008,936,0000,5
E5600056,P016,922,0000,0
E5600056,P016,923,0000,16
E5600056,P016,936,0000,11
E5600056,P017,922,0000,0
E5600056,P017,923,0000,25
E5600056,P017,924,0000,30
E5600056,P017,936,0000,6
E5600056,P018,922,0000,0
E5600056,P018,923,0000,16
E5600056,P018,936,0000,3
E5600056,P021,922,0000,0
E5600056,P021,923,0000,41
E5600056,P021,936,0000,4
E5600056,P024,922,0000,5
E5600056,P024,923,0000,29
E5600056,P024,924,0000,2
E5600056,P024,936,0000,5
E5600056,P034,923,0000,29
E5600056,P034,936,0000,1
E5600056,P004,222,0000,10
E5600056,P004,223,0000,37
E5600056,P004,224,0000,4
E5600056,P004,236,0000,7
E5600056,P004,248,0000,75722
E5600056,P004,259,0000,116
E5600056,P006,222,0000,0
E5600056,P006,223,0000,0
E5600056,P006,224,0000,0
E5600056,P006,236,0000,0
E5600056,P006,259,0000,0
E5600056,P007,222,0000,0
E5600056,P007,223,0000,20
E5600056,P007,224,0000,8
E5600056,P007,236,0000,4
E5600056,P007,248,0000,63253
E5600056,P007,259,0000,138
E5600056,P008,222,0000,3
E5600056,P008,223,0000,54
E5600056,P008,224,0000,5
E5600056,P008,236,0000,5
E5600056,P008,248,0000,86697
E5600056,P008,259,0000,197
E5600056,P016,222,0000,1
E5600056,P016,223,0000,15
E5600056,P016,236,0000,11
E5600056,P017,222,0000,1
E5600056,P017,223,0000,25
E5600056,P017,224,0000,22
E5600056,P017,236,0000,6
E5600056,P017,248,0000,337258
E5600056,P017,259,0000,256
E5600056,P018,222,0000,0
E5600056,P018,223,0000,17
E5600056,P018,224,0000,299
E5600056,P018,236,0000,3
E5600056,P018,248,0000,282009
E5600056,P018,259,0000,229
E5600056,P021,222,0000,0
E5600056,P021,223,0000,42
E5600056,P021,224,0000,0
E5600056,P021,236,0000,4
E5600056,P021,248,0000,74344
E5600056,P021,259,0000,138
E5600056,P024,222,0000,5
E5600056,P024,223,0000,29
E5600056,P024,224,0000,2
E5600056,P024,236,0000,5
E5600056,P024,248,0000,197747
E5600056,P024,259,0000,118
E5600056,P034,223,0000,30
E5600056,P034,236,0000,1
E5600056,P034,248,0000,666514
E5600056,P034,259,0000,61
S2300438,P001,911,0000,4
S1900658,P014,911,0000,1
S1900658,P014,923,0000,15
S1900658,P014,922,0000,8
S1900658,P014,936,0000,3
E2000554,P003,911,0000,9
E2000554,P003,923,0000,35
E2000554,P003,922,0000,11
E2000554,P003,936,0000,6
E5601197,P002,911,0000,3
E5601197,P003,911,0000,3
E5600850,PC01,911,0000,0
S1901066,P004,911,0000,7
E4900744,P001,911,0000,0
E4900744,P002,911,0000,0
E4900744,P023,911,0000,0
E5602998,P001,911,0000,1
E5602998,P002,911,0000,3
E5602998,P003,911,0000,2
E5602998,P004,911,0000,5
E5600869,P001,911,0000,4
S1900710,P070,911,0000,6
S1900710,P070,923,0000,19
S1900710,P070,936,0000,7
S1900710,P070,922,0000,7
S1900710,P070,248,0000,200304
S1900710,P070,223,0000,21
S1900710,P070,236,0000,7
S1900710,P070,222,0000,7
S1900710,P070,259,0000,73
S1900710,P056,911,0000,3
S1900710,P056,923,0000,39
S1900710,P056,936,0000,5
S1900710,P056,922,0000,20
S1900710,P015,248,0000,0
S1900710,P015,223,0000,0
S1900710,P056,248,0000,134460
S1900710,P056,223,0000,34
S1900710,P056,236,0000,5
S1900710,P056,222,0000,19
S1900710,P056,259,0000,120
S1900710,P015,911,0000,0
S1900710,P015,923,0000,0
S1900710,P015,936,0000,0
S1900710,P015,922,0000,0
S1900710,P015,236,0000,0
S1900710,P015,222,0000,0
S1900710,P015,259,0000,0
S1900710,P050,911,0000,4
S1900710,P060,911,0000,3
S1900710,P050,923,0000,87
S1900710,P050,936,0000,6
S1900710,P050,922,0000,40
S1900710,P060,923,0000,28
S1900710,P060,936,0000,7
S1900710,P060,922,0000,15
S1900710,P050,248,0000,54720
S1900710,P050,223,0000,85
S1900710,P050,236,0000,6
S1900710,P050,222,0000,40
S1900710,P050,259,0000,125
S1900710,P060,248,0000,158328
S1900710,P060,223,0000,29
S1900710,P060,236,0000,6
S1900710,P060,222,0000,14
S1900710,P060,259,0000,99
E5002890,P001,911,0000,5
E5002890,P002,911,0000,5
E5002890,P003,911,0000,6
S2202553,P001,911,0000,1
S2202553,P002,911,0000,1
S2202553,P003,911,0000,2
E5600841,P001,911,0000,0
E5600841,P002,911,0000,5
E5600841,P003,911,0000,6
E5600841,P004,911,0000,5
E5600841,P005,911,0000,8
E5600841,P006,911,0000,10
E5600841,P007,911,0000,10
E5600841,P008,911,0000,12
E5600841,P009,911,0000,6
E5600841,P010,911,0000,6
E5600841,PC23,911,0000,11
E5600841,PC83,911,0000,0
E5600841,PPB1,911,0000,7
E5600841,PPC1,911,0000,6
E5600841,PR54,911,0000,2
E5600841,PR61,911,0000,3
E5600841,PR62,911,0000,6
E5600841,PS11,911,0000,8
E5600841,PS12,911,0000,6
E5600841,PS31,911,0000,12
E5600841,PS32,911,0000,5
E5600841,PS51,911,0000,8
E5600841,PS52,911,0000,11
E5600841,PS71,911,0000,12
E5600841,PS72,911,0000,12
S1602755,P101,911,0000,0
S1602755,P201,911,0000,0
S1602755,P301,911,0000,0
S1900569,P002,911,0000,0
S1900569,P012,911,0000,11
S1900685,P002,911,0000,12
S1900685,P421,911,0000,8
S1900685,P411,911,0000,4
S2100223,P015,922,0000,21
S2100223,P015,923,0000,77
S2100223,P015,936,0000,6
S2300438,P001,922,0000,0
S2300438,P001,923,0000,35
S2300438,P001,936,0000,9
E5600850,PC01,923,0000,0
E5600850,PC01,924,0000,0
E5600850,PC01,936,0000,0
E5600850,PC01,926,0000,0
S2300429,P701,911,0000,0
S2300429,P701,922,0000,0
S2300429,P701,923,0000,0
S2300429,P701,936,0000,0
S2300429,PF01,911,0000,12
S2300429,PF01,922,0000,20
S2300429,PF01,923,0000,30
S2300429,PF01,936,0000,5
E5600896,P004,911,0000,0
E5600896,P005,911,0000,0
S1601990,P001,911,0000,6
S1601990,P004,911,0000,5
S1601990,P049,911,0000,3
E4900744,P001,923,0000,0
E4900744,P023,923,0000,0
E4900744,P001,936,0000,0
E4900744,P023,936,0000,0
E5600869,P001,922,0000,94
E5600869,P001,923,0000,119
E5600869,P001,936,0000,8
S1901066,P004,922,0000,179
S1901066,P004,923,0000,190
S1901066,P004,924,0000,0
S1901066,P004,936,0000,6
S1901066,P004,937,0000,10
E5002890,P001,922,0000,2
E5002890,P002,922,0000,1
E5002890,P003,922,0000,2
E5002890,P001,923,0000,66
E5002890,P002,923,0000,111
E5002890,P003,923,0000,59
E5002890,P001,924,0000,2
E5002890,P002,924,0000,1
E5002890,P003,924,0000,3
E5002890,P001,926,0000,5
E5002890,P002,926,0000,15
E5002890,P003,926,0000,6
E5002890,P001,936,0000,12
E5002890,P002,936,0000,10
E5002890,P003,936,0000,12
E5602998,P001,922,0000,1
E5602998,P001,923,0000,112
E5602998,P001,924,0000,4
E5602998,P001,926,0000,9
E5602998,P001,937,0000,8
E5602998,P001,936,0000,9
E5602998,P002,922,0000,0
E5602998,P002,923,0000,109
E5602998,P002,924,0000,51
E5602998,P002,926,0000,4
E5602998,P002,937,0000,4
E5602998,P002,936,0000,14
E5602998,P003,922,0000,1
E5602998,P003,923,0000,108
E5602998,P003,924,0000,5
E5602998,P003,926,0000,18
E5602998,P003,937,0000,7
E5602998,P003,936,0000,11
E5602998,P004,922,0000,2
E5602998,P004,923,0000,135
E5602998,P004,924,0000,2
E5602998,P004,926,0000,18
E5602998,P004,937,0000,8
E5602998,P004,936,0000,11
S1900685,P421,922,0000,10
S1900685,P421,923,0000,65
S1900685,P421,936,0000,6
S1900685,P411,922,0000,35
S1900685,P411,923,0000,57
S1900685,P411,936,0000,13
S2202553,P001,922,0000,14
S2202553,P002,922,0000,13
S2202553,P003,922,0000,17
S2202553,P001,923,0000,84
S2202553,P002,923,0000,90
S2202553,P003,923,0000,99
S2202553,P001,924,0000,12
S2202553,P002,924,0000,4
S2202553,P003,924,0000,5
S2202553,P001,926,0000,10
S2202553,P002,926,0000,15
S2202553,P003,926,0000,14
S2202553,P001,936,0000,8
S2202553,P002,936,0000,9
S2202553,P003,936,0000,10
S1602755,P101,922,0000,0
S1602755,P201,922,0000,0
S1602755,P301,922,0000,0
S1602755,P101,923,0000,0
S1602755,P201,923,0000,0
S1602755,P301,923,0000,0
S1602755,P101,924,0000,0
S1602755,P201,924,0000,0
S1602755,P301,924,0000,0
S1602755,P101,926,0000,0
S1602755,P201,926,0000,0
S1602755,P301,926,0000,0
S1602755,P101,936,0000,0
S1602755,P201,936,0000,0
S1602755,P301,936,0000,0
S1900569,P002,922,0000,0
S1900569,P012,922,0000,20
S1900569,P002,923,0000,0
S1900569,P012,923,0000,51
S1900569,P002,936,0000,0
S1900569,P012,936,0000,0
E5600896,P004,922,0000,0
E5600896,P004,923,0000,0
E5600896,P004,936,0000,0
E5600896,P005,922,0000,0
E5600896,P005,923,0000,0
E5600896,P005,936,0000,0
E5600896,P007,923,0000,46
E5600896,P007,936,0000,5
E5600896,P008,923,0000,57
E5600896,P008,936,0000,1
S2100223,P015,222,0000,30
S2100223,P015,223,0000,76
S2100223,P015,236,0000,6
S2100223,P015,248,0000,132058
S2100223,P015,259,0000,136
E4900744,P001,223,0000,0
E4900744,P023,223,0000,0
E4900744,P001,236,0000,0
E4900744,P023,236,0000,0
E4900744,P001,248,0000,0
E4900744,P006,248,0000,696
E4900744,P023,248,0000,0
E4900744,P001,259,0000,0
E4900744,P023,259,0000,0
E5602998,P001,222,0000,1
E5602998,P001,223,0000,109
E5602998,P001,224,0000,7
E5602998,P001,226,0000,7
E5602998,P001,237,0000,7
E5602998,P001,236,0000,10
E5602998,P001,248,0000,88391
E5602998,P001,259,0000,180
E5602998,P002,222,0000,3
E5602998,P002,223,0000,110
E5600841,P001,923,0000,0
E5600841,P001,936,0000,0
E5600841,P001,922,0000,0
E5600841,P002,923,0000,20
E5600841,P002,936,0000,5
E5600841,P002,922,0000,24
E5600841,P003,923,0000,10
E5600841,P003,936,0000,6
E5600841,P003,922,0000,25
E5600841,P004,923,0000,13
E5600841,P004,936,0000,5
E5600841,P004,922,0000,21
E5600841,P005,923,0000,15
E5600841,P005,936,0000,5
E5600841,P005,922,0000,19
E5600841,P006,923,0000,42
E5600841,P006,936,0000,6
E5600841,P006,922,0000,3
E5600841,P007,923,0000,50
E5600841,P007,936,0000,7
E5600841,P007,922,0000,5
E5600841,P008,923,0000,39
E5600841,P008,936,0000,7
E5600841,P008,922,0000,4
E5600841,P009,923,0000,8
E5600841,P009,936,0000,5
E5600841,P009,922,0000,19
E5600841,P010,923,0000,14
E5600841,P010,936,0000,5
E5600841,P010,922,0000,18
E5600841,PC23,923,0000,49
E5600841,PC23,936,0000,9
E5600841,PC23,922,0000,23
E5600841,PC83,923,0000,0
E5600841,PC83,936,0000,0
E5600841,PC83,922,0000,0
E5600841,PPB1,923,0000,9
E5600841,PPB1,936,0000,6
E5600841,PPB1,922,0000,12
E5600841,PPC1,923,0000,9
E5600841,PPC1,936,0000,4
E5600841,PPC1,922,0000,15
E5600841,PR54,923,0000,57
E5600841,PR54,936,0000,6
E5600841,PR54,922,0000,31
E5600841,PR61,923,0000,51
E5600841,PR61,936,0000,4
E5600841,PR61,922,0000,36
E5600841,PR62,923,0000,27
E5600841,PR62,936,0000,4
E5600841,PR62,922,0000,27
E5600841,PS11,923,0000,37
E5600841,PS11,936,0000,12
E5600841,PS11,922,0000,58
E5600841,PS31,923,0000,75
E5600841,PS31,936,0000,10
E5600841,PS31,922,0000,55
E5600841,PS51,923,0000,43
E5600841,PS51,936,0000,10
E5600841,PS51,922,0000,13
E5600841,PS71,923,0000,43
E5600841,PS71,936,0000,13
E5600841,PS71,922,0000,20
S2300438,P001,222,0000,0
S2300438,P001,223,0000,35
S2300438,P001,236,0000,9
S2300438,P001,248,0000,38211
S2300438,P001,259,0000,127
E5600850,PC01,223,0000,0
E5600850,PC01,224,0000,0
E5600850,PC01,236,0000,0
E5600850,PC01,226,0000,0
E5600850,PC01,248,0000,0
E5600850,PC01,259,0000,0
S1901066,P004,222,0000,179
S1901066,P004,223,0000,187
S1901066,P004,224,0000,0
S1901066,P004,236,0000,6
S1901066,P004,237,0000,10
S1901066,P004,248,0000,84930
S1901066,P004,259,0000,198
S2300429,P701,222,0000,0
S2300429,P701,223,0000,0
S2300429,P701,236,0000,0
S2300429,P701,248,0000,0
S2300429,P701,259,0000,0
S2300429,PF01,222,0000,20
S2300429,PF01,223,0000,28
S2300429,PF01,236,0000,5
S2300429,PF01,248,0000,244907
S2300429,PF01,259,0000,57
E5600841,P004,223,0000,20
E5600841,P004,236,0000,5
E5600841,P004,222,0000,22
E5600841,P004,259,0000,179
E5600841,P005,248,0000,209085
E5600841,P005,223,0000,20
E5600841,P005,236,0000,4
E5600841,P005,222,0000,20
E5600841,P005,259,0000,194
E5600841,P006,248,0000,236887
E5600841,P006,223,0000,44
E5600841,P006,236,0000,6
E5600841,P006,222,0000,3
E5600841,P006,259,0000,55
E5600841,P007,248,0000,232372
E5600841,P007,223,0000,47
E5600841,P007,236,0000,7
E5600841,P007,222,0000,5
E5600841,P007,259,0000,51
E5600841,P008,248,0000,219473
E5600841,P008,223,0000,32
E5600841,P008,236,0000,7
E5600841,P008,222,0000,4
E5600841,P008,259,0000,57
E5600841,P009,248,0000,366219
E5600841,P009,223,0000,9
E5600841,P009,236,0000,5
E5600841,P009,222,0000,19
E5600841,P009,259,0000,124
E5600841,P010,248,0000,431006
E5600841,P010,223,0000,15
E5600841,P010,236,0000,5
E5600841,P010,222,0000,18
E5600841,P010,259,0000,113
E5600841,PC23,248,0000,30018
E5600841,PC23,223,0000,62
E5600841,PC23,236,0000,9
E5600841,PC23,222,0000,25
E5600841,PC23,259,0000,158
E5600841,PC83,248,0000,0
E5600841,PC83,223,0000,0
E5600841,PC83,236,0000,0
E5600841,PC83,222,0000,0
E5600841,PC83,259,0000,0
E5600841,PPB1,248,0000,271597
E5600841,PPB1,223,0000,9
E5600841,PPB1,236,0000,6
E5600841,PPB1,222,0000,12
E5600841,PPB1,259,0000,144
E5600841,PPC1,248,0000,651807
E5600841,PPC1,223,0000,9
E5600841,PPC1,236,0000,3
E5600841,PPC1,222,0000,14
E5600841,PPC1,259,0000,144
E5600841,PR54,248,0000,38673
E5600841,PR54,223,0000,62
E5600841,PR54,236,0000,6
E5600841,PR54,222,0000,36
E5600841,PR54,259,0000,224
E5600841,PR61,248,0000,74916
E5600841,PR61,223,0000,54
E5600841,PR61,236,0000,5
E5602998,P002,224,0000,14
E5602998,P002,226,0000,11
E5602998,P002,237,0000,6
E5602998,P002,236,0000,12
E5602998,P002,248,0000,72925
E5602998,P002,259,0000,155
E5602998,P003,222,0000,1
E5602998,P003,223,0000,108
E5602998,P003,224,0000,3
E5602998,P003,226,0000,21
E5602998,P003,237,0000,7
E5602998,P003,236,0000,10
E5602998,P003,248,0000,74191
E5602998,P003,259,0000,162
E5602998,P004,222,0000,3
E5602998,P004,223,0000,132
E5602998,P004,224,0000,4
E5602998,P004,226,0000,30
E5602998,P004,237,0000,8
E5602998,P004,236,0000,10
E5602998,P004,248,0000,65387
E5602998,P004,259,0000,143
E5600869,P001,222,0000,94
E5600869,P001,223,0000,119
E5600869,P001,236,0000,8
E5600869,P001,248,0000,51077
E5600869,P001,259,0000,83
E5002890,P001,222,0000,2
E5002890,P002,222,0000,1
E5002890,P003,222,0000,2
E5002890,P001,223,0000,70
E5002890,P002,223,0000,93
E5002890,P003,223,0000,58
E5002890,P001,224,0000,3
E5002890,P002,224,0000,2
E5002890,P003,224,0000,2
E5002890,P001,226,0000,7
E5002890,P002,226,0000,18
E5002890,P003,226,0000,10
E5002890,P001,236,0000,12
E5002890,P002,236,0000,11
E5002890,P003,236,0000,12
E5002890,P001,248,0000,47173
E5002890,P002,248,0000,59711
E5002890,P003,248,0000,55374
E5002890,P001,259,0000,157
E5002890,P002,259,0000,162
E5002890,P003,259,0000,166
S2005081,P401,248,0000,163742
S2005081,P401,259,0000,80
S2005081,P401,223,0000,61
S2005081,P401,222,0000,6
S2005081,P401,236,0000,7
S2202553,P001,222,0000,10
S2202553,P002,222,0000,9
S2202553,P003,222,0000,14
S2202553,P001,223,0000,92
S2202553,P002,223,0000,90
S2202553,P003,223,0000,96
S2202553,P001,224,0000,6
S2202553,P002,224,0000,5
S2202553,P003,224,0000,5
S2202553,P001,226,0000,10
S2202553,P002,226,0000,11
S2202553,P003,226,0000,11
S2202553,P001,236,0000,8
S2202553,P002,236,0000,9
S2202553,P003,236,0000,10
S2202553,P001,248,0000,114755
S2202553,P002,248,0000,111820
S2202553,P003,248,0000,101445
S2202553,P001,259,0000,153
S2202553,P002,259,0000,149
S2202553,P003,259,0000,155
S1602755,P101,222,0000,0
S1602755,P201,222,0000,0
S1602755,P301,222,0000,0
S1602755,P101,223,0000,0
S1602755,P201,223,0000,0
S1602755,P301,223,0000,0
S1602755,P101,224,0000,0
S1602755,P201,224,0000,0
S1602755,P301,224,0000,0
S1602755,P101,226,0000,0
S1602755,P201,226,0000,0
S1602755,P301,226,0000,0
S1602755,P101,236,0000,0
S1602755,P201,236,0000,0
S1602755,P301,236,0000,0
S1602755,P101,248,0000,0
S1602755,P201,248,0000,0
S1602755,P301,248,0000,0
S1602755,P101,259,0000,0
S1602755,P201,259,0000,0
S1602755,P301,259,0000,0
S1900685,P421,222,0000,10
S1900685,P421,223,0000,65
S1900685,P421,236,0000,6
S1900685,P421,248,0000,307497
S1900685,P421,259,0000,52
S1900685,P411,222,0000,33
S1900685,P411,223,0000,53
S1900685,P411,236,0000,13
S1900685,P411,248,0000,17041
S1900685,P411,259,0000,123
S2001314,P004,248,0000,299299
S2001314,P004,259,0000,55
S2001314,P004,223,0000,54
S2001314,P004,222,0000,14
S2001314,P004,236,0000,5
S1900658,P014,248,0000,121485
S1900658,P014,259,0000,92
S1900658,P014,223,0000,16
S1900658,P014,222,0000,8
S1900658,P014,236,0000,3
S1900569,P002,222,0000,0
S1900569,P012,222,0000,17
S1900569,P002,223,0000,0
S1900569,P012,223,0000,65
S1900569,P002,236,0000,0
S1900569,P012,236,0000,1
S1900569,P002,248,0000,0
S1900569,P012,248,0000,101893
S1900569,P002,259,0000,0
S1900569,P012,259,0000,81
E2000554,P003,248,0000,304034
E2000554,P003,259,0000,55
E2000554,P003,223,0000,34
E2000554,P003,222,0000,11
E2000554,P003,236,0000,6
E5600841,P001,248,0000,0
E5600841,P001,223,0000,0
E5600841,P001,236,0000,0
E5600841,P001,222,0000,0
E5600841,P001,259,0000,0
E5600841,P002,248,0000,199618
E5600841,P002,223,0000,24
E5600841,P002,236,0000,5
E5600841,P002,222,0000,24
E5600841,P002,259,0000,169
E5600841,P003,248,0000,200536
E5600841,P003,223,0000,14
E5600841,P003,236,0000,6
E5600841,P003,222,0000,25
E5600841,P003,259,0000,163
E5600841,P004,248,0000,176955
E5600841,PR61,222,0000,37
E5600841,PR61,259,0000,302
E5600841,PR62,248,0000,92000
E5600841,PR62,223,0000,26
E5600841,PR62,236,0000,4
E5600841,PR62,222,0000,26
E5600841,PR62,259,0000,299
E5600841,PS11,248,0000,737298
E5600841,PS11,223,0000,38
E5600841,PS11,236,0000,12
E5600841,PS11,222,0000,61
E5600841,PS11,259,0000,171
E5600841,PS31,248,0000,1157767
E5600841,PS31,223,0000,74
E5600841,PS31,236,0000,10
E5600841,PS31,222,0000,55
E5600841,PS31,259,0000,137
E5600841,PS51,248,0000,996420
E5600841,PS51,223,0000,44
E5600841,PS51,236,0000,10
E5600841,PS51,222,0000,15
E5600841,PS51,259,0000,131
E5600841,PS71,248,0000,1354991
E5600841,PS71,223,0000,44
E5600841,PS71,236,0000,13
E5600841,PS71,222,0000,20
E5600841,PS71,259,0000,176
E5600896,P004,222,0000,0
E5600896,P004,223,0000,0
E5600896,P004,236,0000,0
E5600896,P004,248,0000,0
E5600896,P004,259,0000,0
E5600896,P005,222,0000,0
E5600896,P005,223,0000,0
E5600896,P005,236,0000,0
E5600896,P005,248,0000,0
E5600896,P005,259,0000,0
E5600896,P007,223,0000,46
E5600896,P007,236,0000,5
E5600896,P007,248,0000,1427242
E5600896,P007,259,0000,128
E5600896,P008,223,0000,58
E5600896,P008,236,0000,1
E5600896,P008,248,0000,2064556
E5600896,P008,259,0000,131
S2201109,P711,911,0000,16
S2201109,P731,911,0000,15
S2201109,P741,911,0000,17
S2201109,P751,911,0000,15
S2201109,P711,923,0000,31
S2201109,P711,936,0000,7
S2201109,P711,922,0000,5
S2201109,P731,923,0000,50
S2201109,P731,936,0000,8
S2201109,P731,922,0000,32
S2201109,P741,923,0000,58
S2201109,P741,936,0000,5
S2201109,P741,922,0000,25
S2201109,P751,923,0000,48
S2201109,P751,936,0000,7
S2201109,P751,922,0000,53
S2201109,P711,248,0000,6328
S2201109,P711,223,0000,27
S2201109,P711,236,0000,6
S2201109,P711,222,0000,6
S2201109,P711,259,0000,54
S2201109,P731,248,0000,3679
S2201109,P731,223,0000,48
S2201109,P731,236,0000,8
S2201109,P731,222,0000,33
S2201109,P731,259,0000,53
S2201109,P741,248,0000,5180
S2201109,P741,223,0000,61
S2201109,P741,236,0000,5
S2201109,P741,222,0000,29
S2201109,P741,259,0000,55
S2201109,P751,248,0000,3498
S2201109,P751,223,0000,54
S2201109,P751,236,0000,7
S2201109,P751,222,0000,46
S2201109,P751,259,0000,51
E5600798,P003,911,0000,0
S3200688,P001,911,0000,9
S3200688,P002,911,0000,12
S3200688,P003,911,0000,10
S3200688,P004,911,0000,9
S3200688,P001,922,0000,48
S3200688,P001,923,0000,59
S3200688,P001,936,0000,3
S3200688,P002,922,0000,51
S3200688,P002,923,0000,57
S3200688,P002,936,0000,4
S3200688,P003,922,0000,42
S3200688,P003,923,0000,53
S3200688,P003,936,0000,6
S3200688,P004,922,0000,38
S3200688,P004,923,0000,61
S3200688,P004,936,0000,5
S3200688,P504,923,0000,15
S3200688,P504,936,0000,15
S3200688,P604,923,0000,14
S3200688,P604,936,0000,15
S3200688,P704,923,0000,17
S3200688,P704,936,0000,15
S3200688,P804,923,0000,21
S3200688,P804,936,0000,15
S3200688,P904,923,0000,20
S3200688,P904,936,0000,15
S3200688,P001,222,0000,49
S3200688,P001,223,0000,58
S3200688,P001,236,0000,3
S3200688,P001,248,0000,1834528
S3200688,P001,259,0000,95
S3200688,P002,222,0000,51
S3200688,P002,223,0000,58
S3200688,P002,236,0000,4
S3200688,P002,248,0000,1886512
S3200688,P002,259,0000,99
S3200688,P003,222,0000,41
S3200688,P003,223,0000,56
S3200688,P003,236,0000,6
S3200688,P003,248,0000,1984269
S3200688,P003,259,0000,100
S3200688,P004,222,0000,39
S3200688,P004,223,0000,60
S3200688,P004,236,0000,5
S3200688,P004,248,0000,1919022
S3200688,P004,259,0000,103
S3200688,P504,223,0000,15
S3200688,P504,236,0000,15
S3200688,P504,248,0000,1336803
S3200688,P504,259,0000,103
S3200688,P604,223,0000,14
S3200688,P604,236,0000,15
S3200688,P604,248,0000,2392237
S3200688,P604,259,0000,111
S3200688,P704,223,0000,17
S3200688,P704,236,0000,15
S3200688,P704,248,0000,2578671
S3200688,P704,259,0000,107
S3200688,P804,223,0000,21
S3200688,P804,236,0000,15
S3200688,P804,248,0000,2149995
S3200688,P804,259,0000,99
S3200688,P904,223,0000,20
S3200688,P904,236,0000,15
S3200688,P904,248,0000,2484407
S3200688,P904,259,0000,105
S2100223,P015,911,0006,10
E5600056,P004,911,0006,2
E5600056,P006,911,0006,0
E5600056,P007,911,0006,4
E5600056,P008,911,0006,5
E5600056,P009,911,0006,0
E5600056,P016,911,0006,3
E5600056,P017,911,0006,6
E5600056,P018,911,0006,4
E5600056,P021,911,0006,3
E5600056,P022,911,0006,4
E5600056,P023,911,0006,-12
E5600056,P024,911,0006,3
S2300438,P001,911,0006,4
S2001314,P004,911,0006,7
S1900658,P014,911,0006,2
E2000554,P003,911,0006,9
S2005081,P401,911,0006,7
E5601197,P002,911,0006,7
E5601197,P003,911,0006,7
E5600850,PC01,911,0006,0
S1901066,P004,911,0006,7
E4900744,P001,911,0006,0
E4900744,P002,911,0006,0
E4900744,P023,911,0006,0
E5602998,P001,911,0006,1
E5602998,P002,911,0006,3
E5602998,P003,911,0006,3
E5602998,P004,911,0006,4
E5600869,P001,911,0006,4
S1900710,P070,911,0006,6
S1900710,P015,911,0006,0
S1900710,P056,911,0006,5
S1900710,P050,911,0006,4
S1900710,P060,911,0006,3
S2300429,P701,911,0006,0
S2300429,PF01,911,0006,11
E5002890,P001,911,0006,5
E5002890,P002,911,0006,5
E5002890,P003,911,0006,6
S2202553,P001,911,0006,1
S2202553,P002,911,0006,1
S2202553,P003,911,0006,2
E5600841,P001,911,0006,0
E5600841,P002,911,0006,5
E5600841,P003,911,0006,6
E5600841,P004,911,0006,5
E5600841,P005,911,0006,8
E5600841,P006,911,0006,10
E5600841,P007,911,0006,10
E5600841,P008,911,0006,10
E5600841,P009,911,0006,6
E5600841,P010,911,0006,6
E5600841,PC23,911,0006,11
E5600841,PC83,911,0006,11
E5600841,PPB1,911,0006,7
E5600841,PPC1,911,0006,6
E5600841,PR54,911,0006,2
E5600841,PR61,911,0006,3
E5600841,PR62,911,0006,6
E5600841,PS11,911,0006,8
E5600841,PS12,911,0006,6
E5600841,PS31,911,0006,12
E5600841,PS32,911,0006,5
E5600841,PS51,911,0006,8
E5600841,PS52,911,0006,12
E5600841,PS71,911,0006,12
E5600841,PS72,911,0006,12
S2201109,P711,911,0006,16
S2201109,P731,911,0006,15
S2201109,P741,911,0006,17
S2201109,P751,911,0006,15
S1602755,P101,911,0006,0
S1602755,P201,911,0006,0
S1602755,P301,911,0006,0
S1900569,P002,911,0006,0
S1900569,P012,911,0006,11
S1900685,P002,911,0006,12
S1900685,P421,911,0006,8
S1900685,P411,911,0006,4
S1601990,P001,911,0006,6
S1601990,P004,911,0006,5
S1601990,P049,911,0006,3
E5600896,P004,911,0006,0
E5600896,P005,911,0006,0
E5600798,P003,911,0006,0
S3200688,P001,911,0006,9
S3200688,P002,911,0006,12
S3200688,P003,911,0006,10
S3200688,P004,911,0006,9
S2100223,P015,911,0012,10
E5600056,P004,911,0012,2
E5600056,P006,911,0012,0
E5600056,P007,911,0012,3
E5600056,P008,911,0012,5
E5600056,P009,911,0012,0
E5600056,P016,911,0012,3
E5600056,P017,911,0012,5
E5600056,P018,911,0012,4
E5600056,P021,911,0012,3
E5600056,P022,911,0012,4
E5600056,P023,911,0012,-12
E5600056,P024,911,0012,3
S2300438,P001,911,0012,4
S1900710,P070,911,0012,6
S1900710,P056,911,0012,4
S1900710,P015,911,0012,0
S1900710,P050,911,0012,4
S1900710,P060,911,0012,3
S2001314,P004,911,0012,0
S1900658,P014,911,0012,2
E2000554,P003,911,0012,10
S2005081,P401,911,0012,7
E5601197,P002,911,0012,8
E5601197,P003,911,0012,8
S1901066,P004,911,0012,7
E4900744,P001,911,0012,0
E4900744,P002,911,0012,0
E4900744,P023,911,0012,0
E5602998,P001,911,0012,1
E5602998,P002,911,0012,3
E5602998,P003,911,0012,3
E5602998,P004,911,0012,4
E5600869,P001,911,0012,4
S1601990,P001,911,0012,6
S1601990,P004,911,0012,4
S1601990,P049,911,0012,3
S2300429,P701,911,0012,0
S2300429,PF01,911,0012,11
E5600850,PC01,911,0012,0
S1900685,P002,911,0012,12
S1900685,P421,911,0012,8
S1900685,P411,911,0012,4
E5600896,P004,911,0012,0
E5600896,P005,911,0012,0
E5400878,P010,911,0012,2
E5002890,P001,911,0012,5
E5002890,P002,911,0012,5
E5002890,P003,911,0012,6
S2202553,P001,911,0012,1
S2202553,P002,911,0012,1
S2202553,P003,911,0012,2
E5600841,P001,911,0012,0
E5600841,P002,911,0012,5
E5600841,P003,911,0012,6
E5600841,P004,911,0012,5
E5600841,P005,911,0012,8
E5600841,P006,911,0012,10
E5600841,P007,911,0012,11
E5600841,P008,911,0012,11
E5600841,P009,911,0012,6
E5600841,P010,911,0012,6
E5600841,PC23,911,0012,12
E5600841,PC83,911,0012,11
E5600841,PPB1,911,0012,7
E5600841,PPC1,911,0012,6
E5600841,PR54,911,0012,2
E5600841,PR61,911,0012,3
E5600841,PR62,911,0012,6
E5600841,PS11,911,0012,8
E5600841,PS12,911,0012,6
E5600841,PS31,911,0012,12
E5600841,PS32,911,0012,5
E5600841,PS51,911,0012,9
E5600841,PS52,911,0012,12
E5600841,PS71,911,0012,12
E5600841,PS72,911,0012,12
S2201109,P711,911,0012,16
S2201109,P731,911,0012,15
S2201109,P741,911,0012,17
S2201109,P751,911,0012,15
S1602755,P101,911,0012,0
S1602755,P201,911,0012,0
S1602755,P301,911,0012,0
S1900569,P002,911,0012,0
S1900569,P012,911,0012,11
E5600798,P003,911,0012,0
S3200688,P001,911,0012,9
S3200688,P002,911,0012,12
S3200688,P003,911,0012,11
S3200688,P004,911,0012,9
E4900744,P023,936,0015,0
E5602998,P001,922,0015,1
E5602998,P001,923,0015,109
E5602998,P001,924,0015,12
E5602998,P001,926,0015,5
E5602998,P001,937,0015,7
E5602998,P001,936,0015,10
E5602998,P002,922,0015,1
E5602998,P002,923,0015,104
E5602998,P002,924,0015,0
E5602998,P002,926,0015,5
E5602998,P002,937,0015,6
E5602998,P002,936,0015,13
E5602998,P003,922,0015,1
E5602998,P003,923,0015,106
E5602998,P003,924,0015,0
E5602998,P003,926,0015,18
E5602998,P003,937,0015,7
E5602998,P003,936,0015,11
E5602998,P004,922,0015,7
E5602998,P004,923,0015,132
E5602998,P004,924,0015,2
E5602998,P004,926,0015,59
E5602998,P004,937,0015,8
E5602998,P004,936,0015,11
E5600869,P001,922,0015,103
E5600869,P001,923,0015,120
E5600869,P001,936,0015,8
S2300429,P701,922,0015,0
S2300429,P701,923,0015,0
S2300429,P701,936,0015,0
S2300429,PF01,922,0015,19
S2300429,PF01,923,0015,29
S2300429,PF01,936,0015,6
E5600850,PC01,923,0015,0
E5600850,PC01,924,0015,0
E5600850,PC01,936,0015,0
E5600850,PC01,926,0015,0
E5002890,P001,922,0015,2
E5002890,P002,922,0015,1
E5002890,P003,922,0015,2
E5002890,P001,923,0015,84
E5002890,P002,923,0015,94
E5002890,P003,923,0015,56
E5002890,P001,924,0015,2
E5002890,P002,924,0015,2
E5002890,P003,924,0015,2
E5002890,P001,926,0015,6
E5002890,P002,926,0015,23
E5002890,P003,926,0015,11
E5002890,P001,936,0015,12
E5002890,P002,936,0015,11
E5002890,P003,936,0015,12
S2202553,P001,922,0015,8
S2202553,P002,922,0015,10
S2202553,P003,922,0015,14
S2202553,P001,923,0015,96
S2202553,P002,923,0015,87
S2202553,P003,923,0015,99
S2202553,P001,924,0015,6
S2202553,P002,924,0015,4
S2202553,P003,924,0015,4
S2202553,P001,926,0015,10
S2202553,P002,926,0015,12
S2202553,P003,926,0015,11
S2202553,P001,936,0015,9
S2202553,P002,936,0015,9
S2202553,P003,936,0015,9
S2201109,P711,923,0015,28
S2201109,P711,936,0015,6
S2201109,P711,922,0015,4
S2201109,P731,923,0015,52
S2201109,P731,936,0015,8
S2201109,P731,922,0015,33
S2201109,P741,923,0015,63
S2201109,P741,936,0015,5
S2201109,P741,922,0015,28
S2201109,P751,923,0015,45
S2201109,P751,936,0015,7
S2201109,P751,922,0015,59
S1900685,P421,922,0015,11
S1900685,P421,923,0015,64
S1900685,P421,936,0015,6
S1900685,P411,922,0015,32
S1900685,P411,923,0015,53
S1900685,P411,936,0015,13
S1602755,P101,922,0015,0
S1602755,P201,922,0015,0
S1602755,P301,922,0015,0
S1602755,P101,923,0015,0
S1602755,P201,923,0015,0
S1602755,P301,923,0015,0
S1602755,P101,924,0015,0
S1602755,P201,924,0015,0
S1602755,P301,924,0015,0
S1602755,P101,926,0015,0
S1602755,P201,926,0015,0
S1602755,P301,926,0015,0
S1602755,P101,936,0015,0
S1602755,P201,936,0015,0
S1602755,P301,936,0015,0
S1900569,P002,922,0015,0
S1900569,P012,922,0015,18
S1900569,P002,923,0015,0
S1900569,P012,923,0015,59
S1900569,P002,936,0015,0
S1900569,P012,936,0015,1
E5600841,P001,923,0015,0
E5600841,P001,936,0015,0
E5600841,P001,922,0015,0
E5600841,P002,923,0015,29
E5600841,P002,936,0015,5
E5600841,P002,922,0015,26
E5600841,P003,923,0015,18
E5600841,P003,936,0015,6
E5600841,P003,922,0015,28
E5600841,P004,923,0015,26
E5600841,P004,936,0015,5
E5600841,P004,922,0015,25
E5600841,P005,923,0015,24
E5600841,P005,936,0015,5
E5600841,P005,922,0015,22
E5600841,P006,923,0015,43
E5600841,P006,936,0015,6
E5600841,P006,922,0015,3
E5600841,P007,923,0015,49
E5600841,P007,936,0015,7
E5600841,P007,922,0015,5
E5600841,P008,923,0015,21
E5600841,P008,936,0015,7
E5600841,P008,922,0015,4
E5600841,P009,923,0015,9
E5600841,P009,936,0015,5
E5600841,P009,922,0015,19
E5600841,P010,923,0015,15
E5600841,P010,936,0015,5
E5600841,P010,922,0015,18
E5600841,PC23,923,0015,62
E5600841,PC23,936,0015,7
E5600841,PC23,922,0015,26
E5600841,PC83,923,0015,91
E5600841,PC83,936,0015,10
E5600841,PC83,922,0015,30
E5600841,PPB1,923,0015,8
E5600841,PPB1,936,0015,6
E5600841,PPB1,922,0015,12
E5600841,PPC1,923,0015,9
E5600841,PPC1,936,0015,4
E5600841,PPC1,922,0015,14
E5600841,PR54,923,0015,63
E5600841,PR54,936,0015,6
E5600841,PR54,922,0015,40
E5600841,PR61,923,0015,48
E5600841,PR61,936,0015,4
E5600841,PR61,922,0015,40
E5600841,PR62,923,0015,19
E5600841,PR62,936,0015,4
E5600841,PR62,922,0015,28
E5600841,PS11,923,0015,38
E5600841,PS11,936,0015,12
E5600841,PS11,922,0015,60
E5600841,PS31,923,0015,75
E5600841,PS31,936,0015,10
E5600841,PS31,922,0015,53
E5600841,PS51,923,0015,44
E5600841,PS51,936,0015,10
E5600841,PS51,922,0015,15
E5600841,PS71,923,0015,43
E5600841,PS71,936,0015,13
E5600841,PS71,922,0015,18
E5600896,P004,922,0015,0
E5600896,P004,923,0015,0
E5600896,P004,936,0015,0
E5600896,P005,922,0015,0
E5600896,P005,923,0015,0
E5600896,P005,936,0015,0
E5600896,P007,923,0015,46
E5600896,P007,936,0015,5
E5600896,P008,923,0015,58
E5600896,P008,936,0015,1
E5600056,P004,922,0015,9
E5600056,P004,923,0015,43
E5600056,P004,924,0015,5
E5600056,P004,936,0015,7
E5600056,P006,922,0015,0
E5600056,P006,923,0015,0
E5600056,P006,924,0015,0
E5600056,P006,936,0015,0
E5600056,P007,922,0015,0
E5600056,P007,923,0015,20
E5600056,P007,924,0015,2
E5600056,P007,936,0015,4
E5600056,P008,922,0015,3
E5600056,P008,923,0015,61
E5600056,P008,924,0015,1
E5600056,P008,936,0015,5
E5600056,P016,922,0015,0
E5600056,P016,923,0015,17
E5600056,P016,936,0015,11
E5600056,P017,922,0015,0
E5600056,P017,923,0015,23
E5600056,P017,924,0015,39
E5600056,P017,936,0015,6
E5600056,P018,922,0015,0
E5600056,P018,923,0015,16
E5600056,P018,924,0015,321
E5600056,P018,936,0015,3
E5600056,P021,922,0015,0
E5600056,P021,923,0015,40
E5600056,P021,924,0015,0
E5600056,P021,936,0015,5
E5600056,P024,922,0015,5
E5600056,P024,923,0015,29
E5600056,P024,924,0015,2
E5600056,P024,936,0015,5
E5600056,P034,922,0015,1
E5600056,P034,923,0015,30
E5600056,P034,936,0015,1
S2001314,P004,923,0015,55
S2001314,P004,922,0015,14
S2001314,P004,936,0015,5
S1900658,P014,923,0015,16
S1900658,P014,922,0015,5
S1900658,P014,936,0015,4
E2000554,P003,923,0015,32
E2000554,P003,922,0015,11
E2000554,P003,936,0015,6
S2005081,P401,923,0015,62
S2005081,P401,922,0015,6
S2005081,P401,936,0015,7
S1900710,P070,923,0015,21
S1900710,P070,936,0015,7
S1900710,P070,922,0015,7
S1900710,P056,923,0015,35
S1900710,P056,936,0015,5
S1900710,P056,922,0015,20
S1900710,P015,923,0015,0
S1900710,P015,936,0015,0
S1900710,P015,922,0015,0
S1900710,P050,923,0015,96
S1900710,P050,936,0015,6
S1900710,P050,922,0015,37
S1900710,P060,923,0015,28
S1900710,P060,936,0015,7
S1900710,P060,922,0015,15
S2100223,P015,922,0015,24
S2100223,P015,923,0015,82
S2100223,P015,936,0015,6
S2300438,P001,922,0015,0
S2300438,P001,923,0015,36
S2300438,P001,936,0015,8
S1901066,P004,922,0015,178
S1901066,P004,923,0015,184
S1901066,P004,924,0015,0
S1901066,P004,936,0015,6
S1901066,P004,937,0015,10
E4900744,P001,923,0015,0
E4900744,P023,923,0015,0
E4900744,P001,936,0015,0
S3200688,P001,922,0015,49
S3200688,P001,923,0015,57
S3200688,P001,936,0015,3
S3200688,P002,922,0015,51
S3200688,P002,923,0015,59
S3200688,P002,936,0015,4
S3200688,P003,922,0015,42
S3200688,P003,923,0015,58
S3200688,P003,936,0015,6
S3200688,P004,922,0015,40
S3200688,P004,923,0015,59
S3200688,P004,936,0015,5
S3200688,P504,923,0015,14
S3200688,P504,936,0015,15
S3200688,P604,923,0015,14
S3200688,P604,936,0015,15
S3200688,P704,923,0015,16
S3200688,P704,936,0015,15
S3200688,P804,923,0015,21
S3200688,P804,936,0015,15
S3200688,P904,923,0015,20
S3200688,P904,936,0015,15
E5600896,P004,911,0018,0
E5600896,P005,911,0018,0
S2100223,P015,911,0018,10
E5600056,P004,911,0018,2
S2300438,P001,911,0018,4
E2000554,P003,911,0018,9
S2005081,P401,911,0018,7
S2001314,P004,911,0018,5
S1900658,P014,911,0018,2
E5601197,P002,911,0018,5
E5601197,P003,911,0018,4
S1901066,P004,911,0018,9
E4900744,P001,911,0018,0
E4900744,P002,911,0018,0
E4900744,P023,911,0018,0
E5602998,P001,911,0018,1
E5602998,P002,911,0018,3
E5602998,P003,911,0018,1
E5602998,P004,911,0018,4
E5600869,P001,911,0018,4
S1900710,P070,911,0018,6
S1900710,P015,911,0018,0
S1900710,P056,911,0018,3
S1900710,P050,911,0018,4
S1900710,P060,911,0018,3
S2300429,P701,911,0018,0
S2300429,PF01,911,0018,11
E5600850,PC01,911,0018,0
E5002890,P001,911,0018,5
E5002890,P002,911,0018,5
E5002890,P003,911,0018,6
S2202553,P001,911,0018,1
S2202553,P002,911,0018,1
S2202553,P003,911,0018,2
E5600841,P001,911,0018,0
E5600841,P002,911,0018,5
E5600841,P003,911,0018,6
E5600841,P004,911,0018,5
E5600841,P005,911,0018,8
E5600841,P006,911,0018,10
E5600841,P007,911,0018,11
E5600841,P008,911,0018,11
E5600841,P009,911,0018,6
E5600841,P010,911,0018,6
E5600841,PC23,911,0018,10
E5600841,PC83,911,0018,11
E5600841,PPB1,911,0018,7
E5600841,PPC1,911,0018,6
E5600841,PR54,911,0018,2
E5600841,PR61,911,0018,3
E5600841,PR62,911,0018,6
E5600841,PS11,911,0018,8
E5600841,PS12,911,0018,5
E5600841,PS31,911,0018,12
E5600841,PS32,911,0018,5
E5600841,PS51,911,0018,8
E5600841,PS52,911,0018,12
E5600841,PS71,911,0018,12
E5600841,PS72,911,0018,12
S2201109,P711,911,0018,16
S2201109,P731,911,0018,15
S2201109,P741,911,0018,17
S2201109,P751,911,0018,15
S1602755,P101,911,0018,0
S1602755,P201,911,0018,0
S1602755,P301,911,0018,0
S1900569,P002,911,0018,0
S1900569,P012,911,0018,11
S1900685,P002,911,0018,12
S1900685,P421,911,0018,9
S1900685,P411,911,0018,4
E5600056,P006,911,0018,0
E5600056,P007,911,0018,3
E5600056,P008,911,0018,5
E5600056,P009,911,0018,0
E5600056,P016,911,0018,3
E5600056,P017,911,0018,5
E5600056,P018,911,0018,5
E5600056,P021,911,0018,3
E5600056,P022,911,0018,3
E5600056,P023,911,0018,-12
E5600056,P024,911,0018,3
E5600798,P003,911,0018,0
S3200688,P001,911,0018,9
S3200688,P002,911,0018,12
S3200688,P003,911,0018,10
S3200688,P004,911,0018,9
S1601990,P001,911,0018,6
S1601990,P004,911,0018,4
S1601990,P049,911,0018,3
E5602998,P001,911,0024,1
E5602998,P002,911,0024,3
E5602998,P003,911,0024,3
E5602998,P004,911,0024,5
E5600869,P001,911,0024,4
S1900710,P070,911,0024,6
S1900710,P015,911,0024,0
S1900710,P056,911,0024,3
S1900710,P050,911,0024,4
S1900710,P060,911,0024,3
S2300429,P701,911,0024,0
S2300429,PF01,911,0024,11
E5600850,PC01,911,0024,0
E5002890,P001,911,0024,5
E5002890,P002,911,0024,5
E5002890,P003,911,0024,6
S2202553,P001,911,0024,1
S2202553,P002,911,0024,1
S2202553,P003,911,0024,2
S1900685,P002,911,0024,12
S1900685,P421,911,0024,8
S1900685,P411,911,0024,4
S1602755,P101,911,0024,0
S1602755,P201,911,0024,0
S1602755,P301,911,0024,0
S2201109,P711,911,0024,16
S2201109,P731,911,0024,15
S2201109,P741,911,0024,17
S2201109,P751,911,0024,15
S1900569,P002,911,0024,0
S1900569,P012,911,0024,11
E5600841,P001,911,0024,0
E5600841,P002,911,0024,5
E5600841,P003,911,0024,6
E5600841,P004,911,0024,5
E5600841,P005,911,0024,8
E5600841,P006,911,0024,10
E5600841,P007,911,0024,10
E5600841,P008,911,0024,10
E5600841,P009,911,0024,6
E5600841,P010,911,0024,6
E5600841,PC23,911,0024,15
E5600841,PC83,911,0024,11
E5600841,PPB1,911,0024,7
E5600841,PPC1,911,0024,6
E5600841,PR54,911,0024,2
E5600841,PR61,911,0024,3
E5600841,PR62,911,0024,6
E5600841,PS11,911,0024,8
E5600841,PS12,911,0024,5
E5600841,PS31,911,0024,12
E5600841,PS32,911,0024,5
E5600841,PS51,911,0024,8
E5600841,PS52,911,0024,11
E5600841,PS71,911,0024,12
E5600841,PS72,911,0024,12
E5600896,P004,911,0024,0
E5600896,P005,911,0024,0
S2100223,P015,911,0024,10
E5600056,P004,911,0024,2
E5600056,P006,911,0024,0
E5600056,P007,911,0024,4
E5600056,P008,911,0024,5
E5600056,P009,911,0024,0
E5600056,P016,911,0024,3
E5600056,P017,911,0024,5
E5600056,P018,911,0024,5
E5600056,P021,911,0024,3
E5600056,P022,911,0024,3
E5600056,P023,911,0024,-12
E5600056,P024,911,0024,3
S2001314,P004,911,0024,5
S1900658,P014,911,0024,2
S2300438,P001,911,0024,4
S2005081,P401,911,0024,7
E2000554,P003,911,0024,9
E5601197,P002,911,0024,4
E5601197,P003,911,0024,4
S1901066,P004,911,0024,6
E4900744,P001,911,0024,0
E4900744,P002,911,0024,0
E4900744,P023,911,0024,0
E5600798,P003,911,0024,0
S3200688,P001,911,0024,9
S3200688,P002,911,0024,12
S3200688,P003,911,0024,13
S3200688,P004,911,0024,9
S1601990,P001,911,0024,7
S1601990,P004,911,0024,4
S1601990,P049,911,0024,3
S2100223,P015,911,0030,10
E5600056,P004,911,0030,2
E5600056,P006,911,0030,0
E5600056,P007,911,0030,4
E5600056,P008,911,0030,5
E5600056,P009,911,0030,0
E5600056,P016,911,0030,3
E5600056,P017,911,0030,5
E5600056,P018,911,0030,4
E5600056,P021,911,0030,3
E5600056,P022,911,0030,3
E5600056,P023,911,0030,-12
E5600056,P024,911,0030,3
E5600056,P004,922,0030,10
E5600056,P004,923,0030,46
E5600056,P004,924,0030,5
E5600056,P004,936,0030,7
E5600056,P006,922,0030,0
E5600056,P006,923,0030,0
E5600056,P006,924,0030,0
E5600056,P006,936,0030,0
E5600056,P007,922,0030,0
E5600056,P007,923,0030,21
E5600056,P007,924,0030,5
E5600056,P007,936,0030,4
E5600056,P008,922,0030,4
E5600056,P008,923,0030,62
E5600056,P008,924,0030,0
E5600056,P008,936,0030,5
E5600056,P016,922,0030,0
E5600056,P016,923,0030,17
E5600056,P016,936,0030,11
E5600056,P017,922,0030,0
E5600056,P017,923,0030,23
E5600056,P017,924,0030,53
E5600056,P017,936,0030,6
E5600056,P018,922,0030,0
E5600056,P018,923,0030,16
E5600056,P018,936,0030,3
E5600056,P021,922,0030,0
E5600056,P021,923,0030,37
E5600056,P021,936,0030,4
E5600056,P024,922,0030,5
E5600056,P024,923,0030,28
E5600056,P024,924,0030,2
E5600056,P024,936,0030,5
E5600056,P034,923,0030,32
E5600056,P034,936,0030,1
S1900658,P014,911,0030,1
S1900658,P014,923,0030,16
S1900658,P014,922,0030,9
S1900658,P014,936,0030,3
S2300438,P001,911,0030,4
S2005081,P401,911,0030,7
S2005081,P401,923,0030,65
S2005081,P401,922,0030,6
S2005081,P401,936,0030,7
S2001314,P004,911,0030,5
S2001314,P004,923,0030,55
S2001314,P004,922,0030,14
S2001314,P004,936,0030,5
E2000554,P003,911,0030,9
E2000554,P003,923,0030,34
E2000554,P003,922,0030,11
E2000554,P003,936,0030,6
E5600850,PC01,911,0030,0
E5601197,P002,911,0030,4
E5601197,P003,911,0030,3
S1901066,P004,911,0030,6
E4900744,P001,911,0030,0
E4900744,P002,911,0030,0
E4900744,P023,911,0030,0
E5602998,P001,911,0030,1
E5602998,P002,911,0030,3
E5602998,P003,911,0030,3
E5602998,P004,911,0030,4
E5600869,P001,911,0030,4
E5002890,P001,911,0030,5
E5002890,P002,911,0030,5
E5002890,P003,911,0030,6
S2202553,P001,911,0030,1
S2202553,P002,911,0030,1
S2202553,P003,911,0030,2
E5600841,P001,911,0030,0
E5600841,P002,911,0030,5
E5600841,P003,911,0030,6
E5600841,P004,911,0030,5
E5600841,P005,911,0030,8
E5600841,P006,911,0030,10
E5600841,P007,911,0030,11
E5600841,P008,911,0030,11
E5600841,P009,911,0030,6
E5600841,P010,911,0030,6
E5600841,PC23,911,0030,12
E5600841,PC83,911,0030,11
E5600841,PPB1,911,0030,7
E5600841,PPC1,911,0030,6
E5600841,PR54,911,0030,2
E5600841,PR61,911,0030,3
E5600841,PR62,911,0030,6
E5600841,PS11,911,0030,8
E5600841,PS12,911,0030,6
E5600841,PS31,911,0030,12
E5600841,PS32,911,0030,5
E5600841,PS51,911,0030,9
E5600841,PS52,911,0030,11
E5600841,PS71,911,0030,13
E5600841,PS72,911,0030,11
S1900710,P070,911,0030,6
S1900710,P070,923,0030,22
S1900710,P070,936,0030,7
S1900710,P070,922,0030,7
S1900710,P015,911,0030,0
S1900710,P056,911,0030,3
S1900710,P015,923,0030,0
S1900710,P015,936,0030,0
S1900710,P015,922,0030,0
S1900710,P056,923,0030,42
S1900710,P056,936,0030,6
S1900710,P056,922,0030,20
S1900710,P050,911,0030,4
S1900710,P060,911,0030,3
S1900710,P050,923,0030,85
S1900710,P050,936,0030,6
S1900710,P050,922,0030,40
S1900710,P060,923,0030,29
S1900710,P060,936,0030,7
S1900710,P060,922,0030,15
S1900685,P002,911,0030,12
S1900685,P421,911,0030,8
S1900685,P411,911,0030,4
S1602755,P101,911,0030,0
S1602755,P201,911,0030,0
S1602755,P301,911,0030,0
S1900569,P002,911,0030,0
S1900569,P012,911,0030,11
S2100223,P015,922,0030,41
S2100223,P015,923,0030,77
S2100223,P015,936,0030,6
S2300438,P001,922,0030,0
S2300438,P001,923,0030,35
S2300438,P001,936,0030,9
E5602998,P001,922,0030,1
E5602998,P001,923,0030,102
E5602998,P001,924,0030,5
E5602998,P001,926,0030,8
E5602998,P001,937,0030,7
E5602998,P001,936,0030,11
E5602998,P002,922,0030,4
E5602998,P002,923,0030,113
E5602998,P002,924,0030,1
E5602998,P002,926,0030,14
E5602998,P002,937,0030,6
E5602998,P002,936,0030,11
E5602998,P003,922,0030,2
E5602998,P003,923,0030,107
E5602998,P003,924,0030,3
E5602998,P003,926,0030,25
E5602998,P003,937,0030,8
E5602998,P003,936,0030,10
E5602998,P004,922,0030,1
E5602998,P004,923,0030,124
E5602998,P004,924,0030,5
E5602998,P004,926,0030,21
E5602998,P004,937,0030,8
E5602998,P004,936,0030,10
S2300429,P701,911,0030,0
S2300429,P701,922,0030,0
S2300429,P701,923,0030,0
S2300429,P701,936,0030,0
S2300429,PF01,911,0030,11
S2300429,PF01,922,0030,19
S2300429,PF01,923,0030,29
S2300429,PF01,936,0030,5
E5600850,PC01,923,0030,0
E5600850,PC01,924,0030,0
E5600850,PC01,936,0030,0
E5600850,PC01,926,0030,0
E5600896,P004,911,0030,0
E5600896,P005,911,0030,0
E4900744,P001,923,0030,0
E4900744,P023,923,0030,0
E4900744,P001,936,0030,0
E4900744,P023,936,0030,0
E5600869,P001,922,0030,88
E5600869,P001,923,0030,117
E5600869,P001,936,0030,8
S2202553,P001,922,0030,7
S2202553,P002,922,0030,7
S2202553,P003,922,0030,8
S2202553,P001,923,0030,94
S2202553,P002,923,0030,94
S2202553,P003,923,0030,95
S2202553,P001,924,0030,3
S2202553,P002,924,0030,6
S2202553,P003,924,0030,5
S2202553,P001,926,0030,8
S2202553,P002,926,0030,9
S2202553,P003,926,0030,7
S2202553,P001,936,0030,8
S2202553,P002,936,0030,11
S2202553,P003,936,0030,11
S1901066,P004,922,0030,182
S1901066,P004,923,0030,187
S1901066,P004,924,0030,0
S1901066,P004,936,0030,5
S1901066,P004,937,0030,10
E5400878,P010,911,0030,2
E5002890,P001,922,0030,2
E5002890,P002,922,0030,1
E5002890,P003,922,0030,2
E5002890,P001,923,0030,58
E5002890,P002,923,0030,75
E5002890,P003,923,0030,57
E5002890,P001,924,0030,2
E5002890,P002,924,0030,2
E5002890,P003,924,0030,2
E5002890,P001,926,0030,8
E5002890,P002,926,0030,17
E5002890,P003,926,0030,11
E5002890,P001,936,0030,13
E5002890,P002,936,0030,11
E5002890,P003,936,0030,12
S2201109,P711,911,0030,16
S2201109,P731,911,0030,15
S2201109,P741,911,0030,17
S2201109,P751,911,0030,15
S2201109,P711,923,0030,25
S2201109,P711,936,0030,6
S2201109,P711,922,0030,6
S2201109,P731,923,0030,48
S2201109,P731,936,0030,8
S2201109,P731,922,0030,33
S2201109,P741,923,0030,62
S2201109,P741,936,0030,5
S2201109,P741,922,0030,33
S2201109,P751,923,0030,58
S2201109,P751,936,0030,7
S2201109,P751,922,0030,39
S1602755,P101,922,0030,0
S1602755,P201,922,0030,0
S1602755,P301,922,0030,0
S1602755,P101,923,0030,0
S1602755,P201,923,0030,0
E5400878,P001,923,0030,24
E5400878,P001,936,0030,15
E5400878,P002,923,0030,13
E5400878,P002,936,0030,15
E5400878,P003,923,0030,15
E5400878,P003,936,0030,15
E5400878,P010,923,0030,15
E5400878,P010,936,0030,14
S1602755,P301,923,0030,0
S1602755,P101,924,0030,0
S1602755,P201,924,0030,0
S1602755,P301,924,0030,0
S1602755,P101,926,0030,0
S1602755,P201,926,0030,0
S1602755,P301,926,0030,0
S1602755,P101,936,0030,0
S1602755,P201,936,0030,0
S1602755,P301,936,0030,0
S1900685,P421,922,0030,10
S1900685,P421,923,0030,65
S1900685,P421,936,0030,6
S1900685,P411,922,0030,33
S1900685,P411,923,0030,52
S1900685,P411,936,0030,13
S1900569,P002,922,0030,0
S1900569,P012,922,0030,16
S1900569,P002,923,0030,0
S1900569,P012,923,0030,74
S1900569,P002,936,0030,0
S1900569,P012,936,0030,2
E5600841,P001,923,0030,0
E5600841,P001,936,0030,0
E5600841,P001,922,0030,0
E5600841,P002,923,0030,20
E5600841,P002,936,0030,5
E5600841,P002,922,0030,23
E5600841,P003,923,0030,12
E5600841,P003,936,0030,6
E5600841,P003,922,0030,24
E5600841,P004,923,0030,25
E5600841,P004,936,0030,5
E5600841,P004,922,0030,21
E5600841,P005,923,0030,24
E5600841,P005,936,0030,4
E5600841,P005,922,0030,20
E5600841,P006,923,0030,44
E5600841,P006,936,0030,6
E5600841,P006,922,0030,3
E5600841,P007,923,0030,47
E5600841,P007,936,0030,7
E5600841,P007,922,0030,5
E5600841,P008,923,0030,18
E5600841,P008,936,0030,7
E5600841,P008,922,0030,4
E5600841,P009,923,0030,9
E5600841,P009,936,0030,5
E5600841,P009,922,0030,19
E5600841,P010,923,0030,15
E5600841,P010,936,0030,5
E5600841,P010,922,0030,17
E5600841,PC23,923,0030,82
E5600841,PC23,936,0030,10
E5600841,PC23,922,0030,28
E5600841,PC83,923,0030,87
E5600841,PC83,936,0030,10
E5600841,PC83,922,0030,28
E5600841,PPB1,923,0030,9
E5600841,PPB1,936,0030,7
E5600841,PPB1,922,0030,12
E5600841,PPC1,923,0030,8
E5600841,PPC1,936,0030,3
E5600841,PPC1,922,0030,14
E5600841,PR54,923,0030,71
E5600841,PR54,936,0030,6
E5600841,PR54,922,0030,31
E5600841,PR61,923,0030,62
E5600841,PR61,936,0030,5
E5600841,PR61,922,0030,34
E5600841,PR62,923,0030,22
E5600841,PR62,936,0030,4
E5600841,PR62,922,0030,26
E5600841,PS11,923,0030,38
E5600841,PS11,936,0030,13
E5600841,PS11,922,0030,60
E5600841,PS31,923,0030,74
E5600841,PS31,936,0030,10
E5600841,PS31,922,0030,56
E5600841,PS51,923,0030,44
E5600841,PS51,936,0030,10
E5600841,PS51,922,0030,16
E5600841,PS71,923,0030,45
E5600841,PS71,936,0030,12
E5600841,PS71,922,0030,21
E5600896,P004,922,0030,0
E5600896,P004,923,0030,0
E5600896,P004,936,0030,0
E5600896,P005,922,0030,0
E5600896,P005,923,0030,0
E5600896,P005,936,0030,0
E5600896,P007,923,0030,46
E5600896,P007,936,0030,5
E5600896,P008,923,0030,58
E5600896,P008,936,0030,1
E5600798,P003,911,0030,0
S3200688,P001,911,0030,9
S3200688,P002,911,0030,12
S3200688,P003,911,0030,11
S3200688,P004,911,0030,9
S1601990,P001,911,0030,6
S1601990,P004,911,0030,4
S1601990,P049,911,0030,3
S3200688,P001,922,0030,49
S3200688,P001,923,0030,56
S3200688,P001,936,0030,4
S3200688,P002,922,0030,51
S3200688,P002,923,0030,57
S3200688,P002,936,0030,4
S3200688,P003,922,0030,41
S3200688,P003,923,0030,56
S3200688,P003,936,0030,6
S3200688,P004,922,0030,39
S3200688,P004,923,0030,61
S3200688,P004,936,0030,5
S3200688,P504,923,0030,15
S3200688,P504,936,0030,15
S3200688,P604,923,0030,14
S3200688,P604,936,0030,15
S3200688,P704,923,0030,17
S3200688,P704,936,0030,15
S3200688,P804,923,0030,21
S3200688,P804,936,0030,15
S3200688,P904,923,0030,20
S3200688,P904,936,0030,15
S2100223,P015,911,0036,10
E5600056,P004,911,0036,2
E5600056,P006,911,0036,0
E5600056,P007,911,0036,4
E5600056,P008,911,0036,5
E5600056,P009,911,0036,0
E5600056,P016,911,0036,3
E5600056,P017,911,0036,5
E5600056,P018,911,0036,4
E5600056,P021,911,0036,3
E5600056,P022,911,0036,3
E5600056,P023,911,0036,-12
E5600056,P024,911,0036,3
S2005081,P401,911,0036,7
S1900658,P014,911,0036,2
S2300438,P001,911,0036,4
S2001314,P004,911,0036,0
E2000554,P003,911,0036,12
S2300429,P701,911,0036,0
S2300429,PF01,911,0036,12
E5600850,PC01,911,0036,0
E5601197,P002,911,0036,3
E5601197,P003,911,0036,3
S1901066,P004,911,0036,6
E4900744,P001,911,0036,0
E4900744,P002,911,0036,0
E4900744,P023,911,0036,0
E5602998,P001,911,0036,1
E5602998,P002,911,0036,3
E5602998,P003,911,0036,3
E5602998,P004,911,0036,4
E5600869,P001,911,0036,4
S2201109,P711,911,0036,16
S2201109,P731,911,0036,15
S2201109,P741,911,0036,17
S2201109,P751,911,0036,15
E5002890,P001,911,0036,5
E5002890,P002,911,0036,5
E5002890,P003,911,0036,6
S2202553,P001,911,0036,1
S2202553,P002,911,0036,1
S2202553,P003,911,0036,2
E5600841,P001,911,0036,0
E5600841,P002,911,0036,5
E5600841,P003,911,0036,6
E5600841,P004,911,0036,5
E5600841,P005,911,0036,8
E5600841,P006,911,0036,10
E5600841,P007,911,0036,11
E5600841,P008,911,0036,10
E5600841,P009,911,0036,6
E5600841,P010,911,0036,6
E5600841,PC23,911,0036,11
E5600841,PC83,911,0036,11
E5600841,PPB1,911,0036,7
E5600841,PPC1,911,0036,6
E5600841,PR54,911,0036,2
E5600841,PR61,911,0036,3
E5600841,PR62,911,0036,6
E5600841,PS11,911,0036,8
E5600841,PS12,911,0036,6
E5600841,PS31,911,0036,12
E5600841,PS32,911,0036,6
E5600841,PS51,911,0036,9
E5600841,PS52,911,0036,11
E5600841,PS71,911,0036,13
E5600841,PS72,911,0036,11
S1900710,P070,911,0036,6
S1900710,P056,911,0036,3
S1900710,P015,911,0036,0
S1900710,P050,911,0036,4
S1900710,P060,911,0036,3
S1602755,P101,911,0036,0
S1602755,P201,911,0036,0
S1602755,P301,911,0036,0
S1900685,P002,911,0036,12
S1900685,P421,911,0036,8
S1900685,P411,911,0036,4
S1900569,P002,911,0036,0
S1900569,P012,911,0036,11
E5600896,P004,911,0036,0
E5600896,P005,911,0036,0
E5600798,P003,911,0036,0
S3200688,P001,911,0036,9
S3200688,P002,911,0036,12
S3200688,P003,911,0036,11
S3200688,P004,911,0036,9
S1601990,P001,911,0036,6
S1601990,P004,911,0036,4
S1601990,P049,911,0036,3
S2100223,P015,911,0042,10
E5600056,P004,911,0042,2
E5600056,P006,911,0042,0
E5600056,P007,911,0042,4
E5600056,P008,911,0042,5
E5600056,P009,911,0042,0
E5600056,P016,911,0042,3
E5600056,P017,911,0042,5
E5600056,P018,911,0042,5
E5600056,P021,911,0042,3
E5600056,P022,911,0042,3
E5600056,P023,911,0042,-12
E5600056,P024,911,0042,3
S2005081,P401,911,0042,7
S2001314,P004,911,0042,0
S1900658,P014,911,0042,2
S2300438,P001,911,0042,4
S1900710,P070,911,0042,6
S1900710,P015,911,0042,0
S1900710,P056,911,0042,4
S1900710,P050,911,0042,4
S1900710,P060,911,0042,3
E2000554,P003,911,0042,9
S2300429,P701,911,0042,0
S2300429,PF01,911,0042,11
E5600850,PC01,911,0042,0
E5600896,P004,911,0042,0
E5600896,P005,911,0042,0
E5601197,P002,911,0042,3
E5601197,P003,911,0042,3
E4900744,P001,911,0042,0
E4900744,P002,911,0042,0
E4900744,P023,911,0042,0
E5602998,P001,911,0042,1
E5602998,P002,911,0042,3
E5602998,P003,911,0042,3
E5602998,P004,911,0042,4
E5600869,P001,911,0042,4
S1601990,P001,911,0042,6
S1601990,P004,911,0042,4
S1601990,P049,911,0042,3
S2201109,P711,911,0042,16
S2201109,P731,911,0042,15
S2201109,P741,911,0042,17
S2201109,P751,911,0042,15
S1901066,P004,911,0042,6
E5002890,P001,911,0042,5
E5002890,P002,911,0042,5
E5002890,P003,911,0042,6
S2202553,P001,911,0042,1
S2202553,P002,911,0042,1
S2202553,P003,911,0042,2
E5600841,P001,911,0042,0
E5600841,P002,911,0042,5
E5600841,P003,911,0042,6
E5600841,P004,911,0042,5
E5600841,P005,911,0042,8
E5600841,P006,911,0042,11
E5600841,P007,911,0042,12
E5600841,P008,911,0042,15
E5600841,P009,911,0042,6
E5600841,P010,911,0042,6
E5600841,PC23,911,0042,11
E5600841,PC83,911,0042,11
E5600841,PPB1,911,0042,7
E5600841,PPC1,911,0042,6
E5600841,PR54,911,0042,2
E5600841,PR61,911,0042,3
E5600841,PR62,911,0042,6
E5600841,PS11,911,0042,8
E5600841,PS12,911,0042,5
E5600841,PS31,911,0042,12
E5600841,PS32,911,0042,5
E5600841,PS51,911,0042,9
E5600841,PS52,911,0042,11
E5600841,PS71,911,0042,13
E5600841,PS72,911,0042,12
S1602755,P101,911,0042,0
S1602755,P201,911,0042,0
S1602755,P301,911,0042,0
S1900685,P002,911,0042,12
S1900685,P421,911,0042,9
S1900685,P411,911,0042,4
S1900569,P002,911,0042,0
S1900569,P012,911,0042,11
E5600798,P003,911,0042,0
S3200688,P001,911,0042,9
S3200688,P002,911,0042,12
S3200688,P003,911,0042,10
S3200688,P004,911,0042,9
E5600056,P004,922,0045,8
E5600056,P004,923,0045,44
E5600056,P004,924,0045,5
E5600056,P004,936,0045,7
E5600056,P006,922,0045,0
E5600056,P006,923,0045,0
E5600056,P006,924,0045,0
E5600056,P006,936,0045,0
E5600056,P007,922,0045,0
E5600056,P007,923,0045,20
E5600056,P007,924,0045,6
E5600056,P007,936,0045,4
E5600056,P008,922,0045,3
E5600056,P008,923,0045,54
E5600056,P008,924,0045,20
E5600056,P008,936,0045,5
E5600056,P016,922,0045,0
E5600056,P016,923,0045,18
E5600056,P016,936,0045,11
E5600056,P017,922,0045,0
E5600056,P017,923,0045,23
E5600056,P017,924,0045,60
E5600056,P017,936,0045,6
E5600056,P018,922,0045,0
E5600056,P018,923,0045,16
E5600056,P018,924,0045,284
E5600056,P018,936,0045,3
E5600056,P021,922,0045,0
E5600056,P021,923,0045,41
E5600056,P021,924,0045,0
E5600056,P021,936,0045,5
E5600056,P024,922,0045,5
E5600056,P024,923,0045,27
E5600056,P024,924,0045,2
E5600056,P024,936,0045,5
E5600056,P034,922,0045,1
E5600056,P034,923,0045,31
E5600056,P034,936,0045,1
S2300438,P001,922,0045,0
S2300438,P001,923,0045,36
S2300438,P001,936,0045,10
S2300429,P701,922,0045,0
S2300429,P701,923,0045,0
S2300429,P701,936,0045,0
S2300429,PF01,922,0045,20
S2300429,PF01,923,0045,27
S2300429,PF01,936,0045,5
E5600850,PC01,923,0045,0
E5600850,PC01,924,0045,0
E5600850,PC01,936,0045,0
E5600850,PC01,926,0045,0
E4900744,P001,923,0045,0
E4900744,P023,923,0045,0
E4900744,P001,936,0045,0
E4900744,P023,936,0045,0
E5602998,P001,922,0045,2
E5602998,P001,923,0045,115
E5602998,P001,924,0045,6
E5602998,P001,926,0045,6
E5602998,P001,937,0045,6
E5602998,P001,936,0045,12
E5602998,P002,922,0045,5
S1900658,P014,923,0045,16
S1900658,P014,922,0045,9
S1900658,P014,936,0045,3
S2005081,P401,923,0045,60
S2005081,P401,922,0045,6
S2005081,P401,936,0045,7
S2001314,P004,923,0045,54
S2001314,P004,922,0045,14
S2001314,P004,936,0045,5
E2000554,P003,923,0045,36
E2000554,P003,922,0045,12
E2000554,P003,936,0045,6
S1900710,P070,923,0045,21
S1900710,P070,936,0045,7
S1900710,P070,922,0045,7
S1900710,P056,923,0045,38
S1900710,P056,936,0045,5
S1900710,P056,922,0045,19
S1900710,P015,923,0045,0
S1900710,P015,936,0045,0
S1900710,P015,922,0045,0
S1900710,P050,923,0045,88
S1900710,P050,936,0045,6
S1900710,P050,922,0045,41
S1900710,P060,923,0045,28
S1900710,P060,936,0045,7
S1900710,P060,922,0045,15
S2100223,P015,922,0045,35
S2100223,P015,923,0045,67
S2100223,P015,936,0045,6
E5600841,P004,923,0045,17
E5600841,P004,936,0045,5
E5600841,P004,922,0045,19
E5600841,P005,923,0045,16
E5600841,P005,936,0045,4
E5600841,P005,922,0045,18
E5600841,P006,923,0045,46
E5600841,P006,936,0045,6
E5600841,P006,922,0045,3
E5600841,P007,923,0045,42
E5600841,P007,936,0045,7
E5600841,P007,922,0045,4
E5600841,P008,923,0045,49
E5600841,P008,936,0045,7
E5600841,P008,922,0045,4
E5600841,P009,923,0045,9
E5600841,P009,936,0045,5
E5600841,P009,922,0045,20
E5600841,P010,923,0045,15
E5600841,P010,936,0045,5
E5600841,P010,922,0045,18
E5600841,PC23,923,0045,58
E5600841,PC23,936,0045,10
E5600841,PC23,922,0045,24
E5600841,PC83,923,0045,0
E5600841,PC83,936,0045,0
E5600841,PC83,922,0045,0
E5600841,PPB1,923,0045,9
E5600841,PPB1,936,0045,6
E5600841,PPB1,922,0045,12
E5600841,PPC1,923,0045,9
E5600841,PPC1,936,0045,3
E5600841,PPC1,922,0045,13
E5600841,PR54,923,0045,58
E5600841,PR54,936,0045,6
E5600841,PR54,922,0045,41
E5600841,PR61,923,0045,53
E5600841,PR61,936,0045,5
E5602998,P002,923,0045,115
E5602998,P002,924,0045,2
E5602998,P002,926,0045,19
E5602998,P002,937,0045,7
E5602998,P002,936,0045,11
E5602998,P003,922,0045,1
E5602998,P003,923,0045,112
E5602998,P003,924,0045,4
E5602998,P003,926,0045,25
E5602998,P003,937,0045,8
E5602998,P003,936,0045,10
E5602998,P004,922,0045,1
E5602998,P004,923,0045,135
E5602998,P004,924,0045,6
E5602998,P004,926,0045,21
E5602998,P004,937,0045,8
E5602998,P004,936,0045,10
E5600869,P001,922,0045,89
E5600869,P001,923,0045,119
E5600869,P001,936,0045,8
S2201109,P711,923,0045,25
S2201109,P711,936,0045,6
S2201109,P711,922,0045,7
S2201109,P731,923,0045,44
S2201109,P731,936,0045,7
S2201109,P731,922,0045,33
S2201109,P741,923,0045,62
S2201109,P741,936,0045,5
S2201109,P741,922,0045,32
S2201109,P751,923,0045,63
S2201109,P751,936,0045,7
S2201109,P751,922,0045,33
S1901066,P004,922,0045,178
S1901066,P004,923,0045,185
S1901066,P004,924,0045,0
S1901066,P004,936,0045,6
S1901066,P004,937,0045,10
E5002890,P001,922,0045,2
E5002890,P002,922,0045,1
E5002890,P003,922,0045,2
E5002890,P001,923,0045,73
E5002890,P002,923,0045,92
E5002890,P003,923,0045,59
E5002890,P001,924,0045,7
E5002890,P002,924,0045,2
E5002890,P003,924,0045,2
E5002890,P001,926,0045,10
E5002890,P002,926,0045,16
E5002890,P003,926,0045,11
E5002890,P001,936,0045,13
E5002890,P002,936,0045,11
E5002890,P003,936,0045,13
S2202553,P001,922,0045,12
S2202553,P002,922,0045,6
S2202553,P003,922,0045,15
S2202553,P001,923,0045,95
S2202553,P002,923,0045,88
S2202553,P003,923,0045,92
S2202553,P001,924,0045,3
S2202553,P002,924,0045,4
S2202553,P003,924,0045,6
S2202553,P001,926,0045,12
S2202553,P002,926,0045,7
S2202553,P003,926,0045,10
S2202553,P001,936,0045,8
S2202553,P002,936,0045,9
S2202553,P003,936,0045,9
S1602755,P101,922,0045,0
S1602755,P201,922,0045,0
S1602755,P301,922,0045,0
S1602755,P101,923,0045,0
S1602755,P201,923,0045,0
S1602755,P301,923,0045,0
S1602755,P101,924,0045,0
S1602755,P201,924,0045,0
S1602755,P301,924,0045,0
S1602755,P101,926,0045,0
S1602755,P201,926,0045,0
S1602755,P301,926,0045,0
S1602755,P101,936,0045,0
S1602755,P201,936,0045,0
S1602755,P301,936,0045,0
S1900685,P421,922,0045,10
S1900685,P421,923,0045,65
S1900685,P421,936,0045,6
S1900685,P411,922,0045,32
S1900685,P411,923,0045,50
S1900685,P411,936,0045,13
S1900569,P002,922,0045,0
S1900569,P012,922,0045,15
S1900569,P002,923,0045,0
S1900569,P012,923,0045,77
S1900569,P002,936,0045,0
S1900569,P012,936,0045,2
E5600841,P001,923,0045,0
E5600841,P001,936,0045,0
E5600841,P001,922,0045,0
E5600841,P002,923,0045,25
E5600841,P002,936,0045,5
E5600841,P002,922,0045,23
E5600841,P003,923,0045,17
E5600841,P003,936,0045,6
E5600841,P003,922,0045,23
E5600841,PR61,922,0045,38
E5600841,PR62,923,0045,35
E5600841,PR62,936,0045,5
E5600841,PR62,922,0045,24
E5600841,PS11,923,0045,37
E5600841,PS11,936,0045,12
E5600841,PS11,922,0045,66
E5600841,PS31,923,0045,73
E5600841,PS31,936,0045,10
E5600841,PS31,922,0045,57
E5600841,PS51,923,0045,45
E5600841,PS51,936,0045,10
E5600841,PS51,922,0045,17
E5600841,PS71,923,0045,46
E5600841,PS71,936,0045,12
E5600841,PS71,922,0045,21
E5600896,P004,922,0045,0
E5600896,P004,923,0045,0
E5600896,P004,936,0045,0
E5600896,P005,922,0045,0
E5600896,P005,923,0045,0
E5600896,P005,936,0045,0
E5600896,P007,923,0045,46
E5600896,P007,936,0045,5
E5600896,P008,923,0045,58
E5600896,P008,936,0045,1
S3200688,P001,922,0045,48
S3200688,P001,923,0045,61
S3200688,P001,936,0045,4
S3200688,P002,922,0045,50
S3200688,P002,923,0045,60
S3200688,P002,936,0045,4
S3200688,P003,922,0045,41
S3200688,P003,923,0045,57
S3200688,P003,936,0045,6
S3200688,P004,922,0045,39
S3200688,P004,923,0045,60
S3200688,P004,936,0045,5
S3200688,P504,923,0045,15
S3200688,P504,936,0045,15
S3200688,P604,923,0045,14
S3200688,P604,936,0045,15
S3200688,P704,923,0045,17
S3200688,P704,936,0045,15
S3200688,P804,923,0045,21
S3200688,P804,936,0045,15
S3200688,P904,923,0045,20
S3200688,P904,936,0045,15
S2201109,P711,911,0048,16
S2201109,P731,911,0048,15
S2201109,P741,911,0048,17
S2201109,P751,911,0048,15
S1901066,P004,911,0048,6
E5002890,P001,911,0048,5
E5002890,P002,911,0048,5
E5002890,P003,911,0048,6
S2202553,P001,911,0048,1
S2202553,P002,911,0048,1
S2202553,P003,911,0048,2
E5600841,P001,911,0048,0
E5600841,P002,911,0048,5
E5600841,P003,911,0048,6
E5600841,P004,911,0048,5
E5600841,P005,911,0048,8
E5600841,P006,911,0048,10
E5600841,P007,911,0048,12
E5600841,P008,911,0048,16
E5600841,P009,911,0048,6
E5600841,P010,911,0048,6
E5600841,PC23,911,0048,14
E5600841,PC83,911,0048,11
E5600841,PPB1,911,0048,7
E5600841,PPC1,911,0048,6
E5600841,PR54,911,0048,2
E5600841,PR61,911,0048,3
E5600841,PR62,911,0048,6
E5600841,PS11,911,0048,8
E5600841,PS12,911,0048,5
E5600841,PS31,911,0048,12
E5600841,PS32,911,0048,5
E5600841,PS51,911,0048,8
E5600841,PS52,911,0048,12
E5600841,PS71,911,0048,13
E5600841,PS72,911,0048,11
S1900710,P070,911,0048,6
S1900710,P015,911,0048,0
S1900710,P056,911,0048,3
S1900710,P050,911,0048,4
S1900710,P060,911,0048,3
S1602755,P101,911,0048,0
S1602755,P201,911,0048,0
S1602755,P301,911,0048,0
S1900685,P002,911,0048,12
S1900685,P421,911,0048,8
S1900685,P411,911,0048,4
S1900569,P002,911,0048,0
S1900569,P012,911,0048,11
E5600056,P004,911,0048,2
E5600056,P006,911,0048,0
E5600056,P007,911,0048,3
E5600056,P008,911,0048,5
E5600056,P009,911,0048,0
E5600056,P016,911,0048,3
E5600056,P017,911,0048,4
E5600056,P018,911,0048,5
E5600056,P021,911,0048,3
E5600056,P022,911,0048,3
E5600056,P023,911,0048,-12
E5600056,P024,911,0048,3
S2100223,P015,911,0048,10
S2005081,P401,911,0048,7
S2001314,P004,911,0048,0
S1900658,P014,911,0048,2
S2300438,P001,911,0048,4
E2000554,P003,911,0048,11
S2300429,P701,911,0048,0
S2300429,PF01,911,0048,11
E5600850,PC01,911,0048,0
E5601197,P002,911,0048,3
E5601197,P003,911,0048,3
E4900744,P001,911,0048,0
E4900744,P002,911,0048,0
E4900744,P023,911,0048,0
E5602998,P001,911,0048,1
E5602998,P002,911,0048,3
E5602998,P003,911,0048,2
E5602998,P004,911,0048,5
E5600869,P001,911,0048,4
E5600896,P004,911,0048,0
E5600896,P005,911,0048,0
E5400878,P010,911,0048,2
E5600798,P003,911,0048,0
S3200688,P001,911,0048,9
S3200688,P002,911,0048,12
S3200688,P003,911,0048,10
S3200688,P004,911,0048,12
S1601990,P001,911,0048,5
S1601990,P004,911,0048,4
S1601990,P049,911,0048,3
S2005081,P401,911,0054,7
S2001314,P004,911,0054,6
S1900658,P014,911,0054,1
S2300438,P001,911,0054,4
E2000554,P003,911,0054,9
S2300429,P701,911,0054,0
S2300429,PF01,911,0054,11
E5601197,P002,911,0054,3
E5601197,P003,911,0054,3
E5600850,PC01,911,0054,0
E4900744,P001,911,0054,0
E4900744,P002,911,0054,0
E4900744,P023,911,0054,0
E5602998,P001,911,0054,1
E5602998,P002,911,0054,3
E5600056,P004,911,0054,2
E5600056,P006,911,0054,0
E5600056,P007,911,0054,3
E5600056,P008,911,0054,5
E5600056,P009,911,0054,0
E5600056,P016,911,0054,3
E5600056,P017,911,0054,4
E5600056,P018,911,0054,5
E5600056,P021,911,0054,3
E5600056,P022,911,0054,4
E5600056,P023,911,0054,-12
E5600056,P024,911,0054,3
S2100223,P015,911,0054,10
E5600841,P004,911,0054,5
E5600841,P005,911,0054,8
E5600841,P006,911,0054,10
E5600841,P007,911,0054,11
E5600841,P008,911,0054,15
E5600841,P009,911,0054,6
E5600841,P010,911,0054,6
E5600841,PC23,911,0054,14
E5600841,PC83,911,0054,0
E5600841,PPB1,911,0054,7
E5600841,PPC1,911,0054,6
E5600841,PR54,911,0054,2
E5602998,P003,911,0054,1
E5602998,P004,911,0054,5
E5600869,P001,911,0054,4
S2201109,P711,911,0054,16
S2201109,P731,911,0054,16
S2201109,P741,911,0054,17
S2201109,P751,911,0054,15
S1901066,P004,911,0054,6
E5002890,P001,911,0054,5
E5002890,P002,911,0054,5
E5002890,P003,911,0054,6
S1900710,P070,911,0054,6
S1900710,P015,911,0054,0
S1900710,P056,911,0054,3
S1900710,P050,911,0054,4
S1900710,P060,911,0054,3
S2202553,P001,911,0054,1
S2202553,P002,911,0054,1
S2202553,P003,911,0054,2
S1602755,P101,911,0054,0
S1602755,P201,911,0054,0
S1602755,P301,911,0054,0
S1900685,P002,911,0054,12
S1900685,P421,911,0054,8
S1900685,P411,911,0054,4
S1900569,P002,911,0054,0
S1900569,P012,911,0054,11
E5600841,P001,911,0054,0
E5600841,P002,911,0054,5
E5600841,P003,911,0054,6
E5600841,PR61,911,0054,3
E5600841,PR62,911,0054,6
E5600841,PS11,911,0054,8
E5600841,PS12,911,0054,6
E5600841,PS31,911,0054,12
E5600841,PS32,911,0054,5
E5600841,PS51,911,0054,8
E5600841,PS52,911,0054,12
E5600841,PS71,911,0054,12
E5600841,PS72,911,0054,11
E5600896,P004,911,0054,0
E5600896,P005,911,0054,0
E5600798,P003,911,0054,0
S3200688,P001,911,0054,9
S3200688,P002,911,0054,12
S3200688,P003,911,0054,11
S3200688,P004,911,0054,9
S1601990,P001,911,0054,5
S1601990,P004,911,0054,4
S1601990,P049,911,0054,3
E5600056,P004,911,0100,2
E5600056,P006,911,0100,0
E5600056,P007,911,0100,3
E5600056,P008,911,0100,5
E5600056,P009,911,0100,0
E5600056,P016,911,0100,3
E5600056,P017,911,0100,4
E5600056,P018,911,0100,4
E5600056,P021,911,0100,3
E5600056,P022,911,0100,3
E5600056,P023,911,0100,-12
E5600056,P024,911,0100,3
E5600056,P004,922,0100,9
E5600056,P004,923,0100,45
E5600056,P004,924,0100,3
E5600056,P004,936,0100,7
E5600056,P006,922,0100,0
E5600056,P006,923,0100,0
E5600056,P006,924,0100,0
E5600056,P006,936,0100,0
E5600056,P007,922,0100,0
E5600056,P007,923,0100,18
E5600056,P007,924,0100,3
E5600056,P007,936,0100,4
E5600056,P008,922,0100,3
E5600056,P008,923,0100,50
E5600056,P008,924,0100,7
E5600056,P008,936,0100,5
E5600056,P016,922,0100,0
E5600056,P016,923,0100,18
E5600056,P016,936,0100,11
E5600056,P017,922,0100,0
E5600056,P017,923,0100,23
E5600056,P017,924,0100,72
E5600056,P017,936,0100,6
E5600056,P018,922,0100,0
E5600056,P018,923,0100,17
E5600056,P018,936,0100,3
E5600056,P021,922,0100,0
E5600056,P021,923,0100,43
E5600056,P021,936,0100,4
E5600056,P024,922,0100,5
E5600056,P024,923,0100,27
E5600056,P024,924,0100,2
E5600056,P024,936,0100,5
E5600056,P034,923,0100,31
E5600056,P034,936,0100,1
E5600056,P004,222,0100,9
E5600056,P004,223,0100,45
E5600056,P004,224,0100,4
E5600056,P004,236,0100,7
E5600056,P004,248,0100,75269
E5600056,P004,259,0100,115
E5600056,P006,222,0100,0
E5600056,P006,223,0100,0
E5600056,P006,224,0100,0
E5600056,P006,236,0100,0
E5600056,P006,259,0100,0
E5600056,P007,222,0100,0
E5600056,P007,223,0100,20
E5600056,P007,224,0100,4
E5600056,P007,236,0100,4
E5600056,P007,248,0100,62040
E5600056,P007,259,0100,138
E5600056,P008,222,0100,3
E5600056,P008,223,0100,54
E5600056,P008,224,0100,17
E5600056,P008,236,0100,5
E5600056,P008,248,0100,87554
E5600056,P008,259,0100,197
E5600056,P016,222,0100,0
E5600056,P016,223,0100,18
E5600056,P016,236,0100,11
E5600056,P017,222,0100,0
E5600056,P017,223,0100,23
E5600056,P017,224,0100,56
E5600056,P017,236,0100,6
E5600056,P017,248,0100,336329
E5600056,P017,259,0100,258
E5600056,P018,222,0100,0
E5600056,P018,223,0100,16
E5600056,P018,224,0100,296
E5600056,P018,236,0100,3
E5600056,P018,248,0100,290783
E5600056,P018,259,0100,228
E5600056,P021,222,0100,0
E5600056,P021,223,0100,40
E5600056,P021,224,0100,0
E5600056,P021,236,0100,4
E5600056,P021,248,0100,67893
E5600056,P021,259,0100,136
E5600056,P024,222,0100,5
E5600056,P024,223,0100,28
E5600056,P024,224,0100,2
E5600056,P024,236,0100,5
E5600056,P024,248,0100,198633
E5600056,P024,259,0100,118
E5600056,P034,223,0100,31
E5600056,P034,236,0100,1
E5600056,P034,248,0100,665259
E5600056,P034,259,0100,61
S1900710,P015,248,0100,0
S1900710,P015,223,0100,0
S1900710,P015,236,0100,0
S1900710,P015,222,0100,0
S1900710,P015,259,0100,0
S1900710,P056,248,0100,133992
S1900710,P056,223,0100,39
S1900710,P056,236,0100,5
S1900710,P056,222,0100,20
S1900710,P056,259,0100,120
S1900710,P050,911,0100,4
S1900710,P060,911,0100,3
S1900710,P050,923,0100,83
S1900710,P050,936,0100,6
S1900710,P050,922,0100,41
S1900710,P060,923,0100,29
S1900710,P060,936,0100,7
S1900710,P060,922,0100,15
S1900710,P050,248,0100,54432
S1900710,P050,223,0100,88
S1900710,P050,236,0100,6
S1900710,P050,222,0100,40
S1900710,P050,259,0100,125
S1900710,P060,248,0100,158436
S1900710,P060,223,0100,28
S1900710,P060,236,0100,7
S1900710,P060,222,0100,15
S1900710,P060,259,0100,100
S1900685,P002,911,0100,12
S1900685,P421,911,0100,8
S1900685,P411,911,0100,4
S1602755,P101,911,0100,0
S1602755,P201,911,0100,0
S1602755,P301,911,0100,0
S1900569,P002,911,0100,0
S1900569,P012,911,0100,11
S2100223,P015,922,0100,23
S2100223,P015,923,0100,69
S2100223,P015,936,0100,6
S2300438,P001,922,0100,0
S2300438,P001,923,0100,36
S2300438,P001,936,0100,10
E5600850,PC01,924,0100,0
E5600850,PC01,936,0100,0
E5600850,PC01,926,0100,0
E5600896,P004,911,0100,0
E5600896,P005,911,0100,0
E5602998,P001,922,0100,2
E5602998,P001,923,0100,122
E5602998,P001,924,0100,4
E5602998,P001,926,0100,11
E5602998,P001,937,0100,6
E5602998,P001,936,0100,11
E5602998,P002,922,0100,6
E5602998,P002,923,0100,120
E5602998,P002,924,0100,6
E5602998,P002,926,0100,21
E5602998,P002,937,0100,7
E5602998,P002,936,0100,11
E5602998,P003,922,0100,1
E5602998,P003,923,0100,113
E5602998,P003,924,0100,6
E5602998,P003,926,0100,17
E5602998,P003,937,0100,8
E5602998,P003,936,0100,10
E5602998,P004,922,0100,3
E5602998,P004,923,0100,133
E5602998,P004,924,0100,7
E5602998,P004,926,0100,17
E5602998,P004,937,0100,9
E5602998,P004,936,0100,9
S1901066,P004,922,0100,173
S1901066,P004,923,0100,183
S1901066,P004,924,0100,0
S1901066,P004,936,0100,6
S1901066,P004,937,0100,10
E4900744,P001,923,0100,0
E4900744,P023,923,0100,0
E4900744,P001,936,0100,0
E4900744,P023,936,0100,0
E5600869,P001,922,0100,89
E5600869,P001,923,0100,115
E5600869,P001,936,0100,8
S2300429,P701,911,0100,0
S2300429,P701,922,0100,0
S2300429,P701,923,0100,0
S2300429,P701,936,0100,0
S2300429,PF01,911,0100,11
S2300429,PF01,922,0100,21
S2300429,PF01,923,0100,26
S2300429,PF01,936,0100,5
E5002890,P001,922,0100,2
E5002890,P002,922,0100,1
E5002890,P003,922,0100,2
E5002890,P001,923,0100,68
E5002890,P002,923,0100,79
E5002890,P003,923,0100,63
E5002890,P001,924,0100,9
E5002890,P002,924,0100,2
E5002890,P003,924,0100,2
E5002890,P001,926,0100,19
E5002890,P002,926,0100,17
E5002890,P003,926,0100,10
E5002890,P001,936,0100,13
E5002890,P002,936,0100,12
E5002890,P003,936,0100,12
S2202553,P001,922,0100,12
S2202553,P002,922,0100,8
S2202553,P003,922,0100,24
S2202553,P001,923,0100,103
S2202553,P002,923,0100,87
S1602755,P301,926,0100,0
S1602755,P101,936,0100,0
S1602755,P201,936,0100,0
S1602755,P301,936,0100,0
S1900685,P421,922,0100,10
S1900685,P421,923,0100,69
S1900685,P421,936,0100,6
S1900685,P411,922,0100,33
S1900685,P411,923,0100,52
S1900685,P411,936,0100,13
S1900569,P002,922,0100,0
S1900569,P012,922,0100,24
S1900569,P002,923,0100,0
S1900569,P012,923,0100,75
S1900569,P002,936,0100,0
S1900569,P012,936,0100,2
S2100223,P015,911,0100,10
S2100223,P015,222,0100,52
S2100223,P015,223,0100,70
S2100223,P015,236,0100,6
S2100223,P015,248,0100,128267
S2100223,P015,259,0100,136
S2005081,P401,911,0100,7
S2005081,P401,923,0100,59
S2005081,P401,922,0100,6
S2005081,P401,936,0100,7
S2001314,P004,911,0100,6
S2001314,P004,923,0100,53
S2001314,P004,922,0100,14
S2001314,P004,936,0100,4
S1900658,P014,911,0100,1
S1900658,P014,923,0100,16
S1900658,P014,922,0100,10
S1900658,P014,936,0100,3
S2300438,P001,911,0100,4
E2000554,P003,911,0100,9
E2000554,P003,923,0100,34
E2000554,P003,922,0100,12
E2000554,P003,936,0100,6
E5601197,P002,911,0100,3
E5601197,P003,911,0100,3
E5600850,PC01,911,0100,0
E4900744,P001,911,0100,0
E4900744,P002,911,0100,0
E4900744,P023,911,0100,0
E5602998,P001,911,0100,1
E5602998,P002,911,0100,3
E5602998,P003,911,0100,2
E5602998,P004,911,0100,5
E5600869,P001,911,0100,4
S2202553,P001,911,0100,1
S2202553,P002,911,0100,1
S2202553,P003,911,0100,2
S1901066,P004,911,0100,6
E5002890,P001,911,0100,5
E5002890,P002,911,0100,5
E5002890,P003,911,0100,6
E5600841,P001,911,0100,0
E5600841,P002,911,0100,5
E5600841,P003,911,0100,6
E5600841,P004,911,0100,5
E5600841,P005,911,0100,8
E5600841,P006,911,0100,10
E5600841,P007,911,0100,10
E5600841,P008,911,0100,14
E5600841,P009,911,0100,6
E5600841,P010,911,0100,6
E5600841,PC23,911,0100,11
E5600841,PC83,911,0100,0
E5600841,PPB1,911,0100,7
E5600841,PPC1,911,0100,6
E5600841,PR54,911,0100,2
E5600841,PR61,911,0100,3
E5600841,PR62,911,0100,6
E5600841,PS11,911,0100,8
E5600841,PS12,911,0100,6
E5600841,PS31,911,0100,12
E5600841,PS32,911,0100,5
E5600841,PS51,911,0100,8
E5600841,PS52,911,0100,12
E5600841,PS71,911,0100,12
E5600841,PS72,911,0100,12
S1900710,P070,911,0100,6
S1900710,P070,923,0100,21
S1900710,P070,936,0100,7
S1900710,P070,922,0100,7
S1900710,P070,248,0100,203796
S1900710,P070,223,0100,21
S1900710,P070,236,0100,7
S1900710,P070,222,0100,7
S1900710,P070,259,0100,73
S1900710,P015,911,0100,0
S1900710,P056,911,0100,3
S1900710,P015,923,0100,0
S1900710,P015,936,0100,0
S1900710,P015,922,0100,0
S1900710,P056,923,0100,39
S1900710,P056,936,0100,6
S1900710,P056,922,0100,20
E5600850,PC01,923,0100,0
S2202553,P003,923,0100,83
S2202553,P001,924,0100,3
S2202553,P002,924,0100,4
S2202553,P003,924,0100,7
S2202553,P001,926,0100,14
S2202553,P002,926,0100,9
S2202553,P003,926,0100,13
S2202553,P001,936,0100,9
S2202553,P002,936,0100,8
S2202553,P003,936,0100,9
S1602755,P101,922,0100,0
S1602755,P201,922,0100,0
S1602755,P301,922,0100,0
S1602755,P101,923,0100,0
S1602755,P201,923,0100,0
S1602755,P301,923,0100,0
S1602755,P101,924,0100,0
S1602755,P201,924,0100,0
S1602755,P301,924,0100,0
S1602755,P101,926,0100,0
S1602755,P201,926,0100,0
E5600841,P001,923,0100,0
E5600841,P001,936,0100,0
E5600841,P001,922,0100,0
E5600841,P002,923,0100,21
E5600841,P002,936,0100,5
E5600841,P002,922,0100,23
E5600841,P003,923,0100,16
E5600841,P003,936,0100,6
E5600841,P003,922,0100,24
E5600841,P004,923,0100,16
E5600841,P004,936,0100,5
E5600841,P004,922,0100,20
E5600841,P005,923,0100,17
E5600841,P005,936,0100,4
E5600841,P005,922,0100,18
E5600841,P006,923,0100,46
E5600841,P006,936,0100,6
E5600841,P006,922,0100,3
E5600841,P007,923,0100,44
E5600841,P007,936,0100,7
E5600841,P007,922,0100,4
E5600841,P008,923,0100,74
E5600841,P008,936,0100,7
E5600841,P008,922,0100,4
E5600841,P009,923,0100,9
E5600841,P009,936,0100,5
E5600841,P009,922,0100,20
E5600841,P010,923,0100,16
E5600841,P010,936,0100,6
E5600841,P010,922,0100,17
E5600841,PC23,923,0100,90
E5600841,PC23,936,0100,8
E5600841,PC23,922,0100,26
E5600841,PC83,923,0100,0
E5600841,PC83,936,0100,0
E5600841,PC83,922,0100,0
E5600841,PPB1,923,0100,9
E5600841,PPB1,936,0100,8
E5600841,PPB1,922,0100,12
E5600841,PPC1,923,0100,9
E5600841,PPC1,936,0100,3
E5600841,PPC1,922,0100,12
E5600841,PR54,923,0100,60
E5600841,PR54,936,0100,6
E5600841,PR54,922,0100,39
E5600841,PR61,923,0100,61
E5600841,PR61,936,0100,6
E5600841,PR61,922,0100,32
E5600841,PR62,923,0100,39
E5600841,PR62,936,0100,5
E5600841,PR62,922,0100,21
E5600841,PS11,923,0100,36
E5600841,PS11,936,0100,12
E5600841,PS11,922,0100,63
E5600841,PS31,923,0100,74
E5600841,PS31,936,0100,10
E5600841,PS31,922,0100,57
E5600841,PS51,923,0100,46
E5600841,PS51,936,0100,10
E5600841,PS51,922,0100,15
E5600841,PS71,923,0100,44
E5600841,PS71,936,0100,13
E5600841,PS71,922,0100,21
E5600896,P004,922,0100,0
E5600896,P004,923,0100,0
E5600896,P004,936,0100,0
E5600896,P005,922,0100,0
E5600896,P005,923,0100,0
E5600896,P005,936,0100,0
E5600896,P007,923,0100,46
E5600896,P007,936,0100,5
E5600896,P008,923,0100,58
E5600896,P008,936,0100,1
S3200688,P001,922,0100,48
S3200688,P001,923,0100,61
S3200688,P001,936,0100,4
S3200688,P002,922,0100,50
S3200688,P002,923,0100,58
S3200688,P002,936,0100,4
S3200688,P003,922,0100,42
S3200688,P003,923,0100,56
S3200688,P003,936,0100,6
S3200688,P004,922,0100,40
S3200688,P004,923,0100,58
S3200688,P004,936,0100,5
S3200688,P504,923,0100,14
S3200688,P504,936,0100,15
S3200688,P604,923,0100,14
S3200688,P604,936,0100,15
S3200688,P704,923,0100,16
S3200688,P704,936,0100,15
S3200688,P804,923,0100,20
S3200688,P804,936,0100,15
S3200688,P904,923,0100,20
S3200688,P904,936,0100,15
E5602998,P001,222,0100,1
E5602998,P001,223,0100,119
E5602998,P001,224,0100,6
E5602998,P001,226,0100,11
E5602998,P001,237,0100,7
E5602998,P001,236,0100,11
E5602998,P001,248,0100,83028
E5602998,P001,259,0100,180
E5602998,P002,222,0100,4
E5602998,P002,223,0100,111
E5602998,P002,224,0100,3
E5602998,P002,226,0100,17
E5602998,P002,237,0100,7
E5602998,P002,236,0100,11
E5602998,P002,248,0100,86941
E5602998,P002,259,0100,159
E5602998,P003,222,0100,2
E5602998,P003,223,0100,114
E5602998,P003,224,0100,5
E5602998,P003,226,0100,19
E5602998,P003,237,0100,8
E5602998,P003,236,0100,10
E5602998,P003,248,0100,79809
E5602998,P003,259,0100,156
E5602998,P004,222,0100,3
E5602998,P004,223,0100,136
E5602998,P004,224,0100,7
E5602998,P004,226,0100,18
E5602998,P004,237,0100,9
E5602998,P004,236,0100,9
E5602998,P004,248,0100,74404
E5602998,P004,259,0100,142
E4900744,P001,223,0100,0
E4900744,P023,223,0100,0
E4900744,P001,236,0100,0
E4900744,P023,236,0100,0
E4900744,P001,248,0100,0
E4900744,P006,248,0100,682
E4900744,P023,248,0100,0
E4900744,P001,259,0100,0
E4900744,P023,259,0100,0
E5002890,P001,222,0100,2
E5002890,P002,222,0100,1
E5002890,P003,222,0100,2
E5002890,P001,223,0100,73
E5002890,P002,223,0100,77
E5002890,P003,223,0100,62
E5002890,P001,224,0100,5
E5002890,P002,224,0100,2
E5002890,P003,224,0100,2
E5002890,P001,226,0100,16
E5002890,P002,226,0100,13
E5002890,P003,226,0100,10
E5002890,P001,236,0100,13
E5002890,P002,236,0100,11
E5002890,P003,236,0100,11
E5002890,P001,248,0100,49150
E5002890,P002,248,0100,57576
E5002890,P003,248,0100,57550
E5002890,P001,259,0100,168
E5002890,P002,259,0100,162
E5002890,P003,259,0100,162
E5600869,P001,222,0100,97
E5600869,P001,223,0100,121
E5600869,P001,236,0100,8
E5600869,P001,248,0100,52464
E5600869,P001,259,0100,83
S2202553,P001,222,0100,13
S2202553,P002,222,0100,9
S2202553,P003,222,0100,20
S2202553,P001,223,0100,100
S2202553,P002,223,0100,89
S2202553,P003,223,0100,90
S2202553,P001,224,0100,4
S2202553,P002,224,0100,3
S2202553,P003,224,0100,5
S2202553,P001,226,0100,14
S2202553,P002,226,0100,10
S2202553,P003,226,0100,16
S2202553,P001,236,0100,9
S2202553,P002,236,0100,9
S2202553,P003,236,0100,10
S2202553,P001,248,0100,115515
S2202553,P002,248,0100,120340
S2202553,P003,248,0100,102447
S2202553,P001,259,0100,153
S2202553,P002,259,0100,149
S2202553,P003,259,0100,155
S1602755,P101,222,0100,0
S1602755,P201,222,0100,0
S1602755,P301,222,0100,0
S1602755,P101,223,0100,0
S1602755,P201,223,0100,0
S1602755,P301,223,0100,0
S1602755,P101,224,0100,0
S1602755,P201,224,0100,0
S1602755,P301,224,0100,0
S1602755,P101,226,0100,0
S1602755,P201,226,0100,0
S1602755,P301,226,0100,0
S1602755,P101,236,0100,0
S1602755,P201,236,0100,0
S1602755,P301,236,0100,0
S1602755,P101,248,0100,0
S1602755,P201,248,0100,0
S1602755,P301,248,0100,0
S1602755,P101,259,0100,0
S1602755,P201,259,0100,0
S1602755,P301,259,0100,0
S1900658,P014,248,0100,121062
S1900658,P014,259,0100,93
S1900658,P014,223,0100,17
S1900658,P014,222,0100,9
S1900658,P014,236,0100,3
S1900685,P421,222,0100,11
S1900685,P421,223,0100,68
S1900685,P421,236,0100,6
S1900685,P421,248,0100,316805
S1900685,P421,259,0100,52
S1900685,P411,222,0100,33
S1900685,P411,223,0100,51
S1900685,P411,236,0100,13
S1900685,P411,248,0100,17027
S1900685,P411,259,0100,124
S2005081,P401,248,0100,162435
S2005081,P401,259,0100,80
S2005081,P401,223,0100,59
S2005081,P401,222,0100,6
S2005081,P401,236,0100,7
E2000554,P003,248,0100,296678
E2000554,P003,259,0100,55
E2000554,P003,223,0100,35
E2000554,P003,222,0100,12
E2000554,P003,236,0100,6
S2001314,P004,248,0100,298591
S2001314,P004,259,0100,55
S2001314,P004,223,0100,50
S2001314,P004,222,0100,14
S2001314,P004,236,0100,4
S1900569,P002,222,0100,0
S1900569,P012,222,0100,32
E5600841,P003,222,0100,22
E5600841,P003,259,0100,161
E5600841,P004,248,0100,166881
E5600841,P004,223,0100,15
E5600841,P004,236,0100,5
E5600841,P004,222,0100,19
E5600841,P004,259,0100,177
E5600841,P005,248,0100,196116
E5600841,P005,223,0100,16
E5600841,P005,236,0100,4
E5600841,P005,222,0100,18
E5600841,P005,259,0100,192
E5600841,P006,248,0100,232033
E5600841,P006,223,0100,46
E5600841,P006,236,0100,6
E5600841,P006,222,0100,3
E5600841,P006,259,0100,55
E5600841,P007,248,0100,230788
E5600841,P007,223,0100,43
E5600841,P007,236,0100,7
E5600841,P007,222,0100,4
E5600841,P007,259,0100,50
E5600841,P008,248,0100,221866
E5600841,P008,223,0100,54
E5600841,P008,236,0100,7
E5600841,P008,222,0100,4
E5600841,P008,259,0100,56
E5600841,P009,248,0100,345332
E5600841,P009,223,0100,10
E5600841,P009,236,0100,5
E5600841,P009,222,0100,19
E5600841,P009,259,0100,121
E5600841,P010,248,0100,402207
S1900569,P002,223,0100,0
S1900569,P012,223,0100,76
S1900569,P002,236,0100,0
S1900569,P012,236,0100,2
S1900569,P002,248,0100,0
S1900569,P012,248,0100,98558
S1900569,P002,259,0100,0
S1900569,P012,259,0100,81
E5600841,P001,248,0100,0
E5600841,P001,223,0100,0
E5600841,P001,236,0100,0
E5600841,P001,222,0100,0
E5600841,P001,259,0100,0
E5600841,P002,248,0100,190541
E5600841,P002,223,0100,17
E5600841,P002,236,0100,5
E5600841,P002,222,0100,22
E5600841,P002,259,0100,168
E5600841,P003,248,0100,193623
E5600841,P003,223,0100,11
E5600841,P003,236,0100,6
E5600841,P010,223,0100,16
E5600841,P010,236,0100,6
E5600841,P010,222,0100,17
E5600841,P010,259,0100,110
E5600841,PC23,248,0100,28235
E5600841,PC23,223,0100,75
E5600841,PC23,236,0100,8
E5600841,PC23,222,0100,27
E5600841,PC23,259,0100,159
E5600841,PC83,248,0100,0
E5600841,PC83,223,0100,0
E5600841,PC83,236,0100,0
E5600841,PC83,222,0100,0
E5600841,PC83,259,0100,0
E5600841,PPB1,248,0100,222409
E5600841,PPB1,223,0100,10
E5600841,PPB1,236,0100,8
E5600841,PPB1,222,0100,12
E5600841,PPB1,259,0100,134
E5600841,PPC1,248,0100,646567
E5600841,PPC1,223,0100,8
E5600841,PPC1,236,0100,3
E5600841,PPC1,222,0100,13
E5600841,PPC1,259,0100,141
E5600841,PR54,248,0100,39257
E5600841,PR54,223,0100,60
E5600841,PR54,236,0100,6
E5600841,PR54,222,0100,38
E5600841,PR54,259,0100,223
E5600841,PR61,248,0100,0
E5600841,PR61,223,0100,0
E5600841,PR61,236,0100,0
E5600841,PR61,222,0100,0
E5600841,PR61,259,0100,0
E5600841,PR62,248,0100,73117
E5600841,PR62,223,0100,36
E5600841,PR62,236,0100,6
E5600841,PR62,222,0100,21
E5600841,PR62,259,0100,285
E5600841,PS11,248,0100,723457
E5600841,PS11,223,0100,36
E5600841,PS11,236,0100,12
E5600841,PS11,222,0100,63
E5600841,PS11,259,0100,170
E5600841,PS31,248,0100,1168129
E5600841,PS31,223,0100,73
E5600841,PS31,236,0100,10
E5600841,PS31,222,0100,56
E5600841,PS31,259,0100,137
E5600841,PS51,248,0100,981222
E5600841,PS51,223,0100,45
E5600841,PS51,236,0100,10
E5600841,PS51,222,0100,15
E5600841,PS51,259,0100,131
E5600841,PS71,248,0100,1356307
E5600841,PS71,223,0100,44
E5600841,PS71,236,0100,13
E5600841,PS71,222,0100,22
E5600841,PS71,259,0100,175
S2201109,P711,911,0100,16
S2201109,P731,911,0100,15
S2201109,P741,911,0100,17
S2201109,P751,911,0100,15
S2201109,P711,923,0100,26
S2201109,P711,936,0100,6
S2201109,P711,922,0100,9
S2201109,P731,923,0100,47
S2201109,P731,936,0100,7
S2201109,P731,922,0100,33
S2201109,P741,923,0100,62
S2201109,P741,936,0100,5
S2201109,P741,922,0100,25
S2201109,P751,923,0100,64
S2201109,P751,936,0100,7
S2201109,P751,922,0100,31
S2201109,P711,248,0100,6306
S2201109,P711,223,0100,25
S2201109,P711,236,0100,6
S2201109,P711,222,0100,8
S2201109,P711,259,0100,54
S2201109,P731,248,0100,3709
S2201109,P731,223,0100,49
S2201109,P731,236,0100,7
S2201109,P731,222,0100,34
S2201109,P731,259,0100,53
S2201109,P741,248,0100,5140
S2201109,P741,223,0100,62
S2201109,P741,236,0100,5
S2201109,P741,222,0100,27
S2201109,P741,259,0100,55
S2201109,P751,248,0100,3504
S2201109,P751,223,0100,64
S2201109,P751,236,0100,7
S2201109,P751,222,0100,30
S2201109,P751,259,0100,51
E5600896,P004,222,0100,0
E5600896,P004,223,0100,0
E5600896,P004,236,0100,0
E5600896,P004,248,0100,0
E5600896,P004,259,0100,0
E5600896,P005,222,0100,0
E5600896,P005,223,0100,0
E5600896,P005,236,0100,0
E5600896,P005,248,0100,0
E5600896,P005,259,0100,0
E5600896,P007,223,0100,47
E5600896,P007,236,0100,5
E5600896,P007,248,0100,1424715
E5600896,P007,259,0100,128
E5600896,P008,223,0100,59
E5600896,P008,236,0100,1
E5600896,P008,248,0100,2059000
E5600896,P008,259,0100,131
S2300438,P001,222,0100,0
S2300438,P001,223,0100,35
S2300438,P001,236,0100,9
S2300438,P001,248,0100,38913
S2300438,P001,259,0100,127
E5600850,PC01,223,0100,0
E5600850,PC01,224,0100,0
E5600850,PC01,236,0100,0
E5600850,PC01,226,0100,0
E5600850,PC01,248,0100,0
E5600850,PC01,259,0100,0
S1901066,P004,222,0100,171
S1901066,P004,223,0100,185
S1901066,P004,224,0100,0
S1901066,P004,236,0100,6
S1901066,P004,237,0100,10
S1901066,P004,248,0100,75299
S1901066,P004,259,0100,194
S2300429,P701,222,0100,0
S2300429,P701,223,0100,0
S2300429,P701,236,0100,0
S2300429,P701,248,0100,0
S2300429,P701,259,0100,0
S2300429,PF01,222,0100,21
S2300429,PF01,223,0100,21
S2300429,PF01,236,0100,5
S2300429,PF01,248,0100,248501
S2300429,PF01,259,0100,58
E5600798,P003,911,0100,0
S3200688,P001,911,0100,9
S3200688,P002,911,0100,12
S3200688,P003,911,0100,10
S3200688,P004,911,0100,10
S1601990,P001,911,0100,5
S1601990,P004,911,0100,5
S1601990,P049,911,0100,3
S3200688,P001,222,0100,49
S3200688,P001,223,0100,58
S3200688,P001,236,0100,3
S3200688,P001,248,0100,1831723
S3200688,P001,259,0100,96
S3200688,P002,222,0100,50
S3200688,P002,223,0100,59
S3200688,P002,236,0100,4
S3200688,P002,248,0100,1881295
S3200688,P002,259,0100,99
S3200688,P003,222,0100,42
S3200688,P003,223,0100,55
S3200688,P003,236,0100,6
S3200688,P003,248,0100,1989359
S3200688,P003,259,0100,100
S3200688,P004,222,0100,40
S3200688,P004,223,0100,60
S3200688,P004,236,0100,5
S3200688,P004,248,0100,1910814
S3200688,P004,259,0100,103
S3200688,P504,223,0100,15
S3200688,P504,236,0100,15
S3200688,P504,248,0100,1317957
S3200688,P504,259,0100,102
S3200688,P604,223,0100,14
S3200688,P604,236,0100,15
S3200688,P604,248,0100,2352265
S3200688,P604,259,0100,111
S3200688,P704,223,0100,17
S3200688,P704,236,0100,15
S3200688,P704,248,0100,2575212
S3200688,P704,259,0100,107
S3200688,P804,223,0100,21
S3200688,P804,236,0100,15
S3200688,P804,248,0100,2107328
S3200688,P804,259,0100,99
S3200688,P904,223,0100,20
S3200688,P904,236,0100,15
S3200688,P904,248,0100,2471089
S3200688,P904,259,0100,104
S2005081,P401,911,0106,7
S2300438,P001,911,0106,4
S2001314,P004,911,0106,0
S1900658,P014,911,0106,3
E2000554,P003,911,0106,9
E5601197,P002,911,0106,3
E5601197,P003,911,0106,3
S2300429,P701,911,0106,0
S2300429,PF01,911,0106,11
E5600850,PC01,911,0106,0
E4900744,P001,911,0106,0
E4900744,P002,911,0106,0
E4900744,P023,911,0106,0
E5602998,P001,911,0106,1
E5602998,P002,911,0106,3
E5602998,P003,911,0106,3
E5602998,P004,911,0106,5
E5600869,P001,911,0106,4
S2202553,P001,911,0106,1
S2202553,P002,911,0106,1
S2202553,P003,911,0106,2
S2201109,P711,911,0106,16
S2201109,P731,911,0106,16
S2201109,P741,911,0106,17
S2201109,P751,911,0106,15
S1901066,P004,911,0106,6
E5002890,P001,911,0106,5
E5002890,P002,911,0106,5
E5002890,P003,911,0106,6
E5600841,P001,911,0106,0
E5600841,P002,911,0106,5
E5600841,P003,911,0106,6
E5600841,P004,911,0106,5
E5600841,P005,911,0106,8
E5600841,P006,911,0106,10
E5600841,P007,911,0106,10
E5600841,P008,911,0106,15
E5600841,P009,911,0106,6
E5600841,P010,911,0106,6
E5600841,PC23,911,0106,10
E5600841,PC83,911,0106,0
E5600841,PPB1,911,0106,7
E5600841,PPC1,911,0106,6
E5600841,PR54,911,0106,2
E5600841,PR61,911,0106,3
E5600841,PR62,911,0106,6
E5600841,PS11,911,0106,8
E5600841,PS12,911,0106,6
E5600841,PS31,911,0106,12
E5600841,PS32,911,0106,6
E5600841,PS51,911,0106,8
E5600841,PS52,911,0106,12
E5600841,PS71,911,0106,12
E5600841,PS72,911,0106,11
S1900710,P070,911,0106,6
S1900710,P015,911,0106,0
S1900710,P056,911,0106,3
S1900710,P050,911,0106,4
S1900710,P060,911,0106,3
S1900685,P002,911,0106,12
S1900685,P421,911,0106,9
S1900685,P411,911,0106,4
S1602755,P101,911,0106,0
S1602755,P201,911,0106,0
S1602755,P301,911,0106,0
S1900569,P002,911,0106,0
S1900569,P012,911,0106,11
E5600056,P004,911,0106,2
E5600056,P006,911,0106,0
E5600056,P007,911,0106,4
E5600056,P008,911,0106,5
E5600056,P009,911,0106,0
E5600056,P016,911,0106,3
E5600056,P017,911,0106,5
E5600056,P018,911,0106,4
E5600056,P021,911,0106,3
E5600056,P022,911,0106,4
E5600056,P023,911,0106,-12
E5600056,P024,911,0106,3
S2100223,P015,911,0106,10
E5600896,P004,911,0106,0
E5600896,P005,911,0106,0
E5400878,P010,911,0106,3
E5600798,P003,911,0106,0
S3200688,P001,911,0106,9
S3200688,P002,911,0106,12
S3200688,P003,911,0106,10
S3200688,P004,911,0106,9
S1601990,P001,911,0106,5
S1601990,P004,911,0106,5
S1601990,P049,911,0106,3
S2100223,P015,911,0112,10
E5600056,P004,911,0112,2
E5600056,P006,911,0112,0
E5600056,P007,911,0112,4
E5600056,P008,911,0112,5
E5600056,P009,911,0112,0
E5600056,P016,911,0112,3
E5600056,P017,911,0112,4
E5600056,P018,911,0112,4
E5600056,P021,911,0112,3
E5600056,P022,911,0112,4
E5600056,P023,911,0112,-12
E5600056,P024,911,0112,3
S2005081,P401,911,0112,7
S2300438,P001,911,0112,4
S2001314,P004,911,0112,0
S1900658,P014,911,0112,2
S1900710,P070,911,0112,6
S1900710,P015,911,0112,0
S1900710,P056,911,0112,3
S1900710,P050,911,0112,4
S1900710,P060,911,0112,3
E5601197,P002,911,0112,4
E5601197,P003,911,0112,3
S2300429,P701,911,0112,0
S2300429,PF01,911,0112,12
E5600850,PC01,911,0112,0
E4900744,P001,911,0112,0
E4900744,P002,911,0112,0
E4900744,P023,911,0112,0
E5602998,P001,911,0112,1
E5602998,P002,911,0112,3
E5602998,P003,911,0112,1
E5602998,P004,911,0112,5
E5600869,P001,911,0112,4
S2202553,P001,911,0112,1
S2202553,P002,911,0112,1
S2202553,P003,911,0112,2
S1901066,P004,911,0112,6
E5002890,P001,911,0112,5
E2000554,P003,911,0112,9
E5002890,P002,911,0112,5
E5002890,P003,911,0112,6
E5600841,P001,911,0112,0
E5600841,P002,911,0112,5
E5600841,P003,911,0112,6
E5600841,P004,911,0112,5
E5600841,P005,911,0112,8
E5600841,P006,911,0112,10
E5600841,P007,911,0112,10
E5600841,P008,911,0112,15
E5600841,P009,911,0112,6
E5600841,P010,911,0112,6
E5600841,PC23,911,0112,11
E5600841,PC83,911,0112,0
E5600841,PPB1,911,0112,7
E5600841,PPC1,911,0112,6
E5600841,PR54,911,0112,2
E5600841,PR61,911,0112,3
E5600841,PR62,911,0112,6
E5600841,PS11,911,0112,8
E5600841,PS12,911,0112,5
E5600841,PS31,911,0112,13
E5600841,PS32,911,0112,5
E5600841,PS51,911,0112,8
E5600841,PS52,911,0112,12
E5600841,PS71,911,0112,12
E5600841,PS72,911,0112,11
S2201109,P711,911,0112,16
S2201109,P731,911,0112,16
S2201109,P741,911,0112,17
S2201109,P751,911,0112,15
S1900685,P002,911,0112,12
S1900685,P421,911,0112,8
S1900685,P411,911,0112,4
S1602755,P101,911,0112,0
S1602755,P201,911,0112,0
S1602755,P301,911,0112,0
S1900569,P002,911,0112,0
S1900569,P012,911,0112,11
E5600896,P004,911,0112,0
E5600896,P005,911,0112,0
E5400878,P010,911,0112,3
E5600798,P003,911,0112,0
S3200688,P001,911,0112,9
S3200688,P002,911,0112,12
S3200688,P003,911,0112,10
S3200688,P004,911,0112,9
S1601990,P001,911,0112,5
S1601990,P004,911,0112,4
S1601990,P049,911,0112,3
S2001314,P004,923,0115,49
S2001314,P004,922,0115,14
S2001314,P004,936,0115,4
S1900658,P014,923,0115,17
S1900658,P014,922,0115,9
S1900658,P014,936,0115,3
S2005081,P401,923,0115,58
S2005081,P401,922,0115,6
S2005081,P401,936,0115,7
E2000554,P003,923,0115,35
E2000554,P003,922,0115,12
E2000554,P003,936,0115,6
E5600056,P004,922,0115,10
E5600056,P004,923,0115,44
E5600056,P004,924,0115,4
E5600056,P004,936,0115,7
E5600056,P006,922,0115,0
E5600056,P006,923,0115,0
E5600056,P006,924,0115,0
E5600056,P006,936,0115,0
E5600056,P007,922,0115,0
E5600056,P007,923,0115,17
E5600056,P007,924,0115,5
E5600056,P007,936,0115,4
E5600056,P008,922,0115,3
E5600056,P008,923,0115,49
E5600056,P008,924,0115,9
E5600056,P008,936,0115,5
E5600056,P016,922,0115,0
E5600056,P016,923,0115,18
E5600056,P016,936,0115,11
E5600056,P017,922,0115,0
E5600056,P017,923,0115,23
E5600056,P017,924,0115,91
E5600056,P017,936,0115,6
E5600056,P018,922,0115,0
E5600056,P018,923,0115,16
E5600056,P018,924,0115,299
E5600056,P018,936,0115,3
E5600056,P021,922,0115,0
E5600056,P021,923,0115,47
E5600056,P021,924,0115,0
E5600056,P021,936,0115,3
E5600056,P024,922,0115,5
E5600056,P024,923,0115,27
E5600056,P024,924,0115,2
E5600056,P024,936,0115,5
E5600056,P034,922,0115,1
E5600056,P034,923,0115,31
E5600056,P034,936,0115,1
S1900710,P070,923,0115,22
S1900710,P070,936,0115,7
S1900710,P070,922,0115,7
S1900710,P015,923,0115,0
S1900710,P015,936,0115,0
S1900710,P015,922,0115,0
S1900710,P056,923,0115,36
S1900710,P056,936,0115,5
S1900710,P056,922,0115,19
S1900710,P050,923,0115,83
S1900710,P050,936,0115,6
S1900710,P050,922,0115,40
S1900710,P060,923,0115,28
S1900710,P060,936,0115,7
S1900710,P060,922,0115,15
S2100223,P015,922,0115,68
S2100223,P015,923,0115,68
S2100223,P015,936,0115,6
S2300438,P001,922,0115,0
S2300438,P001,923,0115,36
S2300438,P001,936,0115,9
S1901066,P004,922,0115,171
S1901066,P004,923,0115,185
S1901066,P004,924,0115,0
S1901066,P004,936,0115,6
S1901066,P004,937,0115,10
S2300429,P701,922,0115,0
S2300429,P701,923,0115,0
S2300429,P701,936,0115,0
S2300429,PF01,922,0115,21
S2300429,PF01,923,0115,22
S2300429,PF01,936,0115,5
E5600850,PC01,923,0115,0
E5600850,PC01,924,0115,0
E5600850,PC01,936,0115,0
E5600850,PC01,926,0115,0
E4900744,P001,923,0115,0
E4900744,P023,923,0115,0
E4900744,P001,936,0115,0
E4900744,P023,936,0115,0
E5600869,P001,922,0115,91
E5600869,P001,923,0115,117
E5600869,P001,936,0115,8
S2202553,P001,922,0115,16
S2202553,P002,922,0115,7
S2202553,P003,922,0115,19
S2202553,P001,923,0115,96
S2202553,P002,923,0115,96
S2202553,P003,923,0115,92
S2202553,P001,924,0115,4
S2202553,P002,924,0115,4
S2202553,P003,924,0115,5
S2202553,P001,926,0115,14
S2202553,P002,926,0115,9
S2202553,P003,926,0115,14
S2202553,P001,936,0115,8
S2202553,P002,936,0115,9
S2202553,P003,936,0115,10
E5002890,P001,922,0115,2
E5002890,P002,922,0115,1
E5002890,P003,922,0115,2
E5002890,P001,923,0115,76
E5002890,P002,923,0115,86
E5002890,P003,923,0115,68
E5002890,P001,924,0115,3
E5002890,P002,924,0115,2
E5002890,P003,924,0115,2
E5002890,P001,926,0115,19
E5002890,P002,926,0115,16
E5002890,P003,926,0115,15
E5002890,P001,936,0115,13
E5002890,P002,936,0115,11
E5002890,P003,936,0115,11
E5602998,P001,922,0115,1
E5602998,P001,923,0115,123
E5602998,P001,924,0115,8
E5602998,P001,926,0115,10
E5602998,P001,937,0115,7
E5602998,P001,936,0115,11
E5602998,P002,922,0115,5
E5602998,P002,923,0115,119
E5602998,P002,924,0115,2
E5602998,P002,926,0115,22
E5602998,P002,937,0115,7
E5602998,P002,936,0115,11
E5602998,P003,922,0115,2
E5602998,P003,923,0115,113
E5602998,P003,924,0115,7
E5602998,P003,926,0115,21
E5602998,P003,937,0115,8
E5602998,P003,936,0115,10
E5602998,P004,922,0115,4
E5602998,P004,923,0115,130
E5602998,P004,924,0115,5
E5602998,P004,926,0115,18
E5602998,P004,937,0115,9
E5602998,P004,936,0115,9
S2201109,P711,923,0115,25
S2201109,P711,936,0115,6
S2201109,P711,922,0115,6
S2201109,P731,923,0115,49
S2201109,P731,936,0115,7
S2201109,P731,922,0115,34
S2201109,P741,923,0115,62
S2201109,P741,936,0115,5
S2201109,P741,922,0115,27
S2201109,P751,923,0115,63
S2201109,P751,936,0115,7
S2201109,P751,922,0115,29
S1900685,P421,922,0115,12
S1900685,P421,923,0115,69
S1900685,P421,936,0115,6
S1900685,P411,922,0115,33
S1900685,P411,923,0115,52
S1900685,P411,936,0115,13
S1602755,P101,922,0115,0
S1602755,P201,922,0115,0
S1602755,P301,922,0115,0
S1602755,P101,923,0115,0
S1602755,P201,923,0115,0
S1602755,P301,923,0115,0
S1602755,P101,924,0115,0
S1602755,P201,924,0115,0
S1602755,P301,924,0115,0
S1602755,P101,926,0115,0
S1602755,P201,926,0115,0
S1602755,P301,926,0115,0
S1602755,P101,936,0115,0
S1602755,P201,936,0115,0
S1602755,P301,936,0115,0
S1900569,P002,922,0115,0
S1900569,P012,922,0115,33
S1900569,P002,923,0115,0
S1900569,P012,923,0115,79
S1900569,P002,936,0115,0
S1900569,P012,936,0115,2
E5600841,P001,923,0115,0
E5600841,P001,936,0115,0
E5600841,P001,922,0115,0
E5600841,P002,923,0115,18
E5600841,P002,936,0115,5
E5600841,P002,922,0115,22
E5600841,P003,923,0115,13
E5600841,P003,936,0115,6
E5600841,P003,922,0115,23
E5600841,P004,923,0115,15
E5600841,P004,936,0115,5
E5600841,P004,922,0115,20
E5600841,P005,923,0115,16
E5600841,P005,936,0115,4
E5600841,P005,922,0115,18
E5600841,P006,923,0115,46
E5600841,P006,936,0115,6
E5600841,P006,922,0115,3
E5600841,P007,923,0115,42
E5600841,P007,936,0115,7
E5600841,P007,922,0115,4
E5600841,P008,923,0115,56
E5600841,P008,936,0115,7
E5600841,P008,922,0115,4
E5600841,P009,923,0115,10
E5600841,P009,936,0115,5
E5600841,P009,922,0115,21
E5600841,P010,923,0115,16
E5600841,P010,936,0115,6
E5600841,P010,922,0115,18
E5600841,PC23,923,0115,54
E5600841,PC23,936,0115,8
E5600841,PC23,922,0115,29
E5600841,PC83,923,0115,0
E5600841,PC83,936,0115,0
E5600841,PC83,922,0115,0
E5600841,PPB1,923,0115,9
E5600841,PPB1,936,0115,7
E5600841,PPB1,922,0115,12
E5600841,PPC1,923,0115,9
E5600841,PPC1,936,0115,4
E5600841,PPC1,922,0115,13
E5600841,PR54,923,0115,59
E5600841,PR54,936,0115,6
E5600841,PR54,922,0115,36
E5600841,PR61,923,0115,0
E5600841,PR61,936,0115,0
E5600841,PR61,922,0115,0
E5600841,PR62,923,0115,34
E5600841,PR62,936,0115,6
E5600841,PR62,922,0115,23
E5600841,PS11,923,0115,36
E5600841,PS11,936,0115,12
E5600841,PS11,922,0115,63
E5600841,PS31,923,0115,73
E5600841,PS31,936,0115,10
E5600841,PS31,922,0115,54
E5600841,PS51,923,0115,45
E5600841,PS51,936,0115,10
E5600841,PS51,922,0115,15
E5600841,PS71,923,0115,46
E5600841,PS71,936,0115,13
E5600841,PS71,922,0115,25
E5600896,P004,922,0115,0
E5600896,P004,923,0115,0
E5600896,P004,936,0115,0
E5600896,P005,922,0115,0
E5600896,P005,923,0115,0
E5600896,P005,936,0115,0
E5600896,P007,923,0115,47
E5600896,P007,936,0115,5
E5600896,P008,923,0115,59
E5600896,P008,936,0115,1
S3200688,P001,922,0115,49
S3200688,P001,923,0115,60
S3200688,P001,936,0115,4
S3200688,P002,922,0115,51
S3200688,P002,923,0115,59
S3200688,P002,936,0115,4
S3200688,P003,922,0115,42
S3200688,P003,923,0115,55
S3200688,P003,936,0115,6
S3200688,P004,922,0115,40
S3200688,P004,923,0115,60
S3200688,P004,936,0115,5
S3200688,P504,923,0115,15
S3200688,P504,936,0115,15
S3200688,P604,923,0115,14
S3200688,P604,936,0115,15
S3200688,P704,923,0115,17
S3200688,P704,936,0115,15
S3200688,P804,923,0115,21
S3200688,P804,936,0115,15
S3200688,P904,923,0115,20
S3200688,P904,936,0115,15
S2100223,P015,911,0118,10
E5600056,P004,911,0118,2
E5600056,P006,911,0118,0
E5600056,P007,911,0118,3
E5600056,P008,911,0118,5
E5600056,P009,911,0118,0
E5600056,P016,911,0118,3
E5600056,P017,911,0118,4
E5600056,P018,911,0118,4
E5600056,P021,911,0118,3
E5600056,P022,911,0118,3
E5600056,P023,911,0118,-12
E5600056,P024,911,0118,3
S2005081,P401,911,0118,7
S2300438,P001,911,0118,4
S2001314,P004,911,0118,0
S1900658,P014,911,0118,2
E2000554,P003,911,0118,10
E5601197,P002,911,0118,4
E5601197,P003,911,0118,3
S2300429,P701,911,0118,0
S2300429,PF01,911,0118,11
E5600850,PC01,911,0118,0
E4900744,P001,911,0118,0
E4900744,P002,911,0118,0
E4900744,P023,911,0118,0
E5602998,P001,911,0118,1
E5602998,P002,911,0118,3
E5602998,P003,911,0118,3
E5602998,P004,911,0118,5
E5600869,P001,911,0118,4
S2202553,P001,911,0118,1
S2202553,P002,911,0118,1
S2202553,P003,911,0118,2
S1901066,P004,911,0118,6
E5002890,P001,911,0118,5
E5002890,P002,911,0118,5
E5002890,P003,911,0118,6
E5600841,P001,911,0118,0
E5600841,P002,911,0118,5
E5600841,P003,911,0118,6
E5600841,P004,911,0118,5
E5600841,P005,911,0118,8
E5600841,P006,911,0118,10
E5600841,P007,911,0118,10
E5600841,P008,911,0118,15
E5600841,P009,911,0118,6
E5600841,P010,911,0118,6
E5600841,PC23,911,0118,10
E5600841,PC83,911,0118,11
E5600841,PPB1,911,0118,7
E5600841,PPC1,911,0118,6
E5600841,PR54,911,0118,2
E5600841,PR61,911,0118,0
E5600841,PR62,911,0118,6
E5600841,PS11,911,0118,8
E5600841,PS12,911,0118,6
E5600841,PS31,911,0118,13
E5600841,PS32,911,0118,6
E5600841,PS51,911,0118,8
E5600841,PS52,911,0118,11
E5600841,PS71,911,0118,12
E5600841,PS72,911,0118,12
S1900710,P070,911,0118,6
S1900710,P015,911,0118,0
S1900710,P056,911,0118,3
S1900710,P050,911,0118,4
S1900710,P060,911,0118,3
S2201109,P711,911,0118,17
S2201109,P731,911,0118,15
S2201109,P741,911,0118,17
S2201109,P751,911,0118,15
S1900685,P002,911,0118,12
S1900685,P421,911,0118,8
S1900685,P411,911,0118,4
S1602755,P101,911,0118,0
S1602755,P201,911,0118,0
S1602755,P301,911,0118,0
S1900569,P002,911,0118,0
S1900569,P012,911,0118,11
E5600896,P004,911,0118,0
E5600896,P005,911,0118,0
E5600798,P003,911,0118,0
S3200688,P001,911,0118,9
S3200688,P002,911,0118,12
S3200688,P003,911,0118,10
S3200688,P004,911,0118,9
S1601990,P001,911,0118,5
S1601990,P004,911,0118,5
S1601990,P049,911,0118,3
