2017-03-02,1488384000,,,
E5600056,P006,911,0000,3
E5600056,P007,911,0000,6
E5600056,P008,911,0000,5
E5600056,P009,911,0000,2
E5600056,P016,911,0000,4
E5600056,P017,911,0000,3
E5600056,P018,911,0000,5
E5600056,P021,911,0000,0
E5600056,P022,911,0000,3
E5600056,P023,911,0000,-12
E5600056,P024,911,0000,0
E5600056,P004,922,0000,10
E5600056,P004,923,0000,43
E5600056,P004,924,0000,10
E5600056,P004,936,0000,6
E5600056,P006,922,0000,0
E5600056,P006,923,0000,48
E5600056,P006,924,0000,0
E5600056,P006,936,0000,6
E5600056,P007,922,0000,1
E5600056,P007,923,0000,29
E5600056,P007,924,0000,1
E5600056,P007,936,0000,5
E5600056,P008,922,0000,3
E5600056,P008,923,0000,53
E5600056,P008,924,0000,112
E5600056,P008,936,0000,4
E5600056,P016,922,0000,0
E5600056,P016,923,0000,49
E5600056,P016,936,0000,12
E5600056,P017,922,0000,1
E5600056,P017,923,0000,33
E5600056,P017,924,0000,0
E5600056,P017,936,0000,7
E5600056,P018,922,0000,1
E5600056,P018,923,0000,25
E5600056,P018,936,0000,4
E5600056,P021,922,0000,0
E5600056,P021,923,0000,0
E5600056,P021,936,0000,0
E5600056,P024,922,0000,0
E5600056,P024,923,0000,0
E5600056,P024,924,0000,0
E5600056,P024,936,0000,0
E5600056,P034,923,0000,37
E5600056,P034,936,0000,1
E5600056,P004,222,0000,10
E5600056,P004,223,0000,42
E5600056,P004,224,0000,17
E5600056,P004,236,0000,6
E5600056,P004,248,0000,74540
E5600056,P004,259,0000,111
E5600056,P006,222,0000,0
E5600056,P006,223,0000,56
E5600056,P006,224,0000,0
E5600056,P006,236,0000,6
S2100223,P015,911,0000,10
S2300438,P001,911,0000,4
E5602998,P001,911,0000,0
E5602998,P002,911,0000,0
E5602998,P003,911,0000,2
E5602998,P004,911,0000,0
E5600850,PC01,911,0000,0
E4900744,P001,911,0000,0
E4900744,P002,911,0000,0
E4900744,P023,911,0000,0
E5601197,P002,911,0000,3
E5601197,P003,911,0000,3
E5600869,P001,911,0000,3
S2202553,P001,911,0000,1
S2202553,P002,911,0000,1
S2202553,P003,911,0000,2
S1900569,P002,911,0000,0
S1900569,P012,911,0000,12
S1602755,P101,911,0000,3
S1602755,P201,911,0000,0
S1602755,P301,911,0000,2
E5600841,P001,911,0000,5
E5600841,P002,911,0000,6
E5600841,P003,911,0000,0
E5600841,P004,911,0000,5
E5600841,P005,911,0000,8
E5600841,P006,911,0000,7
E5600841,P007,911,0000,9
E5600841,P008,911,0000,7
E5600841,P009,911,0000,6
E5600841,P010,911,0000,6
E5600841,PC23,911,0000,12
E5600841,PC83,911,0000,14
E5600841,PPB1,911,0000,0
E5600841,PPC1,911,0000,7
E5600841,PR54,911,0000,3
E5600841,PR61,911,0000,3
E5600841,PR62,911,0000,6
E5600841,PS11,911,0000,9
E5600841,PS12,911,0000,9
E5600841,PS31,911,0000,11
E5600841,PS32,911,0000,5
E5600841,PS51,911,0000,12
E5600841,PS52,911,0000,12
E5600841,PS71,911,0000,12
E5600841,PS72,911,0000,7
S1900685,P002,911,0000,15
S1900685,P421,911,0000,10
S1900685,P411,911,0000,4
S2100223,P015,922,0000,33
S2100223,P015,923,0000,60
S2100223,P015,936,0000,3
S2300438,P001,922,0000,0
S2300438,P001,923,0000,43
S2300438,P001,936,0000,6
E5600850,PC01,923,0000,0
E5600850,PC01,924,0000,0
E5600850,PC01,936,0000,0
E5600850,PC01,926,0000,0
E5600332,P001,911,0000,4
E5600332,P002,911,0000,3
E5600332,P003,911,0000,0
E5600896,P004,911,0000,0
E5600896,P005,911,0000,0
E4900744,P001,923,0000,0
E4900744,P023,923,0000,0
E4900744,P001,936,0000,0
E4900744,P023,936,0000,0
E5602998,P001,922,0000,0
E5602998,P001,923,0000,0
E5602998,P001,924,0000,0
E5602998,P001,926,0000,0
E5602998,P001,937,0000,0
E5602998,P001,936,0000,0
E5602998,P002,922,0000,0
E5602998,P002,923,0000,0
E5602998,P002,924,0000,0
E5602998,P002,926,0000,0
E5602998,P002,937,0000,0
E5602998,P002,936,0000,0
E5602998,P003,922,0000,8
E5602998,P003,923,0000,93
E5602998,P003,924,0000,31
E5602998,P003,926,0000,38
E5602998,P003,937,0000,8
E5602998,P003,936,0000,9
E5602998,P004,922,0000,0
E5602998,P004,923,0000,0
E5602998,P004,924,0000,0
E5602998,P004,926,0000,0
E5602998,P004,937,0000,0
E5602998,P004,936,0000,0
E5600869,P001,922,0000,94
E5600869,P001,923,0000,107
E5600869,P001,936,0000,8
S1900569,P002,922,0000,0
S1900569,P012,922,0000,28
S1900569,P002,923,0000,0
S1900569,P012,923,0000,82
S1900569,P002,936,0000,0
S1900569,P012,936,0000,1
S2300429,P701,911,0000,0
S2300429,P701,922,0000,0
S2300429,P701,923,0000,0
S2300429,P701,936,0000,0
S2300429,PF01,911,0000,7
S2300429,PF01,922,0000,14
S2300429,PF01,923,0000,17
S2300429,PF01,936,0000,6
E5400878,P010,911,0000,2
S2202553,P001,922,0000,7
S2202553,P002,922,0000,13
S2202553,P003,922,0000,10
S2202553,P001,923,0000,89
S2202553,P002,923,0000,85
S2202553,P003,923,0000,100
S2202553,P001,924,0000,2
S2202553,P002,924,0000,3
S2202553,P003,924,0000,3
S2202553,P001,926,0000,10
S2202553,P002,926,0000,19
S2202553,P003,926,0000,17
S2202553,P001,936,0000,8
S2202553,P002,936,0000,8
S2202553,P003,936,0000,9
S1602755,P101,922,0000,2
S1602755,P201,922,0000,0
S1602755,P301,922,0000,12
S1602755,P101,923,0000,71
S1602755,P201,923,0000,0
S1602755,P301,923,0000,52
S1602755,P101,924,0000,4
S1602755,P201,924,0000,0
S1602755,P301,924,0000,13
S1602755,P101,926,0000,4
S1602755,P201,926,0000,0
S1602755,P301,926,0000,3
S1602755,P101,936,0000,13
S1602755,P201,936,0000,0
S1602755,P301,936,0000,10
S1900685,P421,922,0000,12
S1900685,P421,923,0000,67
S1900685,P421,936,0000,5
S1900685,P411,922,0000,32
S1900685,P411,923,0000,75
S1900685,P411,936,0000,12
E5600841,P001,923,0000,37
E5600841,P001,936,0000,6
E5600841,P001,922,0000,30
E5600841,P002,923,0000,31
E5600841,P002,936,0000,5
E5600841,P002,922,0000,26
E5600841,P003,923,0000,0
E5600841,P003,936,0000,0
E5600841,P003,922,0000,0
E5600841,P004,923,0000,22
E5600841,P004,936,0000,5
E5600841,P004,922,0000,19
E5600841,P005,923,0000,17
E5600841,P005,936,0000,5
E5600841,P005,922,0000,18
E5600841,P006,923,0000,44
E5600841,P006,936,0000,7
E5600841,P006,922,0000,5
E5600841,P007,923,0000,51
E5600841,P007,936,0000,7
E5600841,P007,922,0000,4
E5600841,P008,923,0000,43
E5600841,P008,936,0000,8
E5600841,P008,922,0000,4
E5600841,P009,923,0000,8
E5600841,P009,936,0000,6
E5600841,P009,922,0000,23
E5600841,P010,923,0000,14
E5600841,P010,936,0000,6
E5600841,P010,922,0000,21
E5600841,PC23,923,0000,83
E5600841,PC23,936,0000,10
E5600841,PC23,922,0000,17
E5600841,PC83,923,0000,82
E5600841,PC83,936,0000,8
E5600841,PC83,922,0000,33
E5600841,PPB1,923,0000,0
E5600841,PPB1,936,0000,0
E5600841,PPB1,922,0000,0
E5600841,PPC1,923,0000,13
E5600841,PPC1,936,0000,4
E5600841,PPC1,922,0000,11
E5600841,PR54,923,0000,59
E5600841,PR54,936,0000,6
E5600841,PR54,922,0000,53
E5600841,PR61,923,0000,48
E5600841,PR61,936,0000,4
E5600841,PR61,922,0000,46
E5600841,PR62,923,0000,36
E5600841,PR62,936,0000,5
E5600841,PR62,922,0000,31
E5600841,PS11,923,0000,44
E5600841,PS11,936,0000,12
E5600841,PS11,922,0000,52
E5600841,PS31,923,0000,75
E5600841,PS31,936,0000,11
E5600841,PS31,922,0000,64
E5600841,PS51,923,0000,36
E5600841,PS51,936,0000,9
E5600841,PS51,922,0000,11
E5600841,PS71,923,0000,46
E5600841,PS71,936,0000,12
E5600841,PS71,922,0000,17
E5600896,P004,922,0000,0
E5600896,P004,923,0000,0
E5600896,P004,936,0000,0
E5600896,P005,922,0000,0
E5600896,P005,923,0000,0
E5600896,P005,936,0000,0
E5600896,P007,923,0000,63
E5600896,P007,936,0000,5
E5600896,P008,923,0000,61
E5600896,P008,936,0000,1
E5400878,P001,923,0000,30
E5400878,P001,936,0000,15
E5400878,P002,923,0000,22
E5400878,P002,936,0000,15
E5400878,P003,923,0000,26
E5400878,P003,936,0000,15
E5400878,P010,923,0000,9
E5400878,P010,936,0000,14
S2100223,P015,222,0000,34
S2100223,P015,223,0000,63
S2100223,P015,236,0000,3
S2100223,P015,248,0000,232824
S2100223,P015,259,0000,150
E4900744,P001,223,0000,0
E4900744,P023,223,0000,0
E4900744,P001,236,0000,0
E4900744,P023,236,0000,0
E4900744,P001,248,0000,0
E4900744,P006,248,0000,549
E4900744,P023,248,0000,0
E4900744,P001,259,0000,0
E4900744,P023,259,0000,0
E5602998,P001,222,0000,0
E5602998,P001,223,0000,0
E5602998,P001,224,0000,0
E5602998,P001,226,0000,0
E5602998,P001,237,0000,0
E5602998,P001,236,0000,0
E5602998,P001,248,0000,0
E5602998,P001,259,0000,0
E5602998,P002,222,0000,0
E5602998,P002,223,0000,0
E5602998,P002,224,0000,0
E5602998,P002,226,0000,0
E5602998,P002,237,0000,0
E5602998,P002,236,0000,0
E5602998,P002,248,0000,0
E5602998,P002,259,0000,0
E5602998,P003,222,0000,5
E5602998,P003,223,0000,102
E5602998,P003,224,0000,16
E5602998,P003,226,0000,23
E5602998,P003,237,0000,8
E5602998,P003,236,0000,10
E5602998,P003,248,0000,100122
E5602998,P003,259,0000,146
E5602998,P004,222,0000,0
E5602998,P004,223,0000,0
E5602998,P004,224,0000,0
E5602998,P004,226,0000,0
E5602998,P004,237,0000,0
E5602998,P004,236,0000,0
E5602998,P004,248,0000,0
E5602998,P004,259,0000,0
E5600869,P001,222,0000,102
E5600869,P001,223,0000,111
E5600869,P001,236,0000,8
E5600869,P001,248,0000,52763
E5600869,P001,259,0000,87
S1900710,P070,911,0000,0
S1900710,P015,911,0000,0
S1900710,P050,911,0000,7
S1900710,P056,911,0000,3
S1900710,P060,911,0000,4
S1900710,P015,923,0000,0
S1900710,P015,936,0000,0
S1900710,P015,922,0000,0
S1900710,P050,923,0000,95
S1900710,P050,936,0000,5
S1900710,P050,922,0000,50
S1900710,P056,923,0000,40
S1900710,P056,936,0000,4
S1900710,P056,922,0000,34
S1900710,P060,923,0000,23
S1900710,P060,936,0000,6
S1900710,P060,922,0000,26
S1900710,P070,923,0000,0
S1900710,P070,936,0000,0
S1900710,P070,922,0000,0
S1900710,P015,248,0000,0
S1900710,P015,223,0000,0
S1900710,P015,236,0000,0
S1900710,P015,222,0000,0
S1900710,P015,259,0000,0
S1900710,P050,248,0000,68472
S1900710,P050,223,0000,96
S1900710,P050,236,0000,5
S1900710,P050,222,0000,49
S1900710,P050,259,0000,133
S1900710,P056,248,0000,193392
S1900710,P056,223,0000,42
S1900710,P056,236,0000,4
S1900710,P056,222,0000,34
S1900710,P056,259,0000,126
S1900710,P060,248,0000,153360
S1900710,P060,223,0000,24
S1900710,P060,236,0000,6
S1900710,P060,222,0000,25
S1900710,P060,259,0000,93
S1900710,P070,248,0000,0
S1900710,P070,223,0000,0
S1900710,P070,236,0000,0
S1900710,P070,222,0000,0
S1900710,P070,259,0000,0
S1900569,P002,222,0000,0
S1900569,P012,222,0000,26
S1900569,P002,223,0000,0
S1900569,P012,223,0000,87
S1900569,P002,236,0000,0
S1900569,P012,236,0000,1
S1900569,P002,248,0000,0
S1900569,P012,248,0000,105306
S1900569,P002,259,0000,0
S1900569,P012,259,0000,80
S2202553,P001,222,0000,10
S2202553,P002,222,0000,10
S2202553,P003,222,0000,9
S2202553,P001,223,0000,88
S2202553,P002,223,0000,91
S2202553,P003,223,0000,99
S2202553,P001,224,0000,2
S2202553,P002,224,0000,3
S2202553,P003,224,0000,3
S2202553,P001,226,0000,14
S2202553,P002,226,0000,15
S2202553,P003,226,0000,17
S2202553,P001,236,0000,8
S2202553,P002,236,0000,8
S2202553,P003,236,0000,9
S2202553,P001,248,0000,117278
S2202553,P002,248,0000,114591
S2202553,P003,248,0000,111395
S2202553,P001,259,0000,148
S2202553,P002,259,0000,145
S2202553,P003,259,0000,152
S1602755,P101,222,0000,2
S1602755,P201,222,0000,0
S1602755,P301,222,0000,5
S1602755,P101,223,0000,74
S1602755,P201,223,0000,0
S1602755,P301,223,0000,71
S1602755,P101,224,0000,4
S1602755,P201,224,0000,0
S1602755,P301,224,0000,6
S1602755,P101,226,0000,3
S1602755,P201,226,0000,0
S1602755,P301,226,0000,4
S1602755,P101,236,0000,13
S1602755,P201,236,0000,0
S1602755,P301,236,0000,12
S1602755,P101,248,0000,79005
S1602755,P201,248,0000,0
S1602755,P301,248,0000,78102
S1602755,P101,259,0000,112
S1602755,P201,259,0000,0
S1602755,P301,259,0000,112
S1900685,P421,222,0000,14
S1900685,P421,223,0000,67
S1900685,P421,236,0000,5
S1900685,P421,248,0000,314646
S1900685,P421,259,0000,50
S1900685,P411,222,0000,34
S1900685,P411,223,0000,74
S1900685,P411,236,0000,13
S1900685,P411,248,0000,18370
S1900685,P411,259,0000,138
E5600841,P001,248,0000,166770
E5600841,P001,223,0000,26
E5600841,P001,236,0000,6
E5600841,P001,222,0000,27
E5600841,P001,259,0000,157
E5600841,P002,248,0000,209750
E5600841,P002,223,0000,25
E5600841,P002,236,0000,5
E5600841,P002,222,0000,25
E5600841,P002,259,0000,177
E5600841,P003,248,0000,0
E5600841,P003,223,0000,0
E5600841,P003,236,0000,0
E5600841,P003,222,0000,0
E5600841,P003,259,0000,0
E5600841,P004,248,0000,183973
E5600841,P004,223,0000,22
E5600841,P004,236,0000,5
E5600841,P004,222,0000,20
E5600841,P004,259,0000,183
E5600841,P005,248,0000,200626
E5600841,P005,223,0000,18
E5600841,P005,236,0000,5
E5600841,P005,222,0000,19
E5600841,P005,259,0000,204
E5600841,P006,248,0000,195070
E5600841,P006,223,0000,45
E5600841,P006,236,0000,7
E5600841,P006,222,0000,5
E5600841,P006,259,0000,55
E5600841,P007,248,0000,152016
E5600841,P007,223,0000,49
E5600841,P007,236,0000,7
E5600841,P007,222,0000,4
E5600841,P007,259,0000,51
E5600841,P008,248,0000,144338
E5600841,P008,223,0000,43
E5600841,P008,236,0000,8
E5600841,P008,222,0000,4
E5600841,P008,259,0000,56
E5600841,P009,248,0000,296076
E5600841,P009,223,0000,8
E5600841,P009,236,0000,6
E5600841,P009,222,0000,25
E5600841,P009,259,0000,113
E5600841,P010,248,0000,366539
E5600841,P010,223,0000,14
E5600841,P010,236,0000,5
E5600841,P010,222,0000,22
E5600841,P010,259,0000,100
E5600841,PC23,248,0000,32565
E5600841,PC23,223,0000,88
E5600841,PC23,236,0000,9
E5600841,PC23,222,0000,18
E5600841,PC23,259,0000,162
E5600841,PC83,248,0000,226888
E5600841,PC83,223,0000,78
E5600841,PC83,236,0000,7
E5600841,PC83,222,0000,34
E5600841,PC83,259,0000,163
E5600841,PPB1,248,0000,207630
E5600841,PPB1,223,0000,8
E5600841,PPB1,236,0000,8
E5600841,PPB1,222,0000,16
E5600841,PPB1,259,0000,126
E5600841,PPC1,248,0000,603611
E5600841,PPC1,223,0000,12
E5600841,PPC1,236,0000,4
E5600841,PPC1,222,0000,13
E5600841,PPC1,259,0000,137
E5600841,PR54,248,0000,41980
E5600841,PR54,223,0000,65
E5600841,PR54,236,0000,6
E5600841,PR54,222,0000,46
E5600841,PR54,259,0000,222
E5600841,PR61,248,0000,80454
E5600841,PR61,223,0000,55
E5600841,PR61,236,0000,4
E5600841,PR61,222,0000,44
E5600841,PR61,259,0000,303
E5600841,PR62,248,0000,98962
E5600841,PR62,223,0000,40
E5600841,PR62,236,0000,5
E5600841,PR62,222,0000,32
E5600841,PR62,259,0000,294
E5600841,PS11,248,0000,761780
E5600841,PS11,223,0000,43
E5600841,PS11,236,0000,12
E5600841,PS11,222,0000,51
E5600841,PS11,259,0000,179
E5600841,PS31,248,0000,1053034
E5600841,PS31,223,0000,76
E5600841,PS31,236,0000,11
E5600841,PS31,222,0000,61
E5600841,PS31,259,0000,143
E5600841,PS51,248,0000,1219319
E5600841,PS51,223,0000,35
E5600841,PS51,236,0000,9
E5600841,PS51,222,0000,10
E5600841,PS51,259,0000,131
E5600841,PS71,248,0000,1402679
E5600841,PS71,223,0000,50
E5600841,PS71,236,0000,12
E5600841,PS71,222,0000,20
E5600841,PS71,259,0000,176
E5600896,P004,222,0000,0
E5600896,P004,223,0000,0
E5600896,P004,236,0000,0
E5600896,P004,248,0000,0
E5600896,P004,259,0000,0
E5600896,P005,222,0000,0
E5600896,P005,223,0000,0
E5600896,P005,236,0000,0
E5600896,P005,248,0000,0
E5600896,P005,259,0000,0
E5600896,P007,223,0000,63
E5600896,P007,236,0000,5
E5600896,P007,248,0000,1313335
E5600896,P007,259,0000,121
E5600896,P008,223,0000,60
E5600896,P008,236,0000,1
E5600896,P008,248,0000,2047135
E5600896,P008,259,0000,125
E5400878,P001,223,0000,30
E5400878,P001,236,0000,15
E5400878,P001,248,0000,1364308
E5400878,P001,259,0000,114
E5400878,P002,223,0000,22
E5400878,P002,236,0000,15
E5400878,P002,248,0000,1531800
E5400878,P002,259,0000,116
E5400878,P003,223,0000,26
E5400878,P003,236,0000,15
E5400878,P003,248,0000,1357522
E5400878,P003,259,0000,112
E5400878,P010,223,0000,9
E5400878,P010,236,0000,14
E5400878,P010,248,0000,1042105
E5400878,P010,259,0000,95
S2300438,P001,222,0000,0
S2300438,P001,223,0000,42
S2300438,P001,236,0000,6
S2300438,P001,248,0000,50066
S2300438,P001,259,0000,127
E5600850,PC01,223,0000,0
E5600850,PC01,224,0000,0
E5600850,PC01,236,0000,0
E5600850,PC01,226,0000,0
E5600850,PC01,248,0000,0
E5600850,PC01,259,0000,0
S2201109,P711,911,0000,14
S2201109,P731,911,0000,16
S2201109,P741,911,0000,16
S2201109,P751,911,0000,0
S2201109,P711,923,0000,25
S2201109,P711,936,0000,7
S2201109,P711,922,0000,1
S2201109,P731,923,0000,47
S2201109,P731,936,0000,7
S2201109,P731,922,0000,2
S2201109,P741,923,0000,59
S2201109,P741,936,0000,7
S2201109,P741,922,0000,19
S2201109,P751,923,0000,0
S2201109,P751,936,0000,0
S2201109,P751,922,0000,0
S2201109,P711,248,0000,6020
S2201109,P711,223,0000,25
S2201109,P711,236,0000,7
S2201109,P711,222,0000,1
S2201109,P711,259,0000,52
S2201109,P731,248,0000,3434
S2201109,P731,223,0000,45
S2201109,P731,236,0000,7
S2201109,P731,222,0000,2
S2201109,P731,259,0000,51
S2201109,P741,248,0000,4413
S2201109,P741,223,0000,59
S2201109,P741,236,0000,7
S2201109,P741,222,0000,19
S2201109,P741,259,0000,52
S2201109,P751,248,0000,0
S2201109,P751,223,0000,0
S2201109,P751,236,0000,0
S2201109,P751,222,0000,0
S2201109,P751,259,0000,20
S2300429,P701,222,0000,0
S2300429,P701,223,0000,0
S2300429,P701,236,0000,0
S2300429,P701,248,0000,0
S2300429,P701,259,0000,0
S2300429,PF01,222,0000,14
S2300429,PF01,223,0000,18
S2300429,PF01,236,0000,6
S2300429,PF01,248,0000,219294
S2300429,PF01,259,0000,54
E5002890,P001,911,0000,6
E5002890,P002,911,0000,5
E5002890,P003,911,0000,6
E5002890,P001,922,0000,2
E5002890,P002,922,0000,1
E5002890,P003,922,0000,2
E5002890,P001,923,0000,53
E5002890,P002,923,0000,102
E5002890,P003,923,0000,63
E5002890,P001,924,0000,2
E5002890,P002,924,0000,1
E5002890,P003,924,0000,2
E5002890,P001,926,0000,11
E5002890,P002,926,0000,9
E5002890,P003,926,0000,7
E5002890,P001,936,0000,12
E5002890,P002,936,0000,9
E5002890,P003,936,0000,12
E5002890,P001,222,0000,2
E5002890,P002,222,0000,1
E5002890,P003,222,0000,2
E5002890,P001,223,0000,60
E5002890,P002,223,0000,103
E5002890,P003,223,0000,61
E5002890,P001,224,0000,2
E5002890,P002,224,0000,1
E5002890,P003,224,0000,2
E5002890,P001,226,0000,10
E5002890,P002,226,0000,7
E5002890,P003,226,0000,7
E5002890,P001,236,0000,11
E5002890,P002,236,0000,9
E5002890,P003,236,0000,12
E5002890,P001,248,0000,49912
E5002890,P002,248,0000,64080
E5002890,P003,248,0000,60548
E5002890,P001,259,0000,158
E5002890,P002,259,0000,159
E5002890,P003,259,0000,155
S3200688,P001,911,0000,10
S3200688,P002,911,0000,11
S3200688,P003,911,0000,8
S3200688,P004,911,0000,0
S1601990,P001,911,0000,3
S1601990,P004,911,0000,6
S1601990,P049,911,0000,2
S3200688,P001,922,0000,47
S3200688,P001,923,0000,75
S3200688,P001,936,0000,5
S3200688,P002,922,0000,48
S3200688,P002,923,0000,58
S3200688,P002,936,0000,6
S3200688,P003,922,0000,56
S3200688,P003,923,0000,59
S3200688,P003,936,0000,6
S3200688,P004,922,0000,0
S3200688,P004,923,0000,0
S3200688,P004,936,0000,0
S3200688,P504,923,0000,20
S3200688,P504,936,0000,15
S3200688,P604,923,0000,20
S3200688,P604,936,0000,16
S3200688,P704,923,0000,19
S3200688,P704,936,0000,16
S3200688,P804,923,0000,0
S3200688,P804,936,0000,0
S3200688,P904,923,0000,26
S3200688,P904,936,0000,16
S3200688,P001,222,0000,49
S3200688,P001,223,0000,64
S3200688,P001,236,0000,4
S3200688,P001,248,0000,1775118
S3200688,P001,259,0000,92
S3200688,P002,222,0000,50
S3200688,P002,223,0000,60
S3200688,P002,236,0000,6
S3200688,P002,248,0000,1832928
S3200688,P002,259,0000,93
S3200688,P003,222,0000,57
S3200688,P003,223,0000,58
S3200688,P003,236,0000,6
S3200688,P003,248,0000,1901178
S3200688,P003,259,0000,100
S3200688,P004,222,0000,0
S3200688,P004,223,0000,0
S3200688,P004,236,0000,0
S3200688,P004,248,0000,0
S3200688,P004,259,0000,0
S3200688,P504,223,0000,19
S3200688,P504,236,0000,15
S3200688,P504,248,0000,2113172
S3200688,P504,259,0000,103
S3200688,P604,223,0000,20
S3200688,P604,236,0000,15
S3200688,P604,248,0000,967197
S3200688,P604,259,0000,105
S3200688,P704,223,0000,19
S3200688,P704,236,0000,16
S3200688,P704,248,0000,487741
S3200688,P704,259,0000,91
S3200688,P804,223,0000,0
S3200688,P804,236,0000,0
S3200688,P804,248,0000,0
S3200688,P804,259,0000,0
S3200688,P904,223,0000,26
S3200688,P904,236,0000,15
S3200688,P904,248,0000,2139506
S3200688,P904,259,0000,103
S2001314,P004,248,0000,278318
S2001314,P004,259,0000,53
S2001314,P004,223,0000,48
S2001314,P004,222,0000,19
S2001314,P004,236,0000,5
E2000554,P003,911,0000,12
E2000554,P003,923,0000,30
E2000554,P003,922,0000,10
E2000554,P003,936,0000,7
E2000554,P003,248,0000,273568
E2000554,P003,259,0000,52
E2000554,P003,223,0000,33
E2000554,P003,222,0000,18
E2000554,P003,236,0000,7
E5600798,P003,911,0000,7
S2005081,P401,248,0000,170569
S2005081,P401,259,0000,51
S2005081,P401,223,0000,54
S2005081,P401,222,0000,6
S2005081,P401,236,0000,7
S1901066,P004,911,0000,6
S1901066,P004,922,0000,162
S1901066,P004,923,0000,172
S1901066,P004,924,0000,0
S1901066,P004,936,0000,5
S1901066,P004,937,0000,11
S1901066,P004,222,0000,164
S1901066,P004,223,0000,175
S1901066,P004,224,0000,0
S1901066,P004,236,0000,5
S1901066,P004,237,0000,11
S1901066,P004,248,0000,78448
S1901066,P004,259,0000,190
E5600056,P004,911,0006,3
E5600056,P006,911,0006,3
E5600056,P007,911,0006,6
E5600056,P008,911,0006,5
E5600056,P009,911,0006,2
E5600056,P016,911,0006,4
E5600056,P017,911,0006,3
E5600056,P018,911,0006,5
E5600056,P021,911,0006,0
E5600056,P022,911,0006,3
E5600056,P023,911,0006,-12
E5600056,P024,911,0006,0
S2100223,P015,911,0006,10
S2300438,P001,911,0006,4
E5600332,P001,911,0006,5
E5600332,P002,911,0006,3
E5600332,P003,911,0006,0
E5602998,P001,911,0006,0
E5602998,P002,911,0006,0
E5602998,P003,911,0006,2
E5602998,P004,911,0006,0
E5600850,PC01,911,0006,0
E4900744,P001,911,0006,0
E4900744,P002,911,0006,0
E4900744,P023,911,0006,0
E5601197,P002,911,0006,3
E5601197,P003,911,0006,3
E5600869,P001,911,0006,3
S2202553,P001,911,0006,1
S2202553,P002,911,0006,1
S2202553,P003,911,0006,2
S1900569,P002,911,0006,0
S1900569,P012,911,0006,12
S2300429,P701,911,0006,0
S2300429,PF01,911,0006,7
S1602755,P101,911,0006,3
S1602755,P201,911,0006,0
S1602755,P301,911,0006,2
E5600841,P001,911,0006,5
E5600841,P002,911,0006,6
E5600841,P003,911,0006,0
E5600841,P004,911,0006,5
E5600841,P005,911,0006,8
E5600841,P006,911,0006,6
E5600841,P007,911,0006,9
E5600841,P008,911,0006,7
E5600841,P009,911,0006,6
E5600841,P010,911,0006,6
E5600841,PC23,911,0006,12
E5600841,PC83,911,0006,15
E5600841,PPB1,911,0006,0
E5600841,PPC1,911,0006,6
E5600841,PR54,911,0006,3
E5600841,PR61,911,0006,3
E5600841,PR62,911,0006,6
E5600841,PS11,911,0006,9
E5600841,PS12,911,0006,7
E5600841,PS31,911,0006,11
E5600841,PS32,911,0006,5
E5600841,PS51,911,0006,12
E5600841,PS52,911,0006,12
E5600841,PS71,911,0006,12
E5600841,PS72,911,0006,7
S1900685,P002,911,0006,15
S1900685,P421,911,0006,10
S1900685,P411,911,0006,4
S2201109,P711,911,0006,15
S2201109,P731,911,0006,16
S2201109,P741,911,0006,16
S2201109,P751,911,0006,0
E5600896,P004,911,0006,0
E5600896,P005,911,0006,0
S1900710,P015,911,0006,0
S1900710,P050,911,0006,9
S1900710,P056,911,0006,3
S1900710,P060,911,0006,3
S1900710,P070,911,0006,0
E5002890,P001,911,0006,5
E5002890,P002,911,0006,5
E5002890,P003,911,0006,6
S3200688,P001,911,0006,10
S3200688,P002,911,0006,11
S3200688,P003,911,0006,9
S3200688,P004,911,0006,0
S1601990,P001,911,0006,3
S1601990,P004,911,0006,6
S1601990,P049,911,0006,2
S2001314,P004,911,0006,6
E2000554,P003,911,0006,12
S2005081,P401,911,0006,11
E5600798,P003,911,0006,10
S1901066,P004,911,0006,6
E5400878,P010,911,0006,2
E5600056,P004,911,0012,3
E5600056,P006,911,0012,3
E5600056,P007,911,0012,7
E5600056,P008,911,0012,5
E5600056,P009,911,0012,1
E5600056,P016,911,0012,4
E5600056,P017,911,0012,3
E5600056,P018,911,0012,5
E5600056,P021,911,0012,0
E5600056,P022,911,0012,3
E5600056,P023,911,0012,-12
E5600056,P024,911,0012,0
S2100223,P015,911,0012,10
S2300438,P001,911,0012,4
E5600332,P001,911,0012,4
E5600332,P002,911,0012,3
E5600332,P003,911,0012,0
E5602998,P001,911,0012,0
E5602998,P002,911,0012,0
E5602998,P003,911,0012,2
E5602998,P004,911,0012,0
S2201109,P711,911,0012,15
S2201109,P731,911,0012,16
S2201109,P741,911,0012,16
S2201109,P751,911,0012,0
E5600850,PC01,911,0012,0
E4900744,P001,911,0012,0
E4900744,P002,911,0012,0
E4900744,P023,911,0012,0
E5601197,P002,911,0012,3
E5601197,P003,911,0012,3
E5600869,P001,911,0012,3
S2300429,P701,911,0012,0
S2300429,PF01,911,0012,6
S1601990,P001,911,0012,3
S1601990,P004,911,0012,6
S1601990,P049,911,0012,2
S2202553,P001,911,0012,1
S2202553,P002,911,0012,1
S2202553,P003,911,0012,2
S1900569,P002,911,0012,0
S1900569,P012,911,0012,12
S1602755,P101,911,0012,4
S1602755,P201,911,0012,0
S1602755,P301,911,0012,2
E5600841,P001,911,0012,5
E5600841,P002,911,0012,6
E5600841,P003,911,0012,0
E5600841,P004,911,0012,5
E5600841,P005,911,0012,8
E5600841,P006,911,0012,7
E5600841,P007,911,0012,10
E5600841,P008,911,0012,7
E5600841,P009,911,0012,6
E5600841,P010,911,0012,6
E5600841,PC23,911,0012,13
E5600841,PC83,911,0012,14
E5600841,PPB1,911,0012,0
E5600841,PPC1,911,0012,6
E5600841,PR54,911,0012,3
E5600841,PR61,911,0012,3
E5600841,PR62,911,0012,6
E5600841,PS11,911,0012,9
E5600841,PS12,911,0012,6
E5600841,PS31,911,0012,11
E5600841,PS32,911,0012,6
E5600841,PS51,911,0012,12
E5600841,PS52,911,0012,13
E5600841,PS71,911,0012,12
E5600841,PS72,911,0012,8
S1900685,P002,911,0012,15
S1900685,P421,911,0012,11
S1900685,P411,911,0012,4
E5600896,P004,911,0012,0
E5600896,P005,911,0012,0
E5400878,P010,911,0012,2
S1900710,P015,911,0012,0
S1900710,P050,911,0012,9
S1900710,P056,911,0012,3
S1900710,P060,911,0012,3
S1900710,P070,911,0012,0
E5002890,P001,911,0012,5
E5002890,P002,911,0012,5
E5002890,P003,911,0012,5
S3200688,P001,911,0012,10
S3200688,P002,911,0012,11
S3200688,P003,911,0012,8
S3200688,P004,911,0012,0
S2001314,P004,911,0012,6
E2000554,P003,911,0012,13
S2005081,P401,911,0012,11
E5600798,P003,911,0012,8
S1901066,P004,911,0012,6
E5600056,P004,922,0015,8
E5600056,P004,923,0015,44
E5600056,P004,924,0015,8
E5600056,P004,936,0015,7
E5600056,P006,922,0015,0
E5600056,P006,923,0015,39
E5600056,P006,924,0015,0
E5600056,P006,936,0015,7
E5600056,P007,922,0015,1
E5600056,P007,923,0015,32
E5600056,P007,924,0015,1
E5600056,P007,936,0015,5
E5600056,P008,922,0015,3
E5600056,P008,923,0015,49
E5600056,P008,924,0015,191
E5600056,P008,936,0015,4
E5600056,P016,922,0015,0
E5600056,P016,923,0015,50
E5600056,P016,936,0015,12
E5600056,P017,922,0015,1
E5600056,P017,923,0015,32
E5600056,P017,924,0015,0
E5600056,P017,936,0015,7
E5600056,P018,922,0015,1
E5600056,P018,923,0015,25
E5600056,P018,924,0015,0
E5600056,P018,936,0015,4
E5600056,P021,922,0015,0
E5600056,P021,923,0015,0
E5600056,P021,924,0015,0
E5600056,P021,936,0015,0
E5600056,P024,922,0015,0
E5600056,P024,923,0015,0
E5600056,P024,924,0015,0
E5600056,P024,936,0015,0
E5600056,P034,922,0015,2
E5600056,P034,923,0015,37
E5600056,P034,936,0015,1
S2100223,P015,922,0015,37
S2100223,P015,923,0015,62
S2100223,P015,936,0015,3
S2300438,P001,922,0015,0
S2300438,P001,923,0015,43
S2300438,P001,936,0015,6
E5600850,PC01,923,0015,0
E5600850,PC01,924,0015,0
E5600850,PC01,936,0015,0
E5600850,PC01,926,0015,0
E4900744,P001,923,0015,0
E4900744,P023,923,0015,0
E4900744,P001,936,0015,0
E4900744,P023,936,0015,0
E5602998,P001,922,0015,0
E5602998,P001,923,0015,0
E5602998,P001,924,0015,0
E5602998,P001,926,0015,0
E5602998,P001,937,0015,0
E5602998,P001,936,0015,0
E5602998,P002,922,0015,0
E5602998,P002,923,0015,0
E5602998,P002,924,0015,0
E5602998,P002,926,0015,0
E5602998,P002,937,0015,0
E5602998,P002,936,0015,0
E5602998,P003,922,0015,4
E5602998,P003,923,0015,101
E5602998,P003,924,0015,8
E5602998,P003,926,0015,21
E5602998,P003,937,0015,8
E5602998,P003,936,0015,10
E5602998,P004,922,0015,0
E5602998,P004,923,0015,0
E5602998,P004,924,0015,0
E5602998,P004,926,0015,0
E5602998,P004,937,0015,0
E5602998,P004,936,0015,0
E5600869,P001,922,0015,102
E5600869,P001,923,0015,109
E5600869,P001,936,0015,8
S2201109,P711,923,0015,25
S2201109,P711,936,0015,7
S2201109,P711,922,0015,1
S2201109,P731,923,0015,46
S2201109,P731,936,0015,7
S2201109,P731,922,0015,2
S2201109,P741,923,0015,59
S2201109,P741,936,0015,7
S2201109,P741,922,0015,20
S2201109,P751,923,0015,0
S2201109,P751,936,0015,20
S2201109,P751,922,0015,0
S2300429,P701,922,0015,0
S2300429,P701,923,0015,0
S2300429,P701,936,0015,0
S2300429,PF01,922,0015,14
S2300429,PF01,923,0015,17
S2300429,PF01,936,0015,6
S2202553,P001,922,0015,7
S2202553,P002,922,0015,8
S2202553,P003,922,0015,7
S2202553,P001,923,0015,89
S2202553,P002,923,0015,95
S2202553,P003,923,0015,102
S2202553,P001,924,0015,1
S2202553,P002,924,0015,4
S2202553,P003,924,0015,3
S2202553,P001,926,0015,10
S2202553,P002,926,0015,17
S2202553,P003,926,0015,13
S2202553,P001,936,0015,8
S2202553,P002,936,0015,10
S2202553,P003,936,0015,10
S1602755,P101,922,0015,2
S1602755,P201,922,0015,0
S1602755,P301,922,0015,3
S1602755,P101,923,0015,71
S1602755,P201,923,0015,0
S1602755,P301,923,0015,68
S1602755,P101,924,0015,4
S1602755,P201,924,0015,0
S1602755,P301,924,0015,4
S1602755,P101,926,0015,3
S1602755,P201,926,0015,0
S1602755,P301,926,0015,3
S1602755,P101,936,0015,13
S1602755,P201,936,0015,0
S1602755,P301,936,0015,12
S1900569,P002,922,0015,0
S1900569,P012,922,0015,26
S1900569,P002,923,0015,0
S1900569,P012,923,0015,92
S1900569,P002,936,0015,0
S1900569,P012,936,0015,2
S1900685,P421,922,0015,13
S1900685,P421,923,0015,64
S1900685,P421,936,0015,5
S1900685,P411,922,0015,32
S1900685,P411,923,0015,75
S1900685,P411,936,0015,12
E5600841,P001,923,0015,22
E5600841,P001,936,0015,6
E5600841,P001,922,0015,26
E5600841,P002,923,0015,20
E5600841,P002,936,0015,5
E5600841,P002,922,0015,25
E5600841,P003,923,0015,0
E5600841,P003,936,0015,0
E5600841,P003,922,0015,0
E5600841,P004,923,0015,23
E5600841,P004,936,0015,5
E5600841,P004,922,0015,21
E5600841,P005,923,0015,19
E5600841,P005,936,0015,5
E5600841,P005,922,0015,20
E5600841,P006,923,0015,44
E5600841,P006,936,0015,7
E5600841,P006,922,0015,5
E5600841,P007,923,0015,48
E5600841,P007,936,0015,7
E5600841,P007,922,0015,4
E5600841,P008,923,0015,43
E5600841,P008,936,0015,8
E5600841,P008,922,0015,4
E5600841,P009,923,0015,8
E5600841,P009,936,0015,6
E5600841,P009,922,0015,26
E5600841,P010,923,0015,13
E5600841,P010,936,0015,5
E5600841,P010,922,0015,22
E5600841,PC23,923,0015,95
E5600841,PC23,936,0015,9
E5600841,PC23,922,0015,18
E5600841,PC83,923,0015,77
E5600841,PC83,936,0015,7
E5600841,PC83,922,0015,33
E5600841,PPB1,923,0015,8
E5600841,PPB1,936,0015,8
E5600841,PPB1,922,0015,16
E5600841,PPC1,923,0015,12
E5600841,PPC1,936,0015,4
E5600841,PPC1,922,0015,14
E5600841,PR54,923,0015,76
E5600841,PR54,936,0015,8
E5600841,PR54,922,0015,37
E5600841,PR61,923,0015,55
E5600841,PR61,936,0015,4
E5600841,PR61,922,0015,45
E5600841,PR62,923,0015,42
E5600841,PR62,936,0015,4
E5600841,PR62,922,0015,35
E5600841,PS11,923,0015,42
E5600841,PS11,936,0015,12
E5600841,PS11,922,0015,53
E5600841,PS31,923,0015,76
E5600841,PS31,936,0015,11
E5600841,PS31,922,0015,60
E5600841,PS51,923,0015,35
E5600841,PS51,936,0015,9
E5600841,PS51,922,0015,11
E5600841,PS71,923,0015,51
E5600841,PS71,936,0015,12
E5600841,PS71,922,0015,21
E5600896,P004,922,0015,0
E5600896,P004,923,0015,0
E5600896,P004,936,0015,0
E5600896,P005,922,0015,0
E5600896,P005,923,0015,0
E5600896,P005,936,0015,0
E5600896,P007,923,0015,63
E5600896,P007,936,0015,5
E5600896,P008,923,0015,60
E5600896,P008,936,0015,1
E5400878,P001,923,0015,30
E5400878,P001,936,0015,15
E5400878,P002,923,0015,22
E5400878,P002,936,0015,15
E5400878,P003,923,0015,26
E5400878,P003,936,0015,15
E5400878,P010,923,0015,10
E5400878,P010,936,0015,14
S1900710,P015,923,0015,0
S1900710,P015,936,0015,0
S1900710,P015,922,0015,0
S1900710,P050,923,0015,95
S1900710,P050,936,0015,5
S1900710,P050,922,0015,50
S1900710,P056,923,0015,43
S1900710,P056,936,0015,4
S1900710,P056,922,0015,34
S1900710,P060,923,0015,24
S1900710,P060,936,0015,6
S1900710,P060,922,0015,26
S1900710,P070,923,0015,0
S1900710,P070,936,0015,0
S1900710,P070,922,0015,0
E5002890,P001,922,0015,2
E5002890,P002,922,0015,1
E5002890,P003,922,0015,2
E5002890,P001,923,0015,59
E5002890,P002,923,0015,107
E5002890,P003,923,0015,57
E5002890,P001,924,0015,2
E5002890,P002,924,0015,1
E5002890,P003,924,0015,2
E5002890,P001,926,0015,10
E5002890,P002,926,0015,8
E5002890,P003,926,0015,6
E5002890,P001,936,0015,11
E5002890,P002,936,0015,8
E5002890,P003,936,0015,12
S3200688,P001,922,0015,49
S3200688,P001,923,0015,65
S3200688,P001,936,0015,5
S3200688,P002,922,0015,48
S3200688,P002,923,0015,59
S3200688,P002,936,0015,6
S3200688,P003,922,0015,57
S3200688,P003,923,0015,59
S3200688,P003,936,0015,6
S3200688,P004,922,0015,0
S3200688,P004,923,0015,0
S3200688,P004,936,0015,0
S3200688,P504,923,0015,19
S3200688,P504,936,0015,15
S3200688,P604,923,0015,20
S3200688,P604,936,0015,15
S3200688,P704,923,0015,18
S3200688,P704,936,0015,16
S3200688,P804,923,0015,0
S3200688,P804,936,0015,0
S3200688,P904,923,0015,25
S3200688,P904,936,0015,15
S2001314,P004,923,0015,0
S2001314,P004,922,0015,19
S2001314,P004,936,0015,5
E2000554,P003,923,0015,32
E2000554,P003,922,0015,10
E2000554,P003,936,0015,7
S2005081,P401,923,0015,54
S2005081,P401,922,0015,6
S2005081,P401,936,0015,7
S1901066,P004,922,0015,169
S1901066,P004,923,0015,172
S1901066,P004,924,0015,0
S1901066,P004,936,0015,5
S1901066,P004,937,0015,11
E5600056,P004,911,0018,3
E5600056,P006,911,0018,3
E5600056,P007,911,0018,7
E5600056,P008,911,0018,5
E5600056,P009,911,0018,1
E5600056,P016,911,0018,4
E5600056,P017,911,0018,2
E5600056,P018,911,0018,5
E5600056,P021,911,0018,0
E5600056,P022,911,0018,3
E5600056,P023,911,0018,-12
E5600056,P024,911,0018,0
S2100223,P015,911,0018,10
S2300438,P001,911,0018,4
E5600332,P001,911,0018,4
E5600332,P002,911,0018,3
E5600332,P003,911,0018,0
E5600850,PC01,911,0018,0
E4900744,P001,911,0018,0
E4900744,P002,911,0018,0
E4900744,P023,911,0018,0
E5601197,P002,911,0018,4
E5601197,P003,911,0018,4
E5602998,P001,911,0018,0
E5602998,P002,911,0018,0
E5602998,P003,911,0018,2
E5602998,P004,911,0018,0
E5600869,P001,911,0018,3
S2300429,P701,911,0018,0
S2300429,PF01,911,0018,7
S2202553,P001,911,0018,1
S2202553,P002,911,0018,1
S2202553,P003,911,0018,2
S2201109,P711,911,0018,14
S2201109,P731,911,0018,16
S2201109,P741,911,0018,16
S2201109,P751,911,0018,0
S1602755,P101,911,0018,3
S1602755,P201,911,0018,0
S1602755,P301,911,0018,2
S1900569,P002,911,0018,0
S1900569,P012,911,0018,12
E5600841,P001,911,0018,5
E5600841,P002,911,0018,5
E5600841,P003,911,0018,0
E5600841,P004,911,0018,5
E5600841,P005,911,0018,8
E5600841,P006,911,0018,6
E5600841,P007,911,0018,10
E5600841,P008,911,0018,7
E5600841,P009,911,0018,6
E5600841,P010,911,0018,6
E5600841,PC23,911,0018,15
E5600841,PC83,911,0018,14
E5600841,PPB1,911,0018,0
E5600841,PPC1,911,0018,6
E5600841,PR54,911,0018,3
E5600841,PR61,911,0018,3
E5600841,PR62,911,0018,6
E5600841,PS11,911,0018,9
E5600841,PS12,911,0018,6
E5600841,PS31,911,0018,11
E5600841,PS32,911,0018,5
E5600841,PS51,911,0018,12
E5600841,PS52,911,0018,14
E5600841,PS71,911,0018,12
E5600841,PS72,911,0018,8
S1900685,P002,911,0018,15
S1900685,P421,911,0018,10
S1900685,P411,911,0018,4
E5600896,P004,911,0018,0
E5600896,P005,911,0018,0
E5400878,P010,911,0018,2
S1900710,P015,911,0018,0
S1900710,P050,911,0018,10
S1900710,P056,911,0018,3
S1900710,P060,911,0018,4
S1900710,P070,911,0018,0
E5002890,P001,911,0018,5
E5002890,P002,911,0018,5
E5002890,P003,911,0018,5
S3200688,P001,911,0018,10
S3200688,P002,911,0018,11
S3200688,P003,911,0018,12
S3200688,P004,911,0018,0
S1601990,P001,911,0018,3
S1601990,P004,911,0018,6
S1601990,P049,911,0018,2
S2001314,P004,911,0018,6
E2000554,P003,911,0018,12
S2005081,P401,911,0018,12
E5600798,P003,911,0018,10
S1901066,P004,911,0018,6
E5600056,P004,911,0024,4
E5600056,P006,911,0024,3
E5600056,P007,911,0024,7
E5600056,P008,911,0024,5
E5600056,P009,911,0024,2
E5600056,P016,911,0024,4
E5600056,P017,911,0024,3
E5600056,P018,911,0024,4
E5600056,P021,911,0024,0
E5600056,P022,911,0024,3
E5600056,P023,911,0024,-12
E5600056,P024,911,0024,0
S2100223,P015,911,0024,10
S2300438,P001,911,0024,4
E5600332,P001,911,0024,4
E5600332,P002,911,0024,3
E5600332,P003,911,0024,0
E4900744,P001,911,0024,0
E4900744,P002,911,0024,0
E4900744,P023,911,0024,0
E5601197,P002,911,0024,4
E5601197,P003,911,0024,4
E5602998,P001,911,0024,0
E5602998,P002,911,0024,0
E5602998,P003,911,0024,2
E5602998,P004,911,0024,0
E5600869,P001,911,0024,3
S2201109,P711,911,0024,15
S2201109,P731,911,0024,16
S2201109,P741,911,0024,16
S2201109,P751,911,0024,0
S2300429,P701,911,0024,0
S2300429,PF01,911,0024,6
E5600850,PC01,911,0024,0
S2202553,P001,911,0024,1
S2202553,P002,911,0024,1
S2202553,P003,911,0024,2
S1602755,P101,911,0024,3
S1602755,P201,911,0024,0
S1602755,P301,911,0024,2
S1900569,P002,911,0024,0
S1900569,P012,911,0024,12
S1900685,P002,911,0024,15
S1900685,P421,911,0024,10
S1900685,P411,911,0024,4
E5600841,P001,911,0024,5
E5600841,P002,911,0024,5
E5600841,P003,911,0024,0
E5600841,P004,911,0024,5
E5600841,P005,911,0024,8
E5600841,P006,911,0024,6
E5600841,P007,911,0024,9
E5600841,P008,911,0024,7
E5600841,P009,911,0024,6
E5600841,P010,911,0024,6
E5600841,PC23,911,0024,14
E5600841,PC83,911,0024,14
E5600841,PPB1,911,0024,7
E5600841,PPC1,911,0024,6
E5600841,PR54,911,0024,3
E5600841,PR61,911,0024,3
E5600841,PR62,911,0024,6
E5600841,PS11,911,0024,9
E5600841,PS12,911,0024,7
E5600841,PS31,911,0024,11
E5600841,PS32,911,0024,5
E5600841,PS51,911,0024,12
E5600841,PS52,911,0024,12
E5600841,PS71,911,0024,12
E5600841,PS72,911,0024,7
E5600896,P004,911,0024,0
E5600896,P005,911,0024,0
E5400878,P010,911,0024,2
S1900710,P015,911,0024,0
S1900710,P050,911,0024,10
S1900710,P056,911,0024,4
S1900710,P060,911,0024,4
S1900710,P070,911,0024,0
E5002890,P001,911,0024,5
E5002890,P002,911,0024,5
E5002890,P003,911,0024,6
S3200688,P001,911,0024,10
S3200688,P002,911,0024,11
S3200688,P003,911,0024,8
S3200688,P004,911,0024,0
S1601990,P001,911,0024,3
S1601990,P004,911,0024,6
S1601990,P049,911,0024,2
S2001314,P004,911,0024,6
E2000554,P003,911,0024,12
S2005081,P401,911,0024,11
E5600798,P003,911,0024,11
S1901066,P004,911,0024,6
E5600056,P004,911,0030,4
E5600056,P006,911,0030,3
E5600056,P007,911,0030,7
E5600056,P008,911,0030,5
E5600056,P009,911,0030,2
E5600056,P016,911,0030,4
E5600056,P017,911,0030,3
E5600056,P018,911,0030,4
E5600056,P021,911,0030,0
E5600056,P022,911,0030,3
E5600056,P023,911,0030,-12
E5600056,P024,911,0030,0
E5600056,P004,922,0030,8
E5600056,P004,923,0030,42
E5600056,P004,924,0030,12
E5600056,P004,936,0030,7
E5600056,P006,922,0030,0
E5600056,P006,923,0030,41
E5600056,P006,924,0030,0
E5600056,P006,936,0030,7
E5600056,P007,922,0030,1
E5600056,P007,923,0030,38
E5600056,P007,924,0030,1
E5600056,P007,936,0030,5
E5600056,P008,922,0030,4
E5600056,P008,923,0030,57
E5600056,P008,924,0030,41
E5600056,P008,936,0030,4
E5600056,P016,922,0030,0
E5600056,P016,923,0030,50
E5600056,P016,936,0030,12
E5600056,P017,922,0030,1
E5600056,P017,923,0030,31
E5600056,P017,924,0030,0
E5600056,P017,936,0030,7
E5600056,P018,922,0030,1
E5600056,P018,923,0030,25
E5600056,P018,936,0030,4
E5600056,P021,922,0030,0
E5600056,P021,923,0030,0
E5600056,P021,936,0030,0
E5600056,P024,922,0030,0
E5600056,P024,923,0030,0
E5600056,P024,924,0030,0
E5600056,P024,936,0030,0
E5600056,P034,923,0030,38
E5600056,P034,936,0030,1
S2100223,P015,911,0030,10
S2300438,P001,911,0030,4
E4900744,P001,911,0030,0
E4900744,P002,911,0030,0
E4900744,P023,911,0030,0
E5601197,P002,911,0030,3
E5601197,P003,911,0030,3
E5602998,P001,911,0030,0
E5602998,P002,911,0030,0
E5602998,P003,911,0030,2
E5602998,P004,911,0030,0
E5600869,P001,911,0030,3
E5600850,PC01,911,0030,0
S2202553,P001,911,0030,1
S2202553,P002,911,0030,1
S2202553,P003,911,0030,2
S1602755,P101,911,0030,3
S1602755,P201,911,0030,0
S1602755,P301,911,0030,2
S1900569,P002,911,0030,0
S1900569,P012,911,0030,12
E5600841,P001,911,0030,5
E5600841,P002,911,0030,5
E5600841,P003,911,0030,0
E5600841,P004,911,0030,5
E5600841,P005,911,0030,8
E5600841,P006,911,0030,6
E5600841,P007,911,0030,10
E5600841,P008,911,0030,7
E5600841,P009,911,0030,6
E5600841,P010,911,0030,6
E5600841,PC23,911,0030,15
E5600841,PC83,911,0030,13
E5600841,PPB1,911,0030,7
E5600841,PPC1,911,0030,6
E5600841,PR54,911,0030,3
E5600841,PR61,911,0030,3
E5600841,PR62,911,0030,6
E5600841,PS11,911,0030,9
E5600841,PS12,911,0030,8
E5600841,PS31,911,0030,11
E5600841,PS32,911,0030,5
E5600841,PS51,911,0030,12
E5600841,PS52,911,0030,13
E5600841,PS71,911,0030,12
E5600841,PS72,911,0030,7
S1900685,P002,911,0030,15
S1900685,P421,911,0030,10
S1900685,P411,911,0030,4
S2100223,P015,922,0030,35
S2100223,P015,923,0030,64
S2100223,P015,936,0030,3
S2300438,P001,922,0030,0
S2300438,P001,923,0030,41
S2300438,P001,936,0030,6
E5600850,PC01,923,0030,0
E5600850,PC01,924,0030,0
E5600850,PC01,936,0030,0
E5600850,PC01,926,0030,0
E5600896,P004,911,0030,0
E5600896,P005,911,0030,0
E4900744,P001,923,0030,0
E4900744,P023,923,0030,0
E4900744,P001,936,0030,0
E4900744,P023,936,0030,0
E5600869,P001,922,0030,105
E5600869,P001,923,0030,113
E5600869,P001,936,0030,8
S2202553,P001,922,0030,8
S2202553,P002,922,0030,7
S2202553,P003,922,0030,10
S2202553,P001,923,0030,85
S2202553,P002,923,0030,97
S2202553,P003,923,0030,96
S2202553,P001,924,0030,2
S2202553,P002,924,0030,3
S2202553,P003,924,0030,2
S2202553,P001,926,0030,12
S2202553,P002,926,0030,11
S2202553,P003,926,0030,16
S2202553,P001,936,0030,9
S2202553,P002,936,0030,8
S2202553,P003,936,0030,8
E5600332,P001,911,0030,6
E5600332,P002,911,0030,3
E5600332,P003,911,0030,0
S2201109,P711,911,0030,15
S2201109,P731,911,0030,18
S2201109,P741,911,0030,16
S2201109,P751,911,0030,0
S2201109,P711,923,0030,25
S2201109,P711,936,0030,7
S2201109,P711,922,0030,1
S2201109,P731,923,0030,44
S2201109,P731,936,0030,7
S2201109,P731,922,0030,2
S2201109,P741,923,0030,58
S2201109,P741,936,0030,7
S2201109,P741,922,0030,19
S2201109,P751,923,0030,0
S2201109,P751,936,0030,0
S2201109,P751,922,0030,0
E5602998,P001,922,0030,0
E5602998,P001,923,0030,0
E5602998,P001,924,0030,0
E5602998,P001,926,0030,0
E5602998,P001,937,0030,0
E5602998,P001,936,0030,0
E5602998,P002,922,0030,0
E5602998,P002,923,0030,0
E5602998,P002,924,0030,0
E5602998,P002,926,0030,0
E5602998,P002,937,0030,0
E5602998,P002,936,0030,0
E5602998,P003,922,0030,2
E5602998,P003,923,0030,103
E5602998,P003,924,0030,16
E5602998,P003,926,0030,13
E5602998,P003,937,0030,7
E5602998,P003,936,0030,11
E5602998,P004,922,0030,0
E5602998,P004,923,0030,0
E5602998,P004,924,0030,0
E5602998,P004,926,0030,0
E5602998,P004,937,0030,0
E5602998,P004,936,0030,0
S1900569,P002,922,0030,0
S1900569,P012,922,0030,26
S1900569,P002,923,0030,0
S1900569,P012,923,0030,90
S1900569,P002,936,0030,0
S1900569,P012,936,0030,1
E5400878,P010,911,0030,2
S1602755,P101,922,0030,2
S1602755,P201,922,0030,0
S1602755,P301,922,0030,3
S1602755,P101,923,0030,87
S1602755,P201,923,0030,0
S1602755,P301,923,0030,89
S1602755,P101,924,0030,4
S1602755,P201,924,0030,0
S1602755,P301,924,0030,4
S1602755,P101,926,0030,3
S1602755,P201,926,0030,0
S1602755,P301,926,0030,4
S1602755,P101,936,0030,13
S1602755,P201,936,0030,0
S1602755,P301,936,0030,14
S2300429,P701,911,0030,0
S2300429,P701,922,0030,0
S2300429,P701,923,0030,0
S2300429,P701,936,0030,0
S2300429,PF01,911,0030,7
S2300429,PF01,922,0030,13
S2300429,PF01,923,0030,19
S2300429,PF01,936,0030,6
S1900685,P421,922,0030,16
S1900685,P421,923,0030,68
S1900685,P421,936,0030,5
S1900685,P411,922,0030,36
S1900685,P411,923,0030,73
S1900685,P411,936,0030,13
E5600841,P001,923,0030,22
E5600841,P001,936,0030,6
E5600841,P001,922,0030,25
E5600841,P002,923,0030,21
E5600841,P002,936,0030,5
E5600841,P002,922,0030,24
E5600841,P003,923,0030,0
E5600841,P003,936,0030,0
E5600841,P003,922,0030,0
E5600841,P004,923,0030,21
E5600841,P004,936,0030,5
E5600841,P004,922,0030,20
E5600841,P005,923,0030,18
E5600841,P005,936,0030,5
E5600841,P005,922,0030,18
E5600841,P006,923,0030,45
E5600841,P006,936,0030,7
E5600841,P006,922,0030,5
E5600841,P007,923,0030,49
E5600841,P007,936,0030,7
E5600841,P007,922,0030,4
E5600841,P008,923,0030,44
E5600841,P008,936,0030,8
E5600841,P008,922,0030,4
E5600841,P009,923,0030,8
E5600841,P009,936,0030,6
E5600841,P009,922,0030,27
E5600841,P010,923,0030,13
E5600841,P010,936,0030,5
E5600841,P010,922,0030,22
E5600841,PC23,923,0030,91
E5600841,PC23,936,0030,10
E5600841,PC23,922,0030,20
E5600841,PC83,923,0030,75
E5600841,PC83,936,0030,8
E5600841,PC83,922,0030,37
E5600841,PPB1,923,0030,7
E5600841,PPB1,936,0030,8
E5600841,PPB1,922,0030,16
E5600841,PPC1,923,0030,12
E5600841,PPC1,936,0030,4
E5600841,PPC1,922,0030,14
E5600841,PR54,923,0030,60
E5600841,PR54,936,0030,6
E5600841,PR54,922,0030,38
E5600841,PR61,923,0030,56
E5600841,PR61,936,0030,4
E5600841,PR61,922,0030,45
E5600841,PR62,923,0030,45
E5600841,PR62,936,0030,5
E5600841,PR62,922,0030,31
E5600841,PS11,923,0030,42
E5600841,PS11,936,0030,12
E5600841,PS11,922,0030,52
E5600841,PS31,923,0030,77
E5600841,PS31,936,0030,11
E5600841,PS31,922,0030,58
E5600841,PS51,923,0030,34
E5600841,PS51,936,0030,9
E5600841,PS51,922,0030,11
E5600841,PS71,923,0030,51
E5600841,PS71,936,0030,12
E5600841,PS71,922,0030,20
E5600896,P004,922,0030,0
E5600896,P004,923,0030,0
E5600896,P004,936,0030,0
E5600896,P005,922,0030,0
E5600896,P005,923,0030,0
E5600896,P005,936,0030,0
E5600896,P007,923,0030,62
E5600896,P007,936,0030,5
E5600896,P008,923,0030,60
E5600896,P008,936,0030,1
E5400878,P001,923,0030,30
E5400878,P001,936,0030,15
E5400878,P002,923,0030,22
E5400878,P002,936,0030,15
E5400878,P003,923,0030,26
E5400878,P003,936,0030,15
E5400878,P010,923,0030,10
E5400878,P010,936,0030,14
S3200688,P001,922,0030,49
S3200688,P001,923,0030,59
S3200688,P001,936,0030,4
S3200688,P002,922,0030,51
S3200688,P002,923,0030,60
S3200688,P002,936,0030,6
S3200688,P003,922,0030,57
S3200688,P003,923,0030,58
S3200688,P003,936,0030,6
S3200688,P004,922,0030,0
S3200688,P004,923,0030,0
S3200688,P004,936,0030,0
S3200688,P504,923,0030,19
S3200688,P504,936,0030,15
S3200688,P604,923,0030,20
S3200688,P604,936,0030,15
S3200688,P704,923,0030,19
S3200688,P704,936,0030,16
S3200688,P804,923,0030,0
S3200688,P804,936,0030,0
S3200688,P904,923,0030,26
S3200688,P904,936,0030,15
S1900710,P015,911,0030,0
S1900710,P050,911,0030,9
S1900710,P056,911,0030,3
S1900710,P060,911,0030,4
S1900710,P070,911,0030,0
S1900710,P015,923,0030,0
S1900710,P015,936,0030,0
S1900710,P015,922,0030,0
S1900710,P050,923,0030,95
S1900710,P050,936,0030,5
S1900710,P050,922,0030,49
S1900710,P056,923,0030,41
S1900710,P056,936,0030,4
S1900710,P056,922,0030,33
S1900710,P060,923,0030,24
S1900710,P060,936,0030,6
S1900710,P060,922,0030,26
S1900710,P070,923,0030,0
S1900710,P070,936,0030,0
S1900710,P070,922,0030,0
E5002890,P001,911,0030,6
E5002890,P002,911,0030,5
E5002890,P003,911,0030,6
E5002890,P001,922,0030,2
E5002890,P002,922,0030,1
E5002890,P003,922,0030,2
E5002890,P001,923,0030,67
E5002890,P002,923,0030,101
E5002890,P003,923,0030,60
E5002890,P001,924,0030,2
E5002890,P002,924,0030,1
E5002890,P003,924,0030,2
E5002890,P001,926,0030,10
E5002890,P002,926,0030,7
E5002890,P003,926,0030,7
E5002890,P001,936,0030,11
E5002890,P002,936,0030,9
E5002890,P003,936,0030,12
S3200688,P001,911,0030,10
S3200688,P002,911,0030,11
S3200688,P003,911,0030,9
S3200688,P004,911,0030,0
S1601990,P001,911,0030,3
S1601990,P004,911,0030,6
S1601990,P049,911,0030,2
S2001314,P004,911,0030,5
S2001314,P004,923,0030,48
S2001314,P004,922,0030,19
S2001314,P004,936,0030,5
E2000554,P003,911,0030,14
E2000554,P003,923,0030,33
E2000554,P003,922,0030,12
E2000554,P003,936,0030,7
S2005081,P401,911,0030,12
S2005081,P401,923,0030,53
S2005081,P401,922,0030,6
S2005081,P401,936,0030,7
E5600798,P003,911,0030,10
S1901066,P004,911,0030,6
S1901066,P004,922,0030,166
S1901066,P004,923,0030,177
S1901066,P004,924,0030,0
S1901066,P004,936,0030,5
S1901066,P004,937,0030,11
E5600056,P004,911,0036,4
E5600056,P006,911,0036,3
E5600056,P007,911,0036,7
E5600056,P008,911,0036,5
E5600056,P009,911,0036,2
E5600056,P016,911,0036,4
E5600056,P017,911,0036,3
E5600056,P018,911,0036,5
E5600056,P021,911,0036,0
E5600056,P022,911,0036,3
E5600056,P023,911,0036,-12
E5600056,P024,911,0036,0
S2100223,P015,911,0036,10
S2300438,P001,911,0036,4
E5600850,PC01,911,0036,0
E5600332,P001,911,0036,4
E5600332,P002,911,0036,3
E5600332,P003,911,0036,0
E4900744,P001,911,0036,0
E4900744,P002,911,0036,0
E4900744,P023,911,0036,0
E5601197,P002,911,0036,3
E5601197,P003,911,0036,3
E5602998,P001,911,0036,0
E5602998,P002,911,0036,0
E5602998,P003,911,0036,2
E5602998,P004,911,0036,0
E5600869,P001,911,0036,3
S2300429,P701,911,0036,0
S2300429,PF01,911,0036,7
S2202553,P001,911,0036,1
S2202553,P002,911,0036,1
S2202553,P003,911,0036,2
S2201109,P711,911,0036,15
S2201109,P731,911,0036,17
S2201109,P741,911,0036,16
S2201109,P751,911,0036,8
S1602755,P101,911,0036,3
S1602755,P201,911,0036,0
S1602755,P301,911,0036,2
S1900569,P002,911,0036,0
S1900569,P012,911,0036,12
E5600841,P001,911,0036,5
E5600841,P002,911,0036,5
E5600841,P003,911,0036,0
E5600841,P004,911,0036,5
E5600841,P005,911,0036,8
E5600841,P006,911,0036,6
E5600841,P007,911,0036,9
E5600841,P008,911,0036,8
E5600841,P009,911,0036,6
E5600841,P010,911,0036,6
E5600841,PC23,911,0036,12
E5600841,PC83,911,0036,14
E5600841,PPB1,911,0036,7
E5600841,PPC1,911,0036,6
E5600841,PR54,911,0036,3
E5600841,PR61,911,0036,3
E5600841,PR62,911,0036,6
E5600841,PS11,911,0036,9
E5600841,PS12,911,0036,10
E5600841,PS31,911,0036,11
E5600841,PS32,911,0036,6
E5600841,PS51,911,0036,13
E5600841,PS52,911,0036,13
E5600841,PS71,911,0036,12
E5600841,PS72,911,0036,7
S1900685,P002,911,0036,15
S1900685,P421,911,0036,11
S1900685,P411,911,0036,4
E5600896,P004,911,0036,0
E5600896,P005,911,0036,0
E5400878,P010,911,0036,2
S1900710,P015,911,0036,0
S1900710,P050,911,0036,7
S1900710,P056,911,0036,3
S1900710,P060,911,0036,4
S1900710,P070,911,0036,0
E5002890,P001,911,0036,6
E5002890,P002,911,0036,5
E5002890,P003,911,0036,5
S3200688,P001,911,0036,10
S3200688,P002,911,0036,11
S3200688,P003,911,0036,8
S3200688,P004,911,0036,0
S1601990,P001,911,0036,3
S1601990,P004,911,0036,6
S1601990,P049,911,0036,2
S2001314,P004,911,0036,6
E2000554,P003,911,0036,19
S2005081,P401,911,0036,11
E5600798,P003,911,0036,7
S1901066,P004,911,0036,6
E5600056,P004,911,0042,5
E5600056,P006,911,0042,3
E5600056,P007,911,0042,6
E5600056,P008,911,0042,5
E5600056,P009,911,0042,2
E5600056,P016,911,0042,4
E5600056,P017,911,0042,3
E5600056,P018,911,0042,5
E5600056,P021,911,0042,0
E5600056,P022,911,0042,3
E5600056,P023,911,0042,-12
E5600056,P024,911,0042,0
S2100223,P015,911,0042,10
S2300438,P001,911,0042,4
E5600850,PC01,911,0042,0
E5600332,P001,911,0042,6
E5600332,P002,911,0042,3
E5600332,P003,911,0042,0
E4900744,P001,911,0042,0
E4900744,P002,911,0042,0
E4900744,P023,911,0042,0
E5601197,P002,911,0042,3
E5601197,P003,911,0042,3
E5602998,P001,911,0042,0
E5602998,P002,911,0042,0
E5602998,P003,911,0042,2
E5602998,P004,911,0042,0
E5600869,P001,911,0042,3
S2201109,P711,911,0042,15
S2201109,P731,911,0042,17
S2201109,P741,911,0042,16
S2201109,P751,911,0042,12
S1601990,P001,911,0042,3
S1601990,P004,911,0042,6
S1601990,P049,911,0042,2
S2202553,P001,911,0042,1
S2202553,P002,911,0042,1
S2202553,P003,911,0042,2
E5600841,P001,911,0042,5
E5600841,P002,911,0042,5
E5600841,P003,911,0042,0
E5600841,P004,911,0042,5
E5600841,P005,911,0042,8
E5600841,P006,911,0042,6
E5600841,P007,911,0042,10
E5600841,P008,911,0042,7
E5600841,P009,911,0042,6
E5600841,P010,911,0042,6
E5600841,PC23,911,0042,12
E5600841,PC83,911,0042,14
E5600841,PPB1,911,0042,7
E5600841,PPC1,911,0042,6
E5600841,PR54,911,0042,3
E5600841,PR61,911,0042,3
E5600841,PR62,911,0042,6
E5600841,PS11,911,0042,9
E5600841,PS12,911,0042,8
E5600841,PS31,911,0042,11
E5600841,PS32,911,0042,5
E5600841,PS51,911,0042,13
E5600841,PS52,911,0042,13
E5600841,PS71,911,0042,12
E5600841,PS72,911,0042,7
S2300429,P701,911,0042,0
S2300429,PF01,911,0042,7
S1602755,P101,911,0042,3
S1602755,P201,911,0042,0
S1602755,P301,911,0042,2
S1900569,P002,911,0042,0
S1900569,P012,911,0042,12
S1900685,P002,911,0042,15
S1900685,P421,911,0042,10
S1900685,P411,911,0042,4
E5600896,P004,911,0042,0
E5600896,P005,911,0042,0
E5400878,P010,911,0042,2
S1900710,P015,911,0042,0
S1900710,P050,911,0042,6
S1900710,P056,911,0042,3
S1900710,P060,911,0042,3
S1900710,P070,911,0042,0
E5002890,P001,911,0042,5
E5002890,P002,911,0042,5
E5002890,P003,911,0042,5
S3200688,P001,911,0042,10
S3200688,P002,911,0042,11
S3200688,P003,911,0042,8
S3200688,P004,911,0042,0
S2001314,P004,911,0042,6
E2000554,P003,911,0042,14
S2005081,P401,911,0042,12
E5600798,P003,911,0042,3
S1901066,P004,911,0042,6
E5600056,P004,922,0045,9
E5600056,P004,923,0045,42
E5600056,P004,924,0045,29
E5600056,P004,936,0045,7
E5600056,P006,922,0045,0
E5600056,P006,923,0045,35
E5600056,P006,924,0045,0
E5600056,P006,936,0045,7
E5600056,P007,922,0045,1
E5600056,P007,923,0045,37
E5600056,P007,924,0045,1
E5600056,P007,936,0045,5
E5600056,P008,922,0045,4
E5600056,P008,923,0045,53
E5600056,P008,924,0045,117
E5600056,P008,936,0045,4
E5600056,P016,922,0045,0
E5600056,P016,923,0045,50
E5600056,P016,936,0045,12
E5600056,P017,922,0045,1
E5600056,P017,923,0045,31
E5600056,P017,924,0045,0
E5600056,P017,936,0045,7
E5600056,P018,922,0045,0
E5600056,P018,923,0045,25
E5600056,P018,924,0045,0
E5600056,P018,936,0045,4
E5600056,P021,922,0045,0
E5600056,P021,923,0045,0
E5600056,P021,924,0045,0
E5600056,P021,936,0045,0
E5600056,P024,922,0045,0
E5600056,P024,923,0045,0
E5600056,P024,924,0045,0
E5600056,P024,936,0045,0
E5600056,P034,922,0045,2
E5600056,P034,923,0045,39
E5600056,P034,936,0045,1
S2100223,P015,922,0045,33
S2100223,P015,923,0045,65
S2100223,P015,936,0045,4
S2300438,P001,922,0045,0
S2300438,P001,923,0045,42
S2300438,P001,936,0045,6
E5600850,PC01,923,0045,0
E5600850,PC01,924,0045,0
E5600850,PC01,936,0045,0
E5600850,PC01,926,0045,0
S2201109,P711,923,0045,26
S2201109,P711,936,0045,7
S2201109,P711,922,0045,1
S2201109,P731,923,0045,44
S2201109,P731,936,0045,7
S2201109,P731,922,0045,2
S2201109,P741,923,0045,58
S2201109,P741,936,0045,7
S2201109,P741,922,0045,20
S2201109,P751,923,0045,0
S2201109,P751,936,0045,0
S2201109,P751,922,0045,0
E4900744,P001,923,0045,0
E4900744,P023,923,0045,0
E4900744,P001,936,0045,0
E4900744,P023,936,0045,0
E5602998,P001,922,0045,0
E5602998,P001,923,0045,0
E5602998,P001,924,0045,0
E5602998,P001,926,0045,0
E5602998,P001,937,0045,0
E5602998,P001,936,0045,0
E5602998,P002,922,0045,0
E5602998,P002,923,0045,0
E5602998,P002,924,0045,0
E5602998,P002,926,0045,0
E5602998,P002,937,0045,0
E5602998,P002,936,0045,0
E5602998,P003,922,0045,7
E5602998,P003,923,0045,111
E5602998,P003,924,0045,11
E5602998,P003,926,0045,21
E5602998,P003,937,0045,7
E5602998,P003,936,0045,11
E5602998,P004,922,0045,0
E5602998,P004,923,0045,0
E5602998,P004,924,0045,0
E5602998,P004,926,0045,0
E5602998,P004,937,0045,0
E5602998,P004,936,0045,0
E5600869,P001,922,0045,107
E5600869,P001,923,0045,115
E5600869,P001,936,0045,8
S1900710,P015,923,0045,0
S1900710,P015,936,0045,0
S1900710,P015,922,0045,0
S1900710,P050,923,0045,95
S1900710,P050,936,0045,5
S1900710,P050,922,0045,49
S1900710,P056,923,0045,44
S1900710,P056,936,0045,4
S1900710,P056,922,0045,34
S1900710,P060,923,0045,25
S1900710,P060,936,0045,6
S1900710,P060,922,0045,26
S1900710,P070,923,0045,0
S1900710,P070,936,0045,0
S1900710,P070,922,0045,0
S1900569,P002,922,0045,0
S1900569,P012,922,0045,26
S1900569,P002,923,0045,0
S1900569,P012,923,0045,82
S1900569,P002,936,0045,0
S1900569,P012,936,0045,1
S2300429,P701,922,0045,0
S2300429,P701,923,0045,0
S2300429,P701,936,0045,0
S2300429,PF01,922,0045,14
S2300429,PF01,923,0045,20
S2300429,PF01,936,0045,6
S2202553,P001,922,0045,20
S2202553,P002,922,0045,11
S2202553,P003,922,0045,9
S2202553,P001,923,0045,88
S2202553,P002,923,0045,85
S2202553,P003,923,0045,97
S2202553,P001,924,0045,2
S2202553,P002,924,0045,3
S2202553,P003,924,0045,4
S2202553,P001,926,0045,25
S2202553,P002,926,0045,14
S2202553,P003,926,0045,20
S2202553,P001,936,0045,8
S2202553,P002,936,0045,8
S2202553,P003,936,0045,9
S1602755,P101,922,0045,2
S1602755,P201,922,0045,0
S1602755,P301,922,0045,3
S1602755,P101,923,0045,68
S1602755,P201,923,0045,0
S1602755,P301,923,0045,76
S1602755,P101,924,0045,4
S1602755,P201,924,0045,0
S1602755,P301,924,0045,4
S1602755,P101,926,0045,3
S1602755,P201,926,0045,0
S1602755,P301,926,0045,4
S1602755,P101,936,0045,13
S1602755,P201,936,0045,0
S1602755,P301,936,0045,13
S1900685,P421,922,0045,16
S1900685,P421,923,0045,70
S1900685,P421,936,0045,5
S1900685,P411,922,0045,38
S1900685,P411,923,0045,73
S1900685,P411,936,0045,13
E5600841,P001,923,0045,26
E5600841,P001,936,0045,6
E5600841,P001,922,0045,26
E5600841,P002,923,0045,26
E5600841,P002,936,0045,5
E5600841,P002,922,0045,26
E5600841,P003,923,0045,0
E5600841,P003,936,0045,0
E5600841,P003,922,0045,0
E5600841,P004,923,0045,23
E5600841,P004,936,0045,5
E5600841,P004,922,0045,21
E5600841,P005,923,0045,18
E5600841,P005,936,0045,5
E5600841,P005,922,0045,19
E5600841,P006,923,0045,45
E5600841,P006,936,0045,7
E5600841,P006,922,0045,4
E5600841,P007,923,0045,49
E5600841,P007,936,0045,7
E5600841,P007,922,0045,4
E5600841,P008,923,0045,42
E5600841,P008,936,0045,8
E5600841,P008,922,0045,4
E5600841,P009,923,0045,8
E5600841,P009,936,0045,6
E5600841,P009,922,0045,22
E5600841,P010,923,0045,15
E5600841,P010,936,0045,5
E5600841,P010,922,0045,22
E5600841,PC23,923,0045,83
E5600841,PC23,936,0045,10
E5600841,PC23,922,0045,18
E5600841,PC83,923,0045,78
E5600841,PC83,936,0045,7
E5600841,PC83,922,0045,35
E5600841,PPB1,923,0045,9
E5600841,PPB1,936,0045,8
E5600841,PPB1,922,0045,16
E5600841,PPC1,923,0045,12
E5600841,PPC1,936,0045,4
E5600841,PPC1,922,0045,14
E5600841,PR54,923,0045,67
E5600841,PR54,936,0045,4
E5600841,PR54,922,0045,56
E5600841,PR61,923,0045,62
E5600841,PR61,936,0045,4
E5600841,PR61,922,0045,39
E5600841,PR62,923,0045,38
E5600841,PR62,936,0045,5
E5600841,PR62,922,0045,30
E5600841,PS11,923,0045,43
E5600841,PS11,936,0045,12
E5600841,PS11,922,0045,47
E5600841,PS31,923,0045,76
E5600841,PS31,936,0045,11
E5600841,PS31,922,0045,61
E5600841,PS51,923,0045,34
E5600841,PS51,936,0045,9
E5600841,PS51,922,0045,9
E5600841,PS71,923,0045,50
E5600841,PS71,936,0045,12
E5600841,PS71,922,0045,22
E5600896,P004,922,0045,0
E5600896,P004,923,0045,0
E5600896,P004,936,0045,0
E5600896,P005,922,0045,0
E5600896,P005,923,0045,0
E5600896,P005,936,0045,0
E5600896,P007,923,0045,63
E5600896,P007,936,0045,5
E5600896,P008,923,0045,60
E5600896,P008,936,0045,1
E5400878,P001,923,0045,30
E5400878,P001,936,0045,15
E5400878,P002,923,0045,23
E5400878,P002,936,0045,15
E5400878,P003,923,0045,26
E5400878,P003,936,0045,15
E5400878,P010,923,0045,10
E5400878,P010,936,0045,14
E5002890,P001,922,0045,2
E5002890,P002,922,0045,1
E5002890,P003,922,0045,2
E5002890,P001,923,0045,61
E5002890,P002,923,0045,104
E5002890,P003,923,0045,63
E5002890,P001,924,0045,2
E5002890,P002,924,0045,1
E5002890,P003,924,0045,2
E5002890,P001,926,0045,8
E5002890,P002,926,0045,6
E5002890,P003,926,0045,9
E5002890,P001,936,0045,11
E5002890,P002,936,0045,10
E5002890,P003,936,0045,12
S3200688,P001,922,0045,50
S3200688,P001,923,0045,57
S3200688,P001,936,0045,4
S3200688,P002,922,0045,51
S3200688,P002,923,0045,63
S3200688,P002,936,0045,6
S3200688,P003,922,0045,57
S3200688,P003,923,0045,58
S3200688,P003,936,0045,6
S3200688,P004,922,0045,0
S3200688,P004,923,0045,0
S3200688,P004,936,0045,0
S3200688,P504,923,0045,19
S3200688,P504,936,0045,15
S3200688,P604,923,0045,20
S3200688,P604,936,0045,16
S3200688,P704,923,0045,19
S3200688,P704,936,0045,16
S3200688,P804,923,0045,0
S3200688,P804,936,0045,0
S3200688,P904,923,0045,25
S3200688,P904,936,0045,15
S2001314,P004,923,0045,49
S2001314,P004,922,0045,19
S2001314,P004,936,0045,5
E2000554,P003,923,0045,34
E2000554,P003,922,0045,31
E2000554,P003,936,0045,7
S2005081,P401,923,0045,55
S2005081,P401,922,0045,6
S2005081,P401,936,0045,7
S1901066,P004,922,0045,159
S1901066,P004,923,0045,178
S1901066,P004,924,0045,0
S1901066,P004,936,0045,6
S1901066,P004,937,0045,11
E5600056,P004,911,0048,4
E5600056,P006,911,0048,3
E5600056,P007,911,0048,7
E5600056,P008,911,0048,5
E5600056,P009,911,0048,2
E5600056,P016,911,0048,4
E5600056,P017,911,0048,3
E5600056,P018,911,0048,5
E5600056,P021,911,0048,0
E5600056,P022,911,0048,3
E5600056,P023,911,0048,-12
E5600056,P024,911,0048,0
S2100223,P015,911,0048,11
S2300438,P001,911,0048,4
E5600850,PC01,911,0048,0
E5600332,P001,911,0048,4
E5600332,P002,911,0048,3
E5600332,P003,911,0048,0
E4900744,P001,911,0048,0
E4900744,P002,911,0048,0
E4900744,P023,911,0048,0
E5601197,P002,911,0048,3
E5601197,P003,911,0048,3
E5602998,P001,911,0048,0
E5602998,P002,911,0048,0
E5602998,P003,911,0048,2
E5602998,P004,911,0048,0
E5600869,P001,911,0048,3
S2202553,P001,911,0048,1
S2202553,P002,911,0048,1
S2202553,P003,911,0048,2
E5600841,P001,911,0048,5
E5600841,P002,911,0048,5
E5600841,P003,911,0048,0
E5600841,P004,911,0048,5
E5600841,P005,911,0048,8
E5600841,P006,911,0048,6
E5600841,P007,911,0048,10
E5600841,P008,911,0048,8
E5600841,P009,911,0048,6
E5600841,P010,911,0048,6
E5600841,PC23,911,0048,13
E5600841,PC83,911,0048,14
E5600841,PPB1,911,0048,7
E5600841,PPC1,911,0048,6
E5600841,PR54,911,0048,3
E5600841,PR61,911,0048,3
E5600841,PR62,911,0048,6
E5600841,PS11,911,0048,9
E5600841,PS12,911,0048,7
E5600841,PS31,911,0048,11
E5600841,PS32,911,0048,6
E5600841,PS51,911,0048,12
E5600841,PS52,911,0048,12
E5600841,PS71,911,0048,12
E5600841,PS72,911,0048,7
S2201109,P711,911,0048,15
S2201109,P731,911,0048,17
S2201109,P741,911,0048,16
S2201109,P751,911,0048,12
S2300429,P701,911,0048,0
S2300429,PF01,911,0048,6
S1602755,P101,911,0048,3
S1602755,P201,911,0048,0
S1602755,P301,911,0048,2
S1900569,P002,911,0048,0
S1900569,P012,911,0048,13
S1900685,P002,911,0048,15
S1900685,P421,911,0048,10
S1900685,P411,911,0048,4
S1900710,P015,911,0048,0
S1900710,P050,911,0048,8
S1900710,P056,911,0048,3
S1900710,P060,911,0048,3
S1900710,P070,911,0048,0
E5600896,P004,911,0048,0
E5600896,P005,911,0048,0
E5002890,P001,911,0048,5
E5002890,P002,911,0048,5
E5002890,P003,911,0048,5
S3200688,P001,911,0048,10
S3200688,P002,911,0048,11
S3200688,P003,911,0048,8
S3200688,P004,911,0048,0
S1601990,P001,911,0048,3
S1601990,P004,911,0048,6
S1601990,P049,911,0048,2
S2001314,P004,911,0048,5
E2000554,P003,911,0048,14
S2005081,P401,911,0048,12
E5600798,P003,911,0048,1
S1901066,P004,911,0048,8
E5400878,P010,911,0048,2
E5600056,P004,911,0054,4
E5600056,P006,911,0054,3
E5600056,P007,911,0054,7
E5600056,P008,911,0054,5
E5600056,P009,911,0054,2
E5600056,P016,911,0054,4
E5600056,P017,911,0054,3
E5600056,P018,911,0054,5
E5600056,P021,911,0054,0
E5600056,P022,911,0054,3
E5600056,P023,911,0054,-12
E5600056,P024,911,0054,0
S2100223,P015,911,0054,10
S2300438,P001,911,0054,4
E5600850,PC01,911,0054,0
E5600332,P001,911,0054,5
E5600332,P002,911,0054,3
E5600332,P003,911,0054,0
S2201109,P711,911,0054,15
S2201109,P731,911,0054,17
S2201109,P741,911,0054,16
S2201109,P751,911,0054,12
E4900744,P001,911,0054,0
E4900744,P002,911,0054,0
E4900744,P023,911,0054,0
E5601197,P002,911,0054,3
E5601197,P003,911,0054,3
E5602998,P001,911,0054,0
E5602998,P002,911,0054,0
E5602998,P003,911,0054,2
E5602998,P004,911,0054,0
E5600869,P001,911,0054,3
S1900710,P015,911,0054,0
S1900710,P050,911,0054,14
S1900710,P056,911,0054,4
S1900710,P060,911,0054,4
S1900710,P070,911,0054,0
S1900569,P002,911,0054,0
S1900569,P012,911,0054,13
S2300429,P701,911,0054,0
S2300429,PF01,911,0054,7
S2202553,P001,911,0054,1
S2202553,P002,911,0054,1
S2202553,P003,911,0054,2
S1602755,P101,911,0054,3
S1602755,P201,911,0054,0
S1602755,P301,911,0054,2
S1900685,P002,911,0054,15
S1900685,P421,911,0054,10
S1900685,P411,911,0054,4
E5600841,P001,911,0054,5
E5600841,P002,911,0054,5
E5600841,P003,911,0054,0
E5600841,P004,911,0054,5
E5600841,P005,911,0054,8
E5600841,P006,911,0054,6
E5600841,P007,911,0054,9
E5600841,P008,911,0054,7
E5600841,P009,911,0054,6
E5600841,P010,911,0054,6
E5600841,PC23,911,0054,12
E5600841,PC83,911,0054,15
E5600841,PPB1,911,0054,0
E5600841,PPC1,911,0054,6
E5600841,PR54,911,0054,3
E5600841,PR61,911,0054,3
E5600841,PR62,911,0054,6
E5600841,PS11,911,0054,9
E5600841,PS12,911,0054,7
E5600841,PS31,911,0054,11
E5600841,PS32,911,0054,5
E5600841,PS51,911,0054,11
E5600841,PS52,911,0054,12
E5600841,PS71,911,0054,12
E5600841,PS72,911,0054,8
E5600896,P004,911,0054,0
E5600896,P005,911,0054,0
E5400878,P010,911,0054,2
E5002890,P001,911,0054,5
E5002890,P002,911,0054,5
E5002890,P003,911,0054,6
S3200688,P001,911,0054,10
S3200688,P002,911,0054,11
S3200688,P003,911,0054,8
S3200688,P004,911,0054,0
S1601990,P001,911,0054,3
S1601990,P004,911,0054,6
S1601990,P049,911,0054,2
S2001314,P004,911,0054,5
E2000554,P003,911,0054,14
S2005081,P401,911,0054,11
E5600798,P003,911,0054,0
S1901066,P004,911,0054,7
S2100223,P015,222,0100,45
S2100223,P015,223,0100,64
S2100223,P015,236,0100,4
S2100223,P015,248,0100,230766
S2100223,P015,259,0100,150
E4900744,P001,223,0100,0
E4900744,P023,223,0100,0
E4900744,P001,236,0100,0
E4900744,P023,236,0100,0
E4900744,P001,248,0100,0
E4900744,P006,248,0100,503
E4900744,P023,248,0100,0
E4900744,P001,259,0100,0
E4900744,P023,259,0100,0
E5002890,P001,222,0100,2
E5002890,P002,222,0100,1
E5002890,P003,222,0100,2
E5002890,P001,223,0100,61
E5002890,P002,223,0100,110
E5002890,P003,223,0100,65
E5002890,P001,224,0100,2
E5002890,P002,224,0100,1
E5002890,P003,224,0100,2
E5002890,P001,226,0100,16
E5002890,P002,226,0100,10
E5002890,P003,226,0100,12
E5002890,P001,236,0100,12
E5002890,P002,236,0100,9
E5002890,P003,236,0100,12
E5002890,P001,248,0100,53140
E5002890,P002,248,0100,64275
E5002890,P003,248,0100,61618
E5002890,P001,259,0100,162
E5002890,P002,259,0100,157
E5002890,P003,259,0100,162
E5600869,P001,222,0100,100
E5600869,P001,223,0100,112
E5600869,P001,236,0100,8
E5600869,P001,248,0100,52473
E5600869,P001,259,0100,88
E5602998,P001,222,0100,0
E5602998,P001,223,0100,0
E5602998,P001,224,0100,0
E5602998,P001,226,0100,0
E5602998,P001,237,0100,0
E5602998,P001,236,0100,0
E5602998,P001,248,0100,0
E5602998,P001,259,0100,0
E5602998,P002,222,0100,0
E5602998,P002,223,0100,0
E5602998,P002,224,0100,0
E5602998,P002,226,0100,0
E5602998,P002,237,0100,0
E5602998,P002,236,0100,0
E5602998,P002,248,0100,0
E5602998,P002,259,0100,0
E5602998,P003,222,0100,8
E5602998,P003,223,0100,112
E5602998,P003,224,0100,12
E5602998,P003,226,0100,24
E5602998,P003,237,0100,7
E5602998,P003,236,0100,11
E5602998,P003,248,0100,102558
E5602998,P003,259,0100,146
E5602998,P004,222,0100,0
E5602998,P004,223,0100,0
E5602998,P004,224,0100,0
E5602998,P004,226,0100,0
E5602998,P004,237,0100,0
E5602998,P004,236,0100,0
E5602998,P004,248,0100,0
E5602998,P004,259,0100,0
S2202553,P001,222,0100,15
S2202553,P002,222,0100,10
S2202553,P003,222,0100,10
S2202553,P001,223,0100,89
S2202553,P002,223,0100,86
S2202553,P003,223,0100,97
S2202553,P001,224,0100,2
S2202553,P002,224,0100,14
S2202553,P003,224,0100,8
S2202553,P001,226,0100,20
S2202553,P002,226,0100,15
S2202553,P003,226,0100,15
S2202553,P001,236,0100,9
S2202553,P002,236,0100,9
S2202553,P003,236,0100,9
S2202553,P001,248,0100,106560
S2202553,P002,248,0100,109504
S2202553,P003,248,0100,108634
S2202553,P001,259,0100,147
S2202553,P002,259,0100,148
S2202553,P003,259,0100,152
S1602755,P101,222,0100,2
S1602755,P201,222,0100,0
S1602755,P301,222,0100,3
S1602755,P101,223,0100,75
S1602755,P201,223,0100,0
S1602755,P301,223,0100,71
S1602755,P101,224,0100,4
S1602755,P201,224,0100,0
S1602755,P301,224,0100,4
S1602755,P101,226,0100,4
S1602755,P201,226,0100,0
S1602755,P301,226,0100,3
S1602755,P101,236,0100,13
S1602755,P201,236,0100,0
S1602755,P301,236,0100,13
S1602755,P101,248,0100,84455
S1602755,P201,248,0100,0
S1602755,P301,248,0100,78370
S1602755,P101,259,0100,121
S1602755,P201,259,0100,0
S1602755,P301,259,0100,118
S1900569,P002,222,0100,0
S1900569,P012,222,0100,26
S1900569,P002,223,0100,0
S1900569,P012,223,0100,79
S1900569,P002,236,0100,0
S1900569,P012,236,0100,1
S1900569,P002,248,0100,0
S1900569,P012,248,0100,106209
S1900569,P002,259,0100,0
S1900569,P012,259,0100,80
S1900685,P421,222,0100,12
S1900685,P421,223,0100,63
S1900685,P421,236,0100,5
S1900685,P421,248,0100,308631
S1900685,P421,259,0100,51
S1900685,P411,222,0100,39
S1900685,P411,223,0100,86
S1900685,P411,236,0100,13
S1900685,P411,248,0100,16154
S1900685,P411,259,0100,131
E5600841,P001,248,0100,163466
E5600841,P001,223,0100,27
E5600841,P001,236,0100,6
E5600841,P001,222,0100,26
E5600841,P001,259,0100,159
E5600841,P002,248,0100,210709
E5600841,P002,223,0100,30
E5600841,P002,236,0100,5
E5600841,P002,222,0100,25
E5600841,P002,259,0100,177
E5600841,P003,248,0100,0
E5600841,P003,223,0100,0
E5600841,P003,236,0100,0
E5600841,P003,222,0100,0
E5600841,P003,259,0100,0
E5600841,P004,248,0100,185409
E5600841,P004,223,0100,22
E5600841,P004,236,0100,5
E5600841,P004,222,0100,19
E5600841,P004,259,0100,184
E5600841,P005,248,0100,202372
E5600841,P005,223,0100,20
E5600841,P005,236,0100,5
E5600841,P005,222,0100,18
E5600841,P005,259,0100,205
E5600841,P006,248,0100,192225
E5600841,P006,223,0100,45
E5600841,P006,236,0100,7
E5600841,P006,222,0100,5
E5600841,P006,259,0100,55
E5600841,P007,248,0100,147976
E5600841,P007,223,0100,46
E5600841,P007,236,0100,7
E5600841,P007,222,0100,4
E5600841,P007,259,0100,51
E5600841,P008,248,0100,141796
E5600841,P008,223,0100,41
E5600841,P008,236,0100,8
E5600841,P008,222,0100,3
E5600841,P008,259,0100,56
E5600841,P009,248,0100,279207
E5600841,P009,223,0100,8
E5600841,P009,236,0100,6
E5600841,P009,222,0100,27
E5600841,P009,259,0100,110
E5600841,P010,248,0100,341410
E5600841,P010,223,0100,14
E5600841,P010,236,0100,6
E5600841,P010,222,0100,22
E5600841,P010,259,0100,97
E5600841,PC23,248,0100,26025
E5600841,PC23,223,0100,95
E5600841,PC23,236,0100,9
E5600841,PC23,222,0100,20
E5600841,PC23,259,0100,158
E5600841,PC83,248,0100,251016
E5600841,PC83,223,0100,77
E5600841,PC83,236,0100,7
E5600841,PC83,222,0100,33
E5600841,PC83,259,0100,163
E5600841,PPB1,248,0100,202010
E5600841,PPB1,223,0100,8
E5600841,PPB1,236,0100,8
E5600841,PPB1,222,0100,18
E5600841,PPB1,259,0100,123
E5600841,PPC1,248,0100,598564
E5600841,PPC1,223,0100,13
E5600841,PPC1,236,0100,4
E5600841,PPC1,222,0100,12
E5600841,PPC1,259,0100,136
E5600841,PR54,248,0100,46194
E5600841,PR54,223,0100,63
E5600841,PR54,236,0100,5
E5600841,PR54,222,0100,50
E5600841,PR54,259,0100,229
E5600841,PR61,248,0100,78211
E5600841,PR61,223,0100,53
E5600841,PR61,236,0100,4
E5600841,PR61,222,0100,43
E5600841,PR61,259,0100,299
E5600841,PR62,248,0100,102089
E5600841,PR62,223,0100,41
E5600841,PR62,236,0100,5
E5600841,PR62,222,0100,33
E5600841,PR62,259,0100,291
E5600841,PS11,248,0100,753766
E5600841,PS11,223,0100,46
E5600841,PS11,236,0100,12
E5600841,PS11,222,0100,50
E5600841,PS11,259,0100,178
E5600841,PS31,248,0100,1060529
E5600841,PS31,223,0100,76
E5600841,PS31,236,0100,11
E5600841,PS31,222,0100,57
E5600841,PS31,259,0100,139
E5600841,PS51,248,0100,1247843
E5600841,PS51,223,0100,36
E5600841,PS51,236,0100,9
E5600841,PS51,222,0100,10
E5600841,PS51,259,0100,131
E5600841,PS71,248,0100,1402283
E5600841,PS71,223,0100,45
E5600841,PS71,236,0100,12
E5600841,PS71,222,0100,19
E5600841,PS71,259,0100,176
E5600896,P004,222,0100,0
E5600896,P004,223,0100,0
E5600896,P004,236,0100,0
E5600896,P004,248,0100,0
E5600896,P004,259,0100,0
E5600896,P005,222,0100,0
E5600896,P005,223,0100,0
E5600896,P005,236,0100,0
E5600896,P005,248,0100,0
E5600896,P005,259,0100,0
E5600896,P007,223,0100,63
E5600896,P007,236,0100,5
E5600896,P007,248,0100,1318934
E5600896,P007,259,0100,121
E5600896,P008,223,0100,60
E5600896,P008,236,0100,1
E5600896,P008,248,0100,2045588
E5600896,P008,259,0100,125
E5400878,P001,223,0100,30
E5400878,P001,236,0100,15
E5400878,P001,248,0100,1360960
E5400878,P001,259,0100,114
E5400878,P002,223,0100,23
E5400878,P002,236,0100,15
E5400878,P002,248,0100,1482169
E5400878,P002,259,0100,115
E5400878,P003,223,0100,26
E5400878,P003,236,0100,15
E5400878,P003,248,0100,1351889
E5400878,P003,259,0100,112
E5400878,P010,223,0100,10
E5400878,P010,236,0100,14
E5400878,P010,248,0100,1066170
E5400878,P010,259,0100,95
S2300438,P001,222,0100,0
S2300438,P001,223,0100,42
S2300438,P001,236,0100,5
S2300438,P001,248,0100,53521
S2300438,P001,259,0100,127
S2201109,P711,911,0100,15
S2201109,P731,911,0100,18
S2201109,P741,911,0100,16
S2201109,P751,911,0100,12
S2201109,P711,923,0100,26
S2201109,P711,936,0100,7
S2201109,P711,922,0100,1
S2201109,P731,923,0100,43
S2201109,P731,936,0100,7
S2201109,P731,922,0100,1
S2201109,P741,923,0100,59
S2201109,P741,936,0100,7
S2201109,P741,922,0100,20
S2201109,P751,923,0100,0
S2201109,P751,936,0100,0
S2201109,P751,922,0100,0
S2201109,P711,248,0100,5925
S2201109,P711,223,0100,25
S2201109,P711,236,0100,7
S2201109,P711,222,0100,1
S2201109,P711,259,0100,52
S2201109,P731,248,0100,3410
S2201109,P731,223,0100,44
S2201109,P731,236,0100,7
S2201109,P731,222,0100,2
S2201109,P731,259,0100,51
S2201109,P741,248,0100,4417
S2201109,P741,223,0100,59
S2201109,P741,236,0100,7
S2201109,P741,222,0100,20
S2201109,P741,259,0100,52
S2201109,P751,248,0100,0
S2201109,P751,223,0100,0
S2201109,P751,236,0100,0
S2201109,P751,222,0100,0
S2201109,P751,259,0100,22
E5600850,PC01,223,0100,0
E5600850,PC01,224,0100,0
E5600850,PC01,236,0100,0
E5600850,PC01,226,0100,0
E5600850,PC01,248,0100,0
E5600850,PC01,259,0100,0
S2300429,P701,222,0100,0
S2300429,P701,223,0100,0
S2300429,P701,236,0100,0
S2300429,P701,248,0100,0
S2300429,P701,259,0100,0
S2300429,PF01,222,0100,14
S2300429,PF01,223,0100,15
S2300429,PF01,236,0100,6
S2300429,PF01,248,0100,223396
S2300429,PF01,259,0100,56
E5600056,P004,911,0100,5
E5600056,P006,911,0100,3
E5600056,P007,911,0100,6
E5600056,P008,911,0100,5
E5600056,P009,911,0100,2
E5600056,P016,911,0100,4
E5600056,P017,911,0100,2
E5600056,P018,911,0100,4
E5600056,P021,911,0100,0
E5600056,P022,911,0100,3
E5600056,P023,911,0100,-12
E5600056,P024,911,0100,0
E5600056,P004,922,0100,8
E5600056,P004,923,0100,42
E5600056,P004,924,0100,18
E5600056,P004,936,0100,7
E5600056,P006,922,0100,0
E5600056,P006,923,0100,37
E5600056,P006,924,0100,0
E5600056,P006,936,0100,7
E5600056,P007,922,0100,1
E5600056,P007,923,0100,32
E5600056,P007,924,0100,1
E5600056,P007,936,0100,5
E5600056,P008,922,0100,4
E5600056,P008,923,0100,56
E5600056,P008,924,0100,63
E5600056,P008,936,0100,4
E5600056,P016,922,0100,0
E5600056,P016,923,0100,50
E5600056,P016,936,0100,12
E5600056,P017,922,0100,1
E5600056,P017,923,0100,31
E5600056,P017,924,0100,0
E5600056,P017,936,0100,7
E5600056,P018,922,0100,0
E5600056,P018,923,0100,25
E5600056,P018,936,0100,4
E5600056,P021,922,0100,0
E5600056,P021,923,0100,0
E5600056,P021,936,0100,0
E5600056,P024,922,0100,0
E5600056,P024,923,0100,0
E5600056,P024,924,0100,0
E5600056,P024,936,0100,0
E5600056,P034,923,0100,39
E5600056,P034,936,0100,1
E5600056,P004,222,0100,9
E5600056,P004,223,0100,42
E5600056,P004,224,0100,17
E5600056,P004,236,0100,7
E5600056,P004,248,0100,72030
E5600056,P004,259,0100,111
E5600056,P006,222,0100,0
E5600056,P006,223,0100,38
E5600056,P006,224,0100,0
E5600056,P006,236,0100,7
S2100223,P015,911,0100,10
S1900710,P056,911,0100,3
S1900710,P070,911,0100,0
S1900710,P056,923,0100,41
S1900710,P056,936,0100,4
S1900710,P056,922,0100,34
S1900710,P070,923,0100,0
S1900710,P070,936,0100,0
S1900710,P070,922,0100,0
S1900710,P015,248,0100,0
S1900710,P015,223,0100,0
S1900710,P015,236,0100,0
S1900710,P015,222,0100,0
S1900710,P015,259,0100,0
S1900710,P056,248,0100,190512
S1900710,P056,223,0100,42
S1900710,P056,236,0100,4
S1900710,P056,222,0100,34
S1900710,P056,259,0100,125
S1900710,P070,248,0100,0
S1900710,P070,223,0100,0
S1900710,P070,236,0100,0
S1900710,P070,222,0100,0
S1900710,P070,259,0100,0
S1900710,P015,911,0100,0
S1900710,P015,923,0100,0
S1900710,P015,936,0100,0
S1900710,P015,922,0100,0
S1900710,P050,911,0100,11
S1900710,P060,911,0100,4
S1900710,P050,248,0100,68688
S1900710,P050,223,0100,94
S1900710,P050,236,0100,5
S1900710,P050,222,0100,50
S1900710,P050,259,0100,134
S1900710,P060,248,0100,149976
S1900710,P060,223,0100,24
S1900710,P060,236,0100,6
S1900710,P060,222,0100,26
S1900710,P060,259,0100,92
S2300438,P001,911,0100,4
E5600850,PC01,911,0100,0
E4900744,P001,911,0100,0
E4900744,P002,911,0100,0
E4900744,P023,911,0100,0
E5601197,P002,911,0100,3
E5601197,P003,911,0100,3
E5602998,P001,911,0100,0
E5602998,P002,911,0100,0
E5602998,P003,911,0100,2
E5602998,P004,911,0100,0
E5600869,P001,911,0100,3
S2202553,P001,911,0100,1
S2202553,P002,911,0100,1
S2202553,P003,911,0100,2
S1900710,P050,923,0100,92
S1900710,P050,936,0100,5
S1900710,P050,922,0100,50
S1900710,P060,923,0100,22
S1900710,P060,936,0100,6
S1900710,P060,922,0100,26
S1900569,P002,911,0100,0
S1900569,P012,911,0100,12
E5600841,P001,911,0100,5
E5600841,P002,911,0100,5
E5600841,P003,911,0100,0
E5600841,P004,911,0100,5
E5600841,P005,911,0100,8
E5600841,P006,911,0100,6
E5600841,P007,911,0100,9
E5600841,P008,911,0100,7
E5600841,P009,911,0100,6
E5600841,P010,911,0100,6
E5600841,PC23,911,0100,16
E5600841,PC83,911,0100,13
E5600841,PPB1,911,0100,0
E5600841,PPC1,911,0100,6
E5600841,PR54,911,0100,3
E5600841,PR61,911,0100,3
E5600841,PR62,911,0100,6
E5600841,PS11,911,0100,9
E5600841,PS12,911,0100,7
E5600841,PS31,911,0100,11
E5600841,PS32,911,0100,6
E5600841,PS51,911,0100,12
E5600841,PS52,911,0100,12
E5600841,PS71,911,0100,12
E5600841,PS72,911,0100,7
S1602755,P101,911,0100,3
S1602755,P201,911,0100,0
S1602755,P301,911,0100,2
S1900685,P002,911,0100,15
S1900685,P421,911,0100,11
S1900685,P411,911,0100,4
S2100223,P015,922,0100,38
S2100223,P015,923,0100,63
S2100223,P015,936,0100,3
S2300438,P001,922,0100,0
S2300438,P001,923,0100,43
S2300438,P001,936,0100,6
E5600332,P001,911,0100,4
E5600332,P002,911,0100,3
E5600332,P003,911,0100,0
E5600850,PC01,923,0100,0
E5600850,PC01,924,0100,0
E5600850,PC01,936,0100,0
E5600850,PC01,926,0100,0
E5602998,P001,922,0100,0
E5602998,P001,923,0100,0
E5602998,P001,924,0100,0
E5602998,P001,926,0100,0
E5602998,P001,937,0100,0
E5602998,P001,936,0100,0
E5602998,P002,922,0100,0
E5602998,P002,923,0100,0
E5602998,P002,924,0100,0
E5602998,P002,926,0100,0
E5602998,P002,937,0100,0
E5602998,P002,936,0100,0
E5602998,P003,922,0100,7
E5602998,P003,923,0100,112
E5602998,P003,924,0100,12
E5602998,P003,926,0100,23
E5602998,P003,937,0100,7
E5602998,P003,936,0100,11
E5602998,P004,922,0100,0
E5602998,P004,923,0100,0
E5602998,P004,924,0100,0
E5602998,P004,926,0100,0
E5602998,P004,937,0100,0
E5602998,P004,936,0100,0
E5600896,P004,911,0100,0
E5600896,P005,911,0100,0
E4900744,P001,923,0100,0
E4900744,P023,923,0100,0
E4900744,P001,936,0100,0
E4900744,P023,936,0100,0
E5600869,P001,922,0100,106
E5600869,P001,923,0100,117
E5600869,P001,936,0100,8
S1900569,P002,922,0100,0
S1900569,P012,922,0100,25
S1900569,P002,923,0100,0
S1900569,P012,923,0100,79
S1900569,P002,936,0100,0
S1900569,P012,936,0100,1
S2300429,P701,911,0100,0
S2300429,P701,922,0100,0
S2300429,P701,923,0100,0
S2300429,P701,936,0100,0
S2300429,PF01,911,0100,6
S2300429,PF01,922,0100,14
S2300429,PF01,923,0100,20
S2300429,PF01,936,0100,6
S2202553,P001,922,0100,16
S2202553,P002,922,0100,15
S2202553,P003,922,0100,10
S2202553,P001,923,0100,89
S2202553,P002,923,0100,79
S2202553,P003,923,0100,86
S2202553,P001,924,0100,2
S2202553,P002,924,0100,10
S2202553,P003,924,0100,3
S2202553,P001,926,0100,30
S2202553,P002,926,0100,24
S2202553,P003,926,0100,17
S2202553,P001,936,0100,9
S2202553,P002,936,0100,9
S2202553,P003,936,0100,9
E5400878,P010,911,0100,2
S1602755,P101,922,0100,2
S1602755,P201,922,0100,0
S1602755,P301,922,0100,3
S1602755,P101,923,0100,75
S1602755,P201,923,0100,0
S1602755,P301,923,0100,77
S1602755,P101,924,0100,3
S1602755,P201,924,0100,0
S1602755,P301,924,0100,4
S1602755,P101,926,0100,3
S1602755,P201,926,0100,0
S1602755,P301,926,0100,4
S1602755,P101,936,0100,12
S1602755,P201,936,0100,0
S1602755,P301,936,0100,14
S1900685,P421,922,0100,13
S1900685,P421,923,0100,66
S1900685,P421,936,0100,5
S1900685,P411,922,0100,38
S1900685,P411,923,0100,73
S1900685,P411,936,0100,13
E5600841,P001,923,0100,35
E5600841,P001,936,0100,6
E5600841,P001,922,0100,28
E5600841,P002,923,0100,34
E5600841,P002,936,0100,5
E5600841,P002,922,0100,26
E5600841,P003,923,0100,0
E5600841,P003,936,0100,0
E5600841,P003,922,0100,0
E5600841,P004,923,0100,20
E5600841,P004,936,0100,5
E5600841,P004,922,0100,19
E5600841,P005,923,0100,21
E5600841,P005,936,0100,5
E5600841,P005,922,0100,18
E5600841,P006,923,0100,44
E5600841,P006,936,0100,7
E5600841,P006,922,0100,5
E5600841,P007,923,0100,50
E5600841,P007,936,0100,7
E5600841,P007,922,0100,4
E5600841,P008,923,0100,42
E5600841,P008,936,0100,8
E5600841,P008,922,0100,4
E5600841,P009,923,0100,8
E5600841,P009,936,0100,6
E5600841,P009,922,0100,27
E5600841,P010,923,0100,15
E5600841,P010,936,0100,6
E5600841,P010,922,0100,22
E5600841,PC23,923,0100,121
E5600841,PC23,936,0100,9
E5600841,PC23,922,0100,20
E5600841,PC83,923,0100,78
E5600841,PC83,936,0100,7
E5600841,PC83,922,0100,33
E5600841,PPB1,923,0100,0
E5600841,PPB1,936,0100,0
E5600841,PPB1,922,0100,0
E5600841,PPC1,923,0100,12
E5600841,PPC1,936,0100,4
E5600841,PPC1,922,0100,13
E5600841,PR54,923,0100,66
E5600841,PR54,936,0100,5
E5600841,PR54,922,0100,55
E5600841,PR61,923,0100,56
E5600841,PR61,936,0100,4
E5600841,PR61,922,0100,40
E5600841,PR62,923,0100,41
E5600841,PR62,936,0100,5
E5600841,PR62,922,0100,33
E5600841,PS11,923,0100,45
E5600841,PS11,936,0100,12
E5600841,PS11,922,0100,46
E5600841,PS31,923,0100,75
E5600841,PS31,936,0100,11
E5600841,PS31,922,0100,57
E5600841,PS51,923,0100,36
E5600841,PS51,936,0100,9
E5600841,PS51,922,0100,11
E5600841,PS71,923,0100,46
E5600841,PS71,936,0100,12
E5600841,PS71,922,0100,22
E5600896,P004,922,0100,0
E5600896,P004,923,0100,0
E5600896,P004,936,0100,0
E5600896,P005,922,0100,0
E5600896,P005,923,0100,0
E5600896,P005,936,0100,0
E5600896,P007,923,0100,63
E5600896,P007,936,0100,5
E5600896,P008,923,0100,61
E5600896,P008,936,0100,1
E5400878,P001,923,0100,30
E5400878,P001,936,0100,15
E5400878,P002,923,0100,23
E5400878,P002,936,0100,15
E5400878,P003,923,0100,26
E5400878,P003,936,0100,15
E5400878,P010,923,0100,10
E5400878,P010,936,0100,14
E5002890,P001,911,0100,5
E5002890,P002,911,0100,5
E5002890,P003,911,0100,6
E5002890,P001,922,0100,2
E5002890,P002,922,0100,1
E5002890,P003,922,0100,2
E5002890,P001,923,0100,60
E5002890,P002,923,0100,116
E5002890,P003,923,0100,62
E5002890,P001,924,0100,2
E5002890,P002,924,0100,1
E5002890,P003,924,0100,2
E5002890,P001,926,0100,12
E5002890,P002,926,0100,10
E5002890,P003,926,0100,13
E5002890,P001,936,0100,12
E5002890,P002,936,0100,9
E5002890,P003,936,0100,12
S3200688,P001,911,0100,10
S3200688,P002,911,0100,11
S3200688,P003,911,0100,8
S3200688,P004,911,0100,0
S1601990,P001,911,0100,3
S1601990,P004,911,0100,5
S1601990,P049,911,0100,2
S3200688,P001,922,0100,53
S3200688,P001,923,0100,57
S3200688,P001,936,0100,4
S3200688,P002,922,0100,53
S3200688,P002,923,0100,62
S3200688,P002,936,0100,6
S3200688,P003,922,0100,58
S3200688,P003,923,0100,58
S3200688,P003,936,0100,6
S3200688,P004,922,0100,0
S3200688,P004,923,0100,0
S3200688,P004,936,0100,0
S3200688,P504,923,0100,19
S3200688,P504,936,0100,15
S3200688,P604,923,0100,20
S3200688,P604,936,0100,16
S3200688,P704,923,0100,19
S3200688,P704,936,0100,16
S3200688,P804,923,0100,0
S3200688,P804,936,0100,0
S3200688,P904,923,0100,26
S3200688,P904,936,0100,15
S3200688,P001,222,0100,55
S3200688,P001,223,0100,57
S3200688,P001,236,0100,4
S3200688,P001,248,0100,1781403
S3200688,P001,259,0100,93
S3200688,P002,222,0100,53
S3200688,P002,223,0100,60
S3200688,P002,236,0100,6
S3200688,P002,248,0100,1842834
S3200688,P002,259,0100,94
S3200688,P003,222,0100,58
S3200688,P003,223,0100,58
S3200688,P003,236,0100,6
S3200688,P003,248,0100,1919484
S3200688,P003,259,0100,98
S3200688,P004,222,0100,0
S3200688,P004,223,0100,0
S3200688,P004,236,0100,0
S3200688,P004,248,0100,0
S3200688,P004,259,0100,0
S3200688,P504,223,0100,19
S3200688,P504,236,0100,15
S3200688,P504,248,0100,2203420
S3200688,P504,259,0100,103
S3200688,P604,223,0100,20
S3200688,P604,236,0100,16
S3200688,P604,248,0100,969948
S3200688,P604,259,0100,105
S3200688,P704,223,0100,19
S3200688,P704,236,0100,16
S3200688,P704,248,0100,497327
S3200688,P704,259,0100,90
S3200688,P804,223,0100,0
S3200688,P804,236,0100,0
S3200688,P804,248,0100,0
S3200688,P804,259,0100,0
S3200688,P904,223,0100,26
S3200688,P904,236,0100,15
S3200688,P904,248,0100,2153682
S3200688,P904,259,0100,103
S2001314,P004,911,0100,6
S2001314,P004,923,0100,49
S2001314,P004,922,0100,19
S2001314,P004,936,0100,5
S2001314,P004,248,0100,277563
S2001314,P004,259,0100,53
S2001314,P004,223,0100,54
S2001314,P004,222,0100,19
S2001314,P004,236,0100,5
E2000554,P003,911,0100,13
E2000554,P003,923,0100,0
E2000554,P003,922,0100,0
E2000554,P003,936,0100,0
E2000554,P003,248,0100,0
E2000554,P003,259,0100,51
E2000554,P003,223,0100,0
E2000554,P003,222,0100,0
E2000554,P003,236,0100,0
S2005081,P401,911,0100,12
S2005081,P401,923,0100,55
S2005081,P401,922,0100,6
S2005081,P401,936,0100,7
E5600798,P003,911,0100,2
S2005081,P401,248,0100,170784
S2005081,P401,259,0100,51
S2005081,P401,223,0100,55
S2005081,P401,222,0100,6
S2005081,P401,236,0100,7
S1901066,P004,911,0100,6
S1901066,P004,922,0100,159
S1901066,P004,923,0100,180
S1901066,P004,924,0100,0
S1901066,P004,936,0100,6
S1901066,P004,937,0100,11
S1901066,P004,222,0100,156
S1901066,P004,223,0100,181
S1901066,P004,224,0100,0
S1901066,P004,236,0100,6
S1901066,P004,237,0100,11
S1901066,P004,248,0100,73944
S1901066,P004,259,0100,181
E5600056,P004,911,0106,4
E5600056,P006,911,0106,3
E5600056,P007,911,0106,7
E5600056,P008,911,0106,5
E5600056,P009,911,0106,2
E5600056,P016,911,0106,4
E5600056,P017,911,0106,3
E5600056,P018,911,0106,4
E5600056,P021,911,0106,0
E5600056,P022,911,0106,3
E5600056,P023,911,0106,-12
E5600056,P024,911,0106,0
S2100223,P015,911,0106,11
S2300438,P001,911,0106,4
E5600850,PC01,911,0106,0
E5600332,P001,911,0106,4
E5600332,P002,911,0106,3
E5600332,P003,911,0106,0
E4900744,P001,911,0106,0
E4900744,P002,911,0106,0
E4900744,P023,911,0106,0
E5601197,P002,911,0106,3
E5601197,P003,911,0106,3
E5602998,P001,911,0106,0
E5602998,P002,911,0106,0
E5602998,P003,911,0106,2
E5602998,P004,911,0106,0
E5600869,P001,911,0106,3
S2202553,P001,911,0106,1
S2202553,P002,911,0106,1
S2202553,P003,911,0106,2
S2201109,P711,911,0106,15
S2201109,P731,911,0106,16
S2201109,P741,911,0106,16
S2201109,P751,911,0106,12
S1900569,P002,911,0106,0
S1900569,P012,911,0106,12
E5600841,P001,911,0106,5
E5600841,P002,911,0106,5
E5600841,P003,911,0106,0
E5600841,P004,911,0106,5
E5600841,P005,911,0106,8
E5600841,P006,911,0106,6
E5600841,P007,911,0106,9
E5600841,P008,911,0106,7
E5600841,P009,911,0106,6
E5600841,P010,911,0106,6
E5600841,PC23,911,0106,16
E5600841,PC83,911,0106,14
E5600841,PPB1,911,0106,0
E5600841,PPC1,911,0106,6
E5600841,PR54,911,0106,3
E5600841,PR61,911,0106,3
E5600841,PR62,911,0106,6
E5600841,PS11,911,0106,9
E5600841,PS12,911,0106,7
E5600841,PS31,911,0106,11
E5600841,PS32,911,0106,5
E5600841,PS51,911,0106,11
E5600841,PS52,911,0106,12
E5600841,PS71,911,0106,12
E5600841,PS72,911,0106,7
S1900710,P070,911,0106,0
S1900710,P015,911,0106,0
S1900710,P056,911,0106,3
S1900710,P050,911,0106,7
S1900710,P060,911,0106,4
S2300429,P701,911,0106,0
S2300429,PF01,911,0106,7
S1602755,P101,911,0106,34
S1602755,P201,911,0106,0
S1602755,P301,911,0106,32
S1900685,P002,911,0106,15
S1900685,P421,911,0106,10
S1900685,P411,911,0106,4
E5600896,P004,911,0106,0
E5600896,P005,911,0106,0
E5002890,P001,911,0106,6
E5002890,P002,911,0106,5
E5002890,P003,911,0106,6
S3200688,P001,911,0106,10
S3200688,P002,911,0106,11
S3200688,P003,911,0106,8
S3200688,P004,911,0106,0
S1601990,P001,911,0106,4
S1601990,P004,911,0106,5
S1601990,P049,911,0106,2
S2001314,P004,911,0106,5
E2000554,P003,911,0106,12
S2005081,P401,911,0106,12
E5600798,P003,911,0106,6
S1901066,P004,911,0106,6
E5600056,P004,911,0112,4
E5600056,P006,911,0112,3
E5600056,P007,911,0112,7
E5600056,P008,911,0112,5
E5600056,P009,911,0112,2
E5600056,P016,911,0112,4
E5600056,P017,911,0112,3
E5600056,P018,911,0112,4
E5600056,P021,911,0112,0
E5600056,P022,911,0112,3
E5600056,P023,911,0112,-12
E5600056,P024,911,0112,0
S2100223,P015,911,0112,11
S2300438,P001,911,0112,4
S1900710,P070,911,0112,0
S1900710,P015,911,0112,0
S1900710,P056,911,0112,3
S1900710,P050,911,0112,8
S1900710,P060,911,0112,4
E5600332,P001,911,0112,4
E5600332,P002,911,0112,3
E5600332,P003,911,0112,0
E5600850,PC01,911,0112,0
E4900744,P001,911,0112,0
E4900744,P002,911,0112,0
E4900744,P023,911,0112,0
E5601197,P002,911,0112,3
E5601197,P003,911,0112,3
E5602998,P001,911,0112,0
E5602998,P002,911,0112,0
E5602998,P003,911,0112,2
E5602998,P004,911,0112,0
E5600869,P001,911,0112,3
S2202553,P001,911,0112,1
S2202553,P002,911,0112,1
S2202553,P003,911,0112,2
S2201109,P711,911,0112,15
S2201109,P731,911,0112,16
S2201109,P741,911,0112,16
S2201109,P751,911,0112,12
S1601990,P001,911,0112,4
S1601990,P004,911,0112,6
S1601990,P049,911,0112,2
S1900569,P002,911,0112,0
S1900569,P012,911,0112,13
E5600841,P001,911,0112,5
E5600841,P002,911,0112,5
E5600841,P003,911,0112,0
E5600841,P004,911,0112,5
E5600841,P005,911,0112,8
E5600841,P006,911,0112,6
E5600841,P007,911,0112,9
E5600841,P008,911,0112,7
E5600841,P009,911,0112,6
E5600841,P010,911,0112,6
E5600841,PC23,911,0112,12
E5600841,PC83,911,0112,13
E5600841,PPB1,911,0112,0
E5600841,PPC1,911,0112,6
E5600841,PR54,911,0112,3
E5600841,PR61,911,0112,3
E5600841,PR62,911,0112,6
E5600841,PS11,911,0112,9
E5600841,PS12,911,0112,10
E5600841,PS31,911,0112,11
E5600841,PS32,911,0112,5
E5600841,PS51,911,0112,12
E5600841,PS52,911,0112,12
E5600841,PS71,911,0112,11
E5600841,PS72,911,0112,7
S2300429,P701,911,0112,0
S2300429,PF01,911,0112,6
S1602755,P101,911,0112,82
S1602755,P201,911,0112,0
S1602755,P301,911,0112,77
S1900685,P002,911,0112,15
S1900685,P421,911,0112,10
S1900685,P411,911,0112,4
E5600896,P004,911,0112,0
E5600896,P005,911,0112,0
E5400878,P010,911,0112,2
E5002890,P001,911,0112,5
E5002890,P002,911,0112,5
E5002890,P003,911,0112,6
S3200688,P001,911,0112,10
S3200688,P002,911,0112,11
S3200688,P003,911,0112,8
S3200688,P004,911,0112,0
S2001314,P004,911,0112,8
E2000554,P003,911,0112,13
S2005081,P401,911,0112,11
E5600798,P003,911,0112,9
S1901066,P004,911,0112,6
E5600056,P004,922,0115,8
E5600056,P004,923,0115,42
E5600056,P004,924,0115,17
E5600056,P004,936,0115,6
E5600056,P006,922,0115,0
E5600056,P006,923,0115,34
E5600056,P006,924,0115,0
E5600056,P006,936,0115,7
E5600056,P007,922,0115,1
E5600056,P007,923,0115,31
E5600056,P007,924,0115,1
E5600056,P007,936,0115,5
E5600056,P008,922,0115,4
E5600056,P008,923,0115,53
E5600056,P008,924,0115,116
E5600056,P008,936,0115,4
E5600056,P016,922,0115,0
E5600056,P016,923,0115,50
E5600056,P016,936,0115,11
E5600056,P017,922,0115,1
E5600056,P017,923,0115,31
E5600056,P017,924,0115,0
E5600056,P017,936,0115,7
E5600056,P018,922,0115,0
E5600056,P018,923,0115,25
E5600056,P018,924,0115,0
E5600056,P018,936,0115,4
E5600056,P021,922,0115,0
E5600056,P021,923,0115,0
E5600056,P021,924,0115,0
E5600056,P021,936,0115,0
E5600056,P024,922,0115,0
E5600056,P024,923,0115,0
E5600056,P024,924,0115,0
E5600056,P024,936,0115,0
E5600056,P034,922,0115,2
E5600056,P034,923,0115,39
E5600056,P034,936,0115,1
S1900710,P070,923,0115,0
S1900710,P070,936,0115,0
S1900710,P070,922,0115,0
S1900710,P015,923,0115,0
S1900710,P015,936,0115,0
S1900710,P015,922,0115,0
S1900710,P056,923,0115,42
S1900710,P056,936,0115,4
S1900710,P056,922,0115,34
S1900710,P050,923,0115,93
S1900710,P050,936,0115,5
S1900710,P050,922,0115,51
S1900710,P060,923,0115,23
S1900710,P060,936,0115,6
S1900710,P060,922,0115,26
S2100223,P015,922,0115,46
S2100223,P015,923,0115,61
S2100223,P015,936,0115,3
S2300438,P001,922,0115,0
S2300438,P001,923,0115,41
S2300438,P001,936,0115,5
E4900744,P001,923,0115,0
E4900744,P023,923,0115,0
E4900744,P001,936,0115,0
E4900744,P023,936,0115,0
S2201109,P711,923,0115,25
S2201109,P711,936,0115,7
S2201109,P711,922,0115,1
S2201109,P731,923,0115,44
S2201109,P731,936,0115,7
S2201109,P731,922,0115,2
S2201109,P741,923,0115,59
S2201109,P741,936,0115,7
S2201109,P741,922,0115,19
S2201109,P751,923,0115,0
S2201109,P751,936,0115,0
S2201109,P751,922,0115,0
S2300429,P701,922,0115,0
S2300429,P701,923,0115,0
S2300429,P701,936,0115,0
S2300429,PF01,922,0115,13
S2300429,PF01,923,0115,16
S2300429,PF01,936,0115,6
E5600850,PC01,923,0115,0
E5600850,PC01,924,0115,0
E5600850,PC01,936,0115,0
E5600850,PC01,926,0115,0
E5002890,P001,922,0115,2
E5002890,P002,922,0115,1
E5002890,P003,922,0115,2
E5002890,P001,923,0115,60
E5002890,P002,923,0115,115
E5002890,P003,923,0115,64
E5002890,P001,924,0115,2
E5002890,P002,924,0115,1
E5002890,P003,924,0115,2
E5002890,P001,926,0115,16
E5002890,P002,926,0115,11
E5002890,P003,926,0115,12
E5002890,P001,936,0115,12
E5002890,P002,936,0115,9
E5002890,P003,936,0115,12
E5602998,P001,922,0115,0
E5602998,P001,923,0115,0
E5602998,P001,924,0115,0
E5602998,P001,926,0115,0
E5602998,P001,937,0115,0
E5602998,P001,936,0115,0
E5602998,P002,922,0115,0
E5602998,P002,923,0115,0
E5602998,P002,924,0115,0
E5602998,P002,926,0115,0
E5602998,P002,937,0115,0
E5602998,P002,936,0115,0
E5602998,P003,922,0115,5
E5602998,P003,923,0115,114
E5602998,P003,924,0115,14
E5602998,P003,926,0115,20
E5602998,P003,937,0115,7
E5602998,P003,936,0115,11
E5602998,P004,922,0115,0
E5602998,P004,923,0115,0
E5602998,P004,924,0115,0
E5602998,P004,926,0115,0
E5602998,P004,937,0115,0
E5602998,P004,936,0115,0
E5600869,P001,922,0115,101
E5600869,P001,923,0115,113
E5600869,P001,936,0115,8
S1900685,P421,922,0115,12
S1900685,P421,923,0115,63
S1900685,P421,936,0115,5
S1900685,P411,922,0115,39
S1900685,P411,923,0115,81
S1900685,P411,936,0115,13
S2202553,P001,922,0115,17
S2202553,P002,922,0115,10
S2202553,P003,922,0115,11
S2202553,P001,923,0115,85
S2202553,P002,923,0115,81
S2202553,P003,923,0115,95
S2202553,P001,924,0115,2
S2202553,P002,924,0115,10
S2202553,P003,924,0115,22
S2202553,P001,926,0115,18
S2202553,P002,926,0115,15
S2202553,P003,926,0115,15
S2202553,P001,936,0115,9
S2202553,P002,936,0115,9
S2202553,P003,936,0115,9
S1602755,P101,922,0115,3
S1602755,P201,922,0115,0
S1602755,P301,922,0115,3
S1602755,P101,923,0115,77
S1602755,P201,923,0115,0
S1602755,P301,923,0115,74
S1602755,P101,924,0115,4
S1602755,P201,924,0115,0
S1602755,P301,924,0115,4
S1602755,P101,926,0115,7
S1602755,P201,926,0115,0
S1602755,P301,926,0115,3
S1602755,P101,936,0115,14
S1602755,P201,936,0115,0
S1602755,P301,936,0115,14
S1900569,P002,922,0115,0
S1900569,P012,922,0115,26
S1900569,P002,923,0115,0
S1900569,P012,923,0115,81
S1900569,P002,936,0115,0
S1900569,P012,936,0115,1
E5600841,P001,923,0115,28
E5600841,P001,936,0115,6
E5600841,P001,922,0115,26
E5600841,P002,923,0115,26
E5600841,P002,936,0115,5
E5600841,P002,922,0115,24
E5600841,P003,923,0115,0
E5600841,P003,936,0115,0
E5600841,P003,922,0115,0
E5600841,P004,923,0115,22
E5600841,P004,936,0115,5
E5600841,P004,922,0115,19
E5600841,P005,923,0115,20
E5600841,P005,936,0115,5
E5600841,P005,922,0115,18
E5600841,P006,923,0115,43
E5600841,P006,936,0115,7
E5600841,P006,922,0115,4
E5600841,P007,923,0115,50
E5600841,P007,936,0115,7
E5600841,P007,922,0115,4
E5600841,P008,923,0115,40
E5600841,P008,936,0115,7
E5600841,P008,922,0115,3
E5600841,P009,923,0115,9
E5600841,P009,936,0115,7
E5600841,P009,922,0115,28
E5600841,P010,923,0115,15
E5600841,P010,936,0115,6
E5600841,P010,922,0115,22
E5600841,PC23,923,0115,68
E5600841,PC23,936,0115,8
E5600841,PC23,922,0115,18
E5600841,PC83,923,0115,81
E5600841,PC83,936,0115,7
E5600841,PC83,922,0115,31
E5600841,PPB1,923,0115,9
E5600841,PPB1,936,0115,8
E5600841,PPB1,922,0115,18
E5600841,PPC1,923,0115,13
E5600841,PPC1,936,0115,4
E5600841,PPC1,922,0115,11
E5600841,PR54,923,0115,61
E5600841,PR54,936,0115,5
E5600841,PR54,922,0115,52
E5600841,PR61,923,0115,56
E5600841,PR61,936,0115,4
E5600841,PR61,922,0115,41
E5600841,PR62,923,0115,37
E5600841,PR62,936,0115,5
E5600841,PR62,922,0115,33
E5600841,PS11,923,0115,45
E5600841,PS11,936,0115,12
E5600841,PS11,922,0115,49
E5600841,PS31,923,0115,75
E5600841,PS31,936,0115,11
E5600841,PS31,922,0115,61
E5600841,PS51,923,0115,34
E5600841,PS51,936,0115,9
E5600841,PS51,922,0115,11
E5600841,PS71,923,0115,43
E5600841,PS71,936,0115,12
E5600841,PS71,922,0115,14
E5600896,P004,922,0115,0
E5600896,P004,923,0115,0
E5600896,P004,936,0115,0
E5600896,P005,922,0115,0
E5600896,P005,923,0115,0
E5600896,P005,936,0115,0
E5600896,P007,923,0115,63
E5600896,P007,936,0115,5
E5600896,P008,923,0115,61
E5600896,P008,936,0115,1
S3200688,P001,922,0115,55
S3200688,P001,923,0115,53
S3200688,P001,936,0115,4
S3200688,P002,922,0115,52
S3200688,P002,923,0115,58
S3200688,P002,936,0115,6
S3200688,P003,922,0115,58
S3200688,P003,923,0115,58
S3200688,P003,936,0115,6
S3200688,P004,922,0115,0
S3200688,P004,923,0115,0
S3200688,P004,936,0115,0
S3200688,P504,923,0115,19
S3200688,P504,936,0115,15
S3200688,P604,923,0115,20
S3200688,P604,936,0115,15
S3200688,P704,923,0115,18
S3200688,P704,936,0115,16
S3200688,P804,923,0115,0
S3200688,P804,936,0115,0
S3200688,P904,923,0115,26
S3200688,P904,936,0115,15
S2001314,P004,923,0115,54
S2001314,P004,922,0115,19
S2001314,P004,936,0115,5
E2000554,P003,923,0115,0
E2000554,P003,922,0115,0
E2000554,P003,936,0115,0
S2005081,P401,923,0115,54
S2005081,P401,922,0115,6
S2005081,P401,936,0115,7
S1901066,P004,922,0115,155
S1901066,P004,923,0115,181
S1901066,P004,924,0115,0
S1901066,P004,936,0115,6
S1901066,P004,937,0115,11
E5600056,P004,911,0118,6
E5600056,P006,911,0118,3
E5600056,P007,911,0118,7
E5600056,P008,911,0118,5
E5600056,P009,911,0118,2
E5600056,P016,911,0118,4
E5600056,P017,911,0118,2
E5600056,P018,911,0118,4
E5600056,P021,911,0118,0
E5600056,P022,911,0118,3
E5600056,P023,911,0118,-12
E5600056,P024,911,0118,0
S2100223,P015,911,0118,10
S2300438,P001,911,0118,4
E5601197,P002,911,0118,3
E5601197,P003,911,0118,3
E5600332,P001,911,0118,4
E5600332,P002,911,0118,3
E5600332,P003,911,0118,0
S1900710,P070,911,0118,0
S1900710,P056,911,0118,3
S1900710,P015,911,0118,0
S1900710,P050,911,0118,9
S1900710,P060,911,0118,4
E5600850,PC01,911,0118,0
E4900744,P001,911,0118,0
E4900744,P002,911,0118,0
E4900744,P023,911,0118,0
E5602998,P001,911,0118,0
E5602998,P002,911,0118,0
E5602998,P003,911,0118,2
E5602998,P004,911,0118,0
E5600869,P001,911,0118,3
S2202553,P001,911,0118,1
S2202553,P002,911,0118,1
S2202553,P003,911,0118,2
S2201109,P711,911,0118,15
S2201109,P731,911,0118,16
S2201109,P741,911,0118,16
S2201109,P751,911,0118,13
S1900569,P002,911,0118,0
S1900569,P012,911,0118,12
E5600841,P001,911,0118,5
E5600841,P002,911,0118,5
E5600841,P003,911,0118,0
E5600841,P004,911,0118,5
E5600841,P005,911,0118,8
E5600841,P006,911,0118,6
E5600841,P007,911,0118,9
E5600841,P008,911,0118,6
E5600841,P009,911,0118,6
E5600841,P010,911,0118,6
E5600841,PC23,911,0118,11
E5600841,PC83,911,0118,14
E5600841,PPB1,911,0118,0
E5600841,PPC1,911,0118,6
E5600841,PR54,911,0118,3
E5600841,PR61,911,0118,3
E5600841,PR62,911,0118,6
E5600841,PS11,911,0118,9
E5600841,PS12,911,0118,8
E5600841,PS31,911,0118,12
E5600841,PS32,911,0118,5
E5600841,PS51,911,0118,12
E5600841,PS52,911,0118,12
E5600841,PS71,911,0118,11
E5600841,PS72,911,0118,7
S2300429,P701,911,0118,0
S2300429,PF01,911,0118,6
S1900685,P002,911,0118,15
S1900685,P421,911,0118,10
S1900685,P411,911,0118,4
S1602755,P101,911,0118,75
S1602755,P201,911,0118,0
S1602755,P301,911,0118,75
E5600896,P004,911,0118,0
E5600896,P005,911,0118,0
E5002890,P001,911,0118,5
E5002890,P002,911,0118,5
E5002890,P003,911,0118,6
E5400878,P010,911,0118,2
S3200688,P001,911,0118,10
S3200688,P002,911,0118,11
S3200688,P003,911,0118,14
S3200688,P004,911,0118,0
S1601990,P001,911,0118,4
S1601990,P004,911,0118,6
S1601990,P049,911,0118,2
S2001314,P004,911,0118,5
E2000554,P003,911,0118,14
S2005081,P401,911,0118,12
E5600798,P003,911,0118,9
S1901066,P004,911,0118,6
