2016-07-06,1467734400,,,
H4702336,P001,911,0000,11.70
H4307715,P001,911,0000,1.40
H4307715,P001,922,0000,1.00
H4307715,P001,923,0000,98.00
H4307715,P001,924,0000,1.00
H4307715,P002,911,0000,1.30
H4307715,P002,922,0000,1.00
H4307715,P002,923,0000,112.00
H4307715,P002,924,0000,2.00
H53A0675,P001,911,0000,1.70
H4604568,P001,923,0000,0.00
H4604568,P002,923,0000,0.00
H4604568,P003,923,0000,5.00
H4604568,P004,923,0000,5.00
H4810851,P101,911,0000,12.70
H4810851,P201,911,0000,14.40
H5200215,P002,911,0000,12.20
H4601227,PG01,911,0000,8.20
H4601398,P451,911,0000,13.60
H4601398,P501,911,0000,14.80
H51A1495,A001,959,0000,59.00
H4702336,P001,922,0000,24.00
H4702336,P001,923,0000,74.00
H53A0675,P001,924,0000,96.00
H4810851,P101,922,0000,4.00
H4810851,P101,923,0000,35.00
H4810851,P101,924,0000,21.00
H4810851,P201,922,0000,12.00
H4810851,P201,923,0000,27.00
H4810851,P201,924,0000,285.00
H5200215,P002,922,0000,63.00
H5200215,P002,923,0000,71.00
H4601227,PG01,922,0000,0.00
H4601227,PG01,923,0000,5.00
H4601398,P451,922,0000,16.00
H4601398,P451,923,0000,15.00
H4601398,P501,922,0000,47.00
H4601398,P501,923,0000,83.00
H5307960,P001,911,0000,1.10
H5307960,P001,922,0000,0.00
H5307960,P001,923,0000,15.00
H5307960,P002,911,0000,2.00
H5307960,P002,922,0000,0.00
H5307960,P002,923,0000,16.00
H5307960,P003,911,0000,0.40
H5307960,P003,923,0000,13.00
H5307960,P004,911,0000,1.20
H5307960,P004,923,0000,17.00
H51A1495,A001,959,0005,58.00
H4810851,P101,911,0006,12.70
H4810851,P201,911,0006,14.50
H4601227,PG01,911,0006,8.20
H4601398,P451,911,0006,17.00
H4601398,P501,911,0006,15.30
H4702336,P001,911,0006,11.70
H4307715,P001,911,0006,1.40
H4307715,P002,911,0006,1.30
H53A0675,P001,911,0006,1.70
H4810799,P001,911,0006,0.00
H4810799,P002,911,0006,0.00
H5200215,P002,911,0006,12.40
H5307960,P001,911,0006,1.20
H5307960,P002,911,0006,2.00
H5307960,P003,911,0006,0.40
H5307960,P004,911,0006,1.40
H51A1495,A001,959,0010,58.00
H4702336,P001,911,0012,11.90
H4307715,P001,911,0012,1.40
H4307715,P002,911,0012,1.30
H53A0675,P001,911,0012,1.70
H4810851,P101,911,0012,12.70
H4810851,P201,911,0012,14.40
H4810799,P001,911,0012,0.00
H4810799,P002,911,0012,0.00
H5200215,P002,911,0012,11.70
H4601227,PG01,911,0012,8.20
H4601398,P451,911,0012,12.60
H4601398,P501,911,0012,14.70
H5307960,P001,911,0012,1.20
H5307960,P002,911,0012,2.00
H5307960,P003,911,0012,0.40
H5307960,P004,911,0012,1.20
H4307715,P001,922,0015,0.00
H4307715,P001,923,0015,108.00
H4307715,P001,924,0015,0.00
H4307715,P002,922,0015,1.00
H4307715,P002,923,0015,103.00
H4307715,P002,924,0015,2.00
H4604568,P001,923,0015,0.00
H4604568,P002,923,0015,0.00
H4604568,P003,923,0015,5.00
H4604568,P004,923,0015,5.00
H4702336,P001,922,0015,23.00
H4702336,P001,923,0015,74.00
H4601398,P451,922,0015,15.00
H4601398,P451,923,0015,16.00
H4601398,P501,922,0015,32.00
H4601398,P501,923,0015,84.00
H5307960,P001,922,0015,0.00
H5307960,P001,923,0015,14.00
H5307960,P002,922,0015,0.00
H5307960,P002,923,0015,16.00
H5307960,P003,923,0015,13.00
H4702336,P001,911,0018,12.00
H4307715,P001,911,0018,1.40
H4307715,P002,911,0018,1.30
H4810851,P101,911,0018,12.60
H4810851,P201,911,0018,15.60
H4601227,PG01,911,0018,8.20
H4601398,P451,911,0018,12.30
H4601398,P501,911,0018,14.80
H5307960,P001,911,0018,1.20
H5307960,P002,911,0018,1.90
H5307960,P003,911,0018,0.40
H5307960,P004,911,0018,1.00
H53A0675,P001,911,0018,2.20
H4702336,P001,911,0024,11.90
H4601398,P451,911,0024,13.90
H4601398,P501,911,0024,14.70
H5307960,P001,911,0024,1.20
H5307960,P002,911,0024,2.00
H5307960,P003,911,0024,0.40
H5307960,P004,911,0024,1.10
H4307715,P001,911,0024,1.40
H4307715,P002,911,0024,1.30
H53A0675,P001,911,0024,1.80
H4702336,P001,911,0030,12.10
H4601398,P451,911,0030,12.90
H4601398,P501,911,0030,15.20
H5307960,P001,911,0030,1.20
H5307960,P002,911,0030,1.90
H5307960,P003,911,0030,0.40
H5307960,P004,911,0030,1.00
H4307715,P001,911,0030,1.40
H4307715,P001,922,0030,2.00
H4307715,P001,923,0030,106.00
H4307715,P001,924,0030,1.00
H4307715,P002,911,0030,1.30
H4307715,P002,922,0030,1.00
H4307715,P002,923,0030,96.00
H4307715,P002,924,0030,2.00
H4702336,P001,911,0100,12.00
H4307715,P001,911,0100,1.40
H4307715,P001,922,0100,2.00
H4307715,P001,923,0100,106.00
H4307715,P001,924,0100,0.00
H4307715,P002,911,0100,1.30
H4307715,P002,922,0100,2.00
H4307715,P002,923,0100,103.00
H4307715,P002,924,0100,2.00
H53A0675,P001,911,0100,1.80
H4604568,P001,923,0100,0.00
H4604568,P002,923,0100,0.00
H4604568,P003,923,0100,5.00
H4604568,P004,923,0100,5.00
H4810851,P101,911,0100,12.70
H4810851,P201,911,0100,14.40
H5200215,P002,911,0100,11.70
H4601227,PG01,911,0100,8.20
H4601398,P451,911,0100,11.50
H4601398,P501,911,0100,14.90
H5307960,P001,911,0100,1.20
H5307960,P002,911,0100,2.00
H5307960,P003,911,0100,0.50
H5307960,P004,911,0100,1.10
H5307960,P005,911,0100,0.10
H5307960,P006,911,0100,1.30
H51A1495,A001,959,0100,35.00
H4702336,P001,922,0100,25.00
H4702336,P001,923,0100,69.00
H53A0675,P001,924,0100,169.00
H4810851,P101,922,0100,13.00
H4810851,P101,923,0100,35.00
H4810851,P101,924,0100,1.00
H4810851,P201,922,0100,11.00
H4810851,P201,923,0100,30.00
H4810851,P201,924,0100,285.00
H5200215,P002,922,0100,75.00
H5200215,P002,923,0100,71.00
H4601227,PG01,922,0100,0.00
H4601227,PG01,923,0100,5.00
H4601398,P451,922,0100,18.00
H4601398,P451,923,0100,18.00
H4601398,P501,922,0100,45.00
H4601398,P501,923,0100,84.00
H5307960,P001,922,0100,0.00
H5307960,P001,923,0100,14.00
H5307960,P002,922,0100,0.00
H5307960,P002,923,0100,16.00
H5307960,P003,923,0100,12.00
H51A1495,A001,959,0105,35.00
H4810851,P101,911,0106,12.60
H4810851,P201,911,0106,14.40
H4601227,PG01,911,0106,8.20
H4601398,P451,911,0106,9.70
H4601398,P501,911,0106,14.90
H4702336,P001,911,0106,11.50
H4307715,P001,911,0106,1.40
H4307715,P002,911,0106,1.30
H53A0675,P001,911,0106,2.20
H4810799,P001,911,0106,0.00
H4810799,P002,911,0106,0.00
H5200215,P002,911,0106,12.40
H5307960,P001,911,0106,1.20
H5307960,P002,911,0106,2.00
H5307960,P003,911,0106,0.50
H5307960,P004,911,0106,1.10
H51A1495,A001,959,0110,36.00
H4702336,P001,911,0112,11.60
H4307715,P001,911,0112,1.40
H4307715,P002,911,0112,1.30
H53A0675,P001,911,0112,1.90
H4810851,P101,911,0112,12.70
H4810851,P201,911,0112,15.60
H4810799,P001,911,0112,0.00
H4810799,P002,911,0112,0.00
H5200215,P002,911,0112,11.70
H4601227,PG01,911,0112,8.20
H4601398,P451,911,0112,11.80
H4601398,P501,911,0112,14.70
H5307960,P001,911,0112,1.20
H5307960,P002,911,0112,2.00
H5307960,P003,911,0112,0.50
H5307960,P004,911,0112,1.10
H4307715,P001,922,0115,2.00
H4307715,P001,923,0115,103.00
H4307715,P001,924,0115,2.00
H4307715,P002,922,0115,2.00
H4307715,P002,923,0115,103.00
H4307715,P002,924,0115,2.00
H4604568,P001,923,0115,0.00
H4604568,P002,923,0115,0.00
H4604568,P003,923,0115,5.00
H4604568,P004,923,0115,5.00
H4702336,P001,922,0115,25.00
H4702336,P001,923,0115,66.00
H53A0675,P001,924,0115,270.00
H4601398,P451,922,0115,17.00
H4601398,P451,923,0115,17.00
H4601398,P501,922,0115,54.00
H4601398,P501,923,0115,88.00
H5307960,P001,922,0115,0.00
H5307960,P001,923,0115,15.00
H5307960,P002,922,0115,0.00
H5307960,P002,923,0115,16.00
H5307960,P003,923,0115,12.00
H4702336,P001,911,0118,11.60
H4307715,P001,911,0118,1.30
H4307715,P002,911,0118,1.30
H53A0675,P001,911,0118,1.80
H4810851,P101,911,0118,12.70
H4810851,P201,911,0118,14.40
H4601227,PG01,911,0118,8.20
H4601398,P451,911,0118,15.10
H4601398,P501,911,0118,15.30
H5307960,P001,911,0118,1.20
H5307960,P002,911,0118,2.00
H5307960,P003,911,0118,0.50
H5307960,P004,911,0118,1.10
H4702336,P001,911,0124,11.30
H4307715,P001,911,0124,1.30
H4307715,P002,911,0124,1.30
H53A0675,P001,911,0124,2.10
H4601398,P451,911,0124,14.00
H4601398,P501,911,0124,15.00
H5307960,P001,911,0124,1.20
H5307960,P002,911,0124,2.00
H5307960,P003,911,0124,0.50
H5307960,P004,911,0124,1.20
H4702336,P001,911,0130,11.10
H4307715,P001,911,0130,1.40
H4307715,P001,922,0130,2.00
H4307715,P001,923,0130,99.00
H4307715,P001,924,0130,0.00
H4307715,P002,911,0130,1.30
H4307715,P002,922,0130,1.00
H4307715,P002,923,0130,108.00
H4307715,P002,924,0130,2.00
H53A0675,P001,911,0130,1.90
H4601398,P451,911,0130,14.80
H4601398,P501,911,0130,14.90
H4601398,P451,911,0136,14.20
H4601398,P501,911,0136,15.10
H4702336,P001,911,0200,11.20
H4307715,P001,911,0200,1.40
H4307715,P001,922,0200,2.00
H4307715,P001,923,0200,100.00
H4307715,P001,924,0200,1.00
H4307715,P002,911,0200,1.30
H4307715,P002,922,0200,2.00
H4307715,P002,923,0200,112.00
H4307715,P002,924,0200,2.00
H53A0675,P001,911,0200,1.90
H4604568,P001,923,0200,0.00
H4604568,P002,923,0200,0.00
H4604568,P003,923,0200,0.00
H4604568,P004,923,0200,0.00
H4810851,P101,911,0200,12.70
H4810851,P201,911,0200,15.40
H5200215,P002,911,0200,11.90
H4601227,PG01,911,0200,8.20
H4601398,P451,911,0200,14.30
H4601398,P501,911,0200,14.80
H5307960,P001,911,0200,1.20
H5307960,P002,911,0200,2.00
H5307960,P003,911,0200,0.50
H5307960,P004,911,0200,1.10
H5307960,P005,911,0200,0.20
H5307960,P006,911,0200,1.40
H51A1495,A001,959,0200,34.00
H4702336,P001,922,0200,25.00
H4702336,P001,923,0200,70.00
H53A0675,P001,924,0200,225.00
H4810851,P101,922,0200,14.00
H4810851,P101,923,0200,34.00
H4810851,P101,924,0200,1.00
H4810851,P201,922,0200,9.00
H4810851,P201,923,0200,31.00
H4810851,P201,924,0200,283.00
H5200215,P002,922,0200,75.00
H5200215,P002,923,0200,69.00
H4601227,PG01,922,0200,0.00
H4601227,PG01,923,0200,5.00
H4601398,P451,922,0200,17.00
H4601398,P451,923,0200,18.00
H4601398,P501,922,0200,44.00
H4601398,P501,923,0200,87.00
H5307960,P001,922,0200,0.00
H5307960,P001,923,0200,15.00
H5307960,P002,922,0200,0.00
H5307960,P002,923,0200,16.00
H5307960,P003,923,0200,12.00
H51A1495,A001,959,0205,34.00
H4307715,P001,911,0206,1.40
H4307715,P002,911,0206,1.30
H4810851,P101,911,0206,12.70
H4810851,P201,911,0206,14.60
H4702336,P001,911,0206,12.70
H53A0675,P001,911,0206,1.80
H4810799,P001,911,0206,0.00
H4810799,P002,911,0206,0.00
H5200215,P002,911,0206,12.60
H4601227,PG01,911,0206,8.20
H4601398,P451,911,0206,10.40
H4601398,P501,911,0206,15.40
H5307960,P001,911,0206,1.20
H5307960,P002,911,0206,2.00
H5307960,P003,911,0206,0.60
H5307960,P004,911,0206,1.00
H51A1495,A001,959,0210,34.00
H4702336,P001,911,0212,11.80
H4307715,P001,911,0212,1.40
H4307715,P002,911,0212,1.30
H53A0675,P001,911,0212,2.10
H4810799,P001,911,0212,0.00
H4810799,P002,911,0212,0.00
H4810851,P101,911,0212,12.70
H4810851,P201,911,0212,15.00
H5200215,P002,911,0212,11.80
H4601227,PG01,911,0212,8.20
H4601398,P451,911,0212,9.50
H4601398,P501,911,0212,14.90
H5307960,P001,911,0212,1.10
H5307960,P002,911,0212,2.00
H5307960,P003,911,0212,0.50
H5307960,P004,911,0212,1.10
H4604568,P001,923,0215,0.00
H4604568,P002,923,0215,0.00
H4604568,P003,923,0215,0.00
H4604568,P004,923,0215,0.00
H4307715,P001,922,0215,0.00
H4307715,P001,923,0215,100.00
H4307715,P001,924,0215,0.00
H4307715,P002,922,0215,1.00
H4307715,P002,923,0215,106.00
H4307715,P002,924,0215,2.00
H4702336,P001,922,0215,24.00
H4702336,P001,923,0215,69.00
H4601398,P451,922,0215,17.00
H4601398,P451,923,0215,18.00
H4601398,P501,922,0215,30.00
H4601398,P501,923,0215,86.00
H5307960,P001,922,0215,0.00
H5307960,P001,923,0215,16.00
H5307960,P002,922,0215,0.00
H5307960,P002,923,0215,16.00
H5307960,P003,923,0215,13.00
H4702336,P001,911,0218,11.00
H4307715,P001,911,0218,1.40
H4307715,P002,911,0218,1.30
H4810851,P101,911,0218,12.70
H4810851,P201,911,0218,14.60
H4601227,PG01,911,0218,8.20
H4601398,P451,911,0218,13.00
H4601398,P501,911,0218,14.90
H5307960,P001,911,0218,1.20
H5307960,P002,911,0218,2.00
H5307960,P003,911,0218,0.60
H5307960,P004,911,0218,1.00
H4702336,P001,911,0224,11.20
H4601398,P451,911,0224,9.30
H4601398,P501,911,0224,15.10
H5307960,P001,911,0224,1.20
H5307960,P002,911,0224,2.00
H5307960,P003,911,0224,0.60
H5307960,P004,911,0224,1.10
H4307715,P001,911,0224,1.40
H4307715,P002,911,0224,1.30
H4702336,P001,911,0230,11.10
H4601398,P451,911,0230,12.20
H4601398,P501,911,0230,15.60
H5307960,P001,911,0230,1.20
H5307960,P002,911,0230,2.00
H5307960,P003,911,0230,0.60
H4307715,P001,911,0230,1.40
H4307715,P001,922,0230,0.00
H4307715,P001,923,0230,96.00
H4307715,P001,924,0230,0.00
H4307715,P002,911,0230,1.30
H4307715,P002,922,0230,2.00
H4307715,P002,923,0230,96.00
H4307715,P002,924,0230,2.00
H4601398,P451,911,0236,9.60
H4601398,P501,911,0236,14.90
H4307715,P001,911,0236,1.40
H4307715,P002,911,0236,1.30
H4702336,P001,911,0300,11.00
H4307715,P001,911,0300,1.40
H4307715,P001,922,0300,0.00
H4307715,P001,923,0300,98.00
H4307715,P001,924,0300,0.00
H4307715,P002,911,0300,1.30
H4307715,P002,922,0300,1.00
H4307715,P002,923,0300,102.00
H4307715,P002,924,0300,2.00
H53A0675,P001,911,0300,2.10
H4604568,P001,923,0300,0.00
H4604568,P002,923,0300,0.00
H4604568,P003,923,0300,0.00
H4604568,P004,923,0300,0.00
H4810851,P101,911,0300,12.70
H4810851,P201,911,0300,14.40
H5200215,P002,911,0300,11.60
H4601227,PG01,911,0300,8.20
H4601398,P451,911,0300,10.10
H4601398,P501,911,0300,14.90
H51A1495,A001,959,0300,34.00
H4702336,P001,922,0300,24.00
H4702336,P001,923,0300,70.00
H53A0675,P001,924,0300,229.00
H4810851,P101,922,0300,15.00
H4810851,P101,923,0300,37.00
H4810851,P101,924,0300,7.00
H4810851,P201,922,0300,12.00
H4810851,P201,923,0300,34.00
H4810851,P201,924,0300,286.00
H5200215,P002,922,0300,50.00
H5200215,P002,923,0300,71.00
H4601227,PG01,922,0300,0.00
H4601227,PG01,923,0300,5.00
H4601398,P451,922,0300,17.00
H4601398,P451,923,0300,19.00
H4601398,P501,922,0300,47.00
H4601398,P501,923,0300,89.00
H5307960,P001,911,0300,1.20
H5307960,P001,922,0300,0.00
H5307960,P001,923,0300,16.00
H5307960,P002,911,0300,2.00
H5307960,P002,922,0300,0.00
H5307960,P002,923,0300,16.00
H5307960,P003,911,0300,0.50
H5307960,P003,923,0300,13.00
H5307960,P004,911,0300,1.00
H5307960,P004,923,0300,18.00
H51A1495,A001,959,0305,33.00
H4307715,P001,911,0306,1.40
H4307715,P002,911,0306,1.30
H4810851,P101,911,0306,12.70
H4810851,P201,911,0306,14.50
H4601227,PG01,911,0306,8.20
H4601398,P451,911,0306,10.10
H4601398,P501,911,0306,14.90
H4702336,P001,911,0306,11.20
H53A0675,P001,911,0306,1.90
H4810799,P001,911,0306,0.00
H4810799,P002,911,0306,0.00
H5200215,P002,911,0306,11.50
H5307960,P001,911,0306,1.20
H5307960,P002,911,0306,2.00
H5307960,P003,911,0306,0.60
H5307960,P004,911,0306,1.10
H51A1495,A001,959,0310,33.00
H4702336,P001,911,0312,11.10
H4307715,P001,911,0312,1.30
H4307715,P002,911,0312,1.30
H53A0675,P001,911,0312,2.00
H4810851,P101,911,0312,12.70
H4810851,P201,911,0312,14.70
H4810799,P001,911,0312,0.00
H4810799,P002,911,0312,0.00
H5200215,P002,911,0312,12.50
H4601227,PG01,911,0312,8.20
H4601398,P451,911,0312,10.00
H4601398,P501,911,0312,15.20
H5307960,P001,911,0312,1.20
H5307960,P002,911,0312,2.00
H5307960,P003,911,0312,0.50
H5307960,P004,911,0312,1.10
H4307715,P001,922,0315,0.00
H4307715,P001,923,0315,96.00
H4307715,P001,924,0315,0.00
H4307715,P002,922,0315,1.00
H4307715,P002,923,0315,91.00
H4307715,P002,924,0315,2.00
H4604568,P001,923,0315,0.00
H4604568,P002,923,0315,0.00
H4604568,P003,923,0315,0.00
H4604568,P004,923,0315,0.00
H4702336,P001,922,0315,26.00
H4702336,P001,923,0315,74.00
H4601398,P451,922,0315,16.00
H4601398,P451,923,0315,18.00
H4601398,P501,922,0315,39.00
H4601398,P501,923,0315,89.00
H5307960,P001,922,0315,0.00
H5307960,P001,923,0315,17.00
H5307960,P002,922,0315,0.00
H5307960,P002,923,0315,16.00
H5307960,P003,923,0315,12.00
H4702336,P001,911,0318,11.30
H4307715,P001,911,0318,1.40
H4307715,P002,911,0318,1.30
H4810851,P101,911,0318,12.70
H4810851,P201,911,0318,15.30
H5200215,P002,911,0318,12.00
H4601227,PG01,911,0318,8.20
H4601398,P451,911,0318,13.50
H4601398,P501,911,0318,15.40
H5307960,P001,911,0318,1.20
H5307960,P002,911,0318,2.00
H5307960,P003,911,0318,0.50
H5307960,P004,911,0318,1.00
H53A0675,P001,911,0318,2.10
H4702336,P001,911,0324,11.20
H4601398,P451,911,0324,10.30
H4601398,P501,911,0324,15.10
H5307960,P001,911,0324,1.20
H5307960,P002,911,0324,2.00
H5307960,P003,911,0324,0.50
H5307960,P004,911,0324,1.00
H4307715,P001,911,0324,1.40
H4307715,P002,911,0324,1.30
H53A0675,P001,911,0324,1.90
H4702336,P001,911,0330,11.00
H4601398,P451,911,0330,11.90
H4601398,P501,911,0330,15.10
H5307960,P001,911,0330,1.20
H5307960,P002,911,0330,2.00
H5307960,P003,911,0330,0.60
H5307960,P004,911,0330,1.10
H4307715,P001,911,0330,1.40
H4307715,P001,922,0330,2.00
H4307715,P001,923,0330,98.00
H4307715,P001,924,0330,1.00
H4307715,P002,911,0330,1.30
H4307715,P002,922,0330,2.00
H4307715,P002,923,0330,97.00
H4307715,P002,924,0330,2.00
H4702336,P001,911,0400,14.90
H4307715,P001,911,0400,1.40
H4307715,P001,922,0400,0.00
H4307715,P001,923,0400,95.00
H4307715,P001,924,0400,0.00
H4307715,P002,911,0400,1.30
H4307715,P002,922,0400,3.00
H4307715,P002,923,0400,94.00
H4307715,P002,924,0400,2.00
H53A0675,P001,911,0400,1.90
H4604568,P001,923,0400,0.00
H4604568,P002,923,0400,0.00
H4604568,P003,923,0400,0.00
H4604568,P004,923,0400,0.00
H4810851,P101,911,0400,12.70
H4810851,P201,911,0400,14.40
H5200215,P002,911,0400,12.00
H4601227,PG01,911,0400,8.20
H4601398,P451,911,0400,7.20
H4601398,P501,911,0400,15.00
H5307960,P001,911,0400,1.20
H5307960,P002,911,0400,2.00
H5307960,P003,911,0400,0.60
H5307960,P004,911,0400,1.10
H5307960,P005,911,0400,0.10
H5307960,P006,911,0400,1.50
H51A1495,A001,959,0400,33.00
H4702336,P001,922,0400,23.00
H4702336,P001,923,0400,77.00
H53A0675,P001,924,0400,415.00
H4810851,P101,922,0400,13.00
H4810851,P101,923,0400,37.00
H4810851,P101,924,0400,4.00
H4810851,P201,922,0400,11.00
H4810851,P201,923,0400,36.00
H4810851,P201,924,0400,288.00
H5200215,P002,922,0400,41.00
H5200215,P002,923,0400,74.00
H4601227,PG01,922,0400,0.00
H4601227,PG01,923,0400,5.00
H4601398,P451,922,0400,18.00
H4601398,P451,923,0400,21.00
H4601398,P501,922,0400,31.00
H4601398,P501,923,0400,93.00
H5307960,P001,922,0400,0.00
H5307960,P001,923,0400,16.00
H5307960,P002,922,0400,0.00
H5307960,P002,923,0400,16.00
H5307960,P003,923,0400,14.00
H51A1495,A001,959,0405,33.00
H4810851,P101,911,0406,12.70
H4810851,P201,911,0406,14.40
H4601227,PG01,911,0406,8.20
H4601398,P451,911,0406,10.60
H4601398,P501,911,0406,15.50
H4702336,P001,911,0406,11.50
H4307715,P001,911,0406,1.40
H4307715,P002,911,0406,1.30
H53A0675,P001,911,0406,2.10
H4810799,P001,911,0406,0.00
H4810799,P002,911,0406,0.00
H5200215,P002,911,0406,11.80
H5307960,P001,911,0406,1.20
H5307960,P002,911,0406,2.00
H5307960,P003,911,0406,0.60
H5307960,P004,911,0406,1.10
H51A1495,A001,959,0410,33.00
H4702336,P001,911,0412,10.90
H4307715,P001,911,0412,1.40
H4307715,P002,911,0412,1.30
H53A0675,P001,911,0412,1.90
H4810851,P101,911,0412,12.70
H4810851,P201,911,0412,15.60
H4810799,P001,911,0412,0.00
H4810799,P002,911,0412,0.00
H5200215,P002,911,0412,12.30
H4601227,PG01,911,0412,8.20
H4601398,P451,911,0412,7.80
H4601398,P501,911,0412,15.30
H5307960,P001,911,0412,1.20
H5307960,P002,911,0412,2.00
H5307960,P003,911,0412,0.60
H5307960,P004,911,0412,1.10
H4307715,P001,922,0415,2.00
H4307715,P001,923,0415,97.00
H4307715,P001,924,0415,1.00
H4307715,P002,922,0415,3.00
H4307715,P002,923,0415,91.00
H4307715,P002,924,0415,2.00
H4604568,P001,923,0415,0.00
H4604568,P002,923,0415,0.00
H4604568,P003,923,0415,0.00
H4604568,P004,923,0415,0.00
H4702336,P001,922,0415,22.00
H4702336,P001,923,0415,78.00
H4601398,P451,922,0415,18.00
H4601398,P451,923,0415,21.00
H4601398,P501,922,0415,45.00
H4601398,P501,923,0415,92.00
H5307960,P001,922,0415,0.00
H5307960,P001,923,0415,17.00
H5307960,P002,922,0415,0.00
H5307960,P002,923,0415,16.00
H5307960,P003,923,0415,14.00
H4702336,P001,911,0418,10.70
H4307715,P001,911,0418,1.40
H4307715,P002,911,0418,1.30
H4810851,P101,911,0418,12.60
H4810851,P201,911,0418,14.50
H4601227,PG01,911,0418,8.20
H4601398,P451,911,0418,8.50
H4601398,P501,911,0418,15.30
H5307960,P001,911,0418,1.20
H5307960,P002,911,0418,2.00
H5307960,P003,911,0418,0.60
H5307960,P004,911,0418,1.10
H53A0675,P001,911,0418,1.90
H4702336,P001,911,0424,10.30
H4601398,P451,911,0424,8.10
H4601398,P501,911,0424,15.10
H5307960,P001,911,0424,1.20
H5307960,P002,911,0424,2.00
H5307960,P003,911,0424,0.70
H5307960,P004,911,0424,1.20
H4307715,P001,911,0424,1.40
H4307715,P002,911,0424,1.30
H53A0675,P001,911,0424,1.90
H4702336,P001,911,0430,10.20
H4601398,P451,911,0430,8.50
H4601398,P501,911,0430,15.60
H5307960,P001,911,0430,1.20
H5307960,P002,911,0430,2.00
H5307960,P003,911,0430,0.60
H4307715,P001,911,0430,1.40
H4307715,P001,922,0430,3.00
H4307715,P001,923,0430,92.00
H4307715,P001,924,0430,2.00
H4307715,P002,911,0430,1.30
H4307715,P002,922,0430,3.00
H4307715,P002,923,0430,102.00
H4307715,P002,924,0430,2.00
H4601398,P451,911,0436,9.00
H4601398,P501,911,0436,14.90
H4702336,P001,911,0500,10.60
H4307715,P001,911,0500,1.40
H4307715,P001,922,0500,1.00
H4307715,P001,923,0500,94.00
H4307715,P001,924,0500,0.00
H4307715,P002,911,0500,1.30
H4307715,P002,922,0500,2.00
H4307715,P002,923,0500,102.00
H4307715,P002,924,0500,2.00
H53A0675,P001,911,0500,1.80
H4604568,P001,923,0500,0.00
H4604568,P002,923,0500,0.00
H4604568,P003,923,0500,0.00
H4604568,P004,923,0500,0.00
H4810851,P101,911,0500,12.70
H4810851,P201,911,0500,14.40
H5200215,P002,911,0500,11.90
H4601227,PG01,911,0500,8.20
H4601398,P451,911,0500,6.60
H4601398,P501,911,0500,15.30
H5307960,P001,911,0500,1.20
H5307960,P002,911,0500,2.00
H5307960,P003,911,0500,0.70
H5307960,P004,911,0500,1.30
H5307960,P005,911,0500,0.30
H5307960,P006,911,0500,1.60
H51A1495,A001,959,0500,33.00
H4702336,P001,922,0500,18.00
H4702336,P001,923,0500,75.00
H53A0675,P001,924,0500,128.00
H4810851,P101,922,0500,13.00
H4810851,P101,923,0500,36.00
H4810851,P101,924,0500,1.00
H4810851,P201,922,0500,11.00
H4810851,P201,923,0500,35.00
H4810851,P201,924,0500,287.00
H5200215,P002,922,0500,64.00
H5200215,P002,923,0500,80.00
H4601227,PG01,922,0500,0.00
H4601227,PG01,923,0500,5.00
H4601398,P451,922,0500,17.00
H4601398,P451,923,0500,20.00
H4601398,P501,922,0500,36.00
H4601398,P501,923,0500,86.00
H5307960,P001,922,0500,0.00
H5307960,P001,923,0500,16.00
H5307960,P002,922,0500,0.00
H5307960,P002,923,0500,16.00
H5307960,P003,923,0500,14.00
H5307960,P004,923,0500,16.00
H51A1495,A001,959,0505,33.00
H4702336,P001,911,0506,10.80
H4810851,P101,911,0506,12.70
H4810851,P201,911,0506,15.20
H4601227,PG01,911,0506,8.20
H4601398,P451,911,0506,7.00
H4601398,P501,911,0506,15.30
H4307715,P001,911,0506,1.40
H4307715,P002,911,0506,1.30
H53A0675,P001,911,0506,1.80
H4810799,P001,911,0506,0.00
H4810799,P002,911,0506,0.00
H5200215,P002,911,0506,11.80
H5307960,P001,911,0506,1.20
H5307960,P002,911,0506,2.00
H5307960,P003,911,0506,0.70
H5307960,P004,911,0506,1.30
H51A1495,A001,959,0510,33.00
H4702336,P001,911,0512,10.70
H4307715,P001,911,0512,1.40
H4307715,P002,911,0512,1.30
H53A0675,P001,911,0512,1.90
H4810851,P101,911,0512,12.70
H4810851,P201,911,0512,14.40
H4810799,P001,911,0512,0.00
H4810799,P002,911,0512,0.00
H5200215,P002,911,0512,12.00
H4601227,PG01,911,0512,8.20
H4601398,P451,911,0512,6.90
H4601398,P501,911,0512,15.30
H5307960,P001,911,0512,1.20
H5307960,P002,911,0512,2.00
H5307960,P003,911,0512,0.70
H5307960,P004,911,0512,1.30
H4307715,P001,922,0515,1.00
H4307715,P001,923,0515,101.00
H4307715,P001,924,0515,0.00
H4307715,P002,922,0515,2.00
H4307715,P002,923,0515,105.00
H4307715,P002,924,0515,2.00
H4604568,P001,923,0515,0.00
H4604568,P002,923,0515,0.00
H4604568,P003,923,0515,0.00
H4604568,P004,923,0515,0.00
H4702336,P001,922,0515,15.00
H4702336,P001,923,0515,68.00
H4601398,P451,922,0515,17.00
H4601398,P451,923,0515,28.00
H4601398,P501,922,0515,41.00
H4601398,P501,923,0515,85.00
H5307960,P001,922,0515,0.00
H5307960,P001,923,0515,16.00
H5307960,P002,922,0515,0.00
H5307960,P002,923,0515,16.00
H5307960,P003,923,0515,14.00
H4702336,P001,911,0518,10.90
H4307715,P001,911,0518,1.40
H4307715,P002,911,0518,1.30
H4810851,P101,911,0518,12.70
H4810851,P201,911,0518,14.40
H4601227,PG01,911,0518,8.20
H4601398,P451,911,0518,6.00
H4601398,P501,911,0518,15.70
H5307960,P001,911,0518,1.20
H5307960,P002,911,0518,2.00
H5307960,P003,911,0518,0.60
H5307960,P004,911,0518,1.30
H53A0675,P001,911,0518,1.90
H4702336,P001,911,0524,10.80
H4601398,P451,911,0524,6.70
H4601398,P501,911,0524,15.30
H5307960,P001,911,0524,1.20
H5307960,P002,911,0524,2.00
H5307960,P003,911,0524,0.60
H5307960,P004,911,0524,1.30
H4307715,P001,911,0524,1.40
H4307715,P002,911,0524,1.30
H53A0675,P001,911,0524,1.80
H4702336,P001,911,0530,10.80
H4601398,P451,911,0530,6.50
H4601398,P501,911,0530,15.50
H5307960,P001,911,0530,1.20
H5307960,P002,911,0530,2.00
H5307960,P003,911,0530,0.60
H5307960,P004,911,0530,1.30
H4307715,P001,911,0530,1.40
H4307715,P001,922,0530,1.00
H4307715,P001,923,0530,99.00
H4307715,P001,924,0530,0.00
H4307715,P002,911,0530,1.30
H4307715,P002,922,0530,7.00
H4307715,P002,923,0530,109.00
H4307715,P002,924,0530,2.00
H4702336,P001,911,0600,11.20
H4307715,P001,911,0600,1.40
H4307715,P001,922,0600,0.00
H4307715,P001,923,0600,98.00
H4307715,P001,924,0600,0.00
H4307715,P002,911,0600,1.30
H4307715,P002,922,0600,4.00
H4307715,P002,923,0600,108.00
H4307715,P002,924,0600,2.00
H53A0675,P001,911,0600,1.90
H4604568,P001,923,0600,0.00
H4604568,P002,923,0600,0.00
H4604568,P003,923,0600,0.00
H4604568,P004,923,0600,0.00
H4810851,P101,911,0600,12.70
H4810851,P201,911,0600,15.00
H5200215,P002,911,0600,12.80
H4601227,PG01,911,0600,8.20
H4601398,P451,911,0600,14.30
H4601398,P501,911,0600,15.40
H51A1495,A001,959,0600,33.00
H4702336,P001,922,0600,16.00
H4702336,P001,923,0600,74.00
H53A0675,P001,924,0600,349.00
H4810851,P101,922,0600,14.00
H4810851,P101,923,0600,36.00
H4810851,P101,924,0600,2.00
H4810851,P201,922,0600,11.00
H4810851,P201,923,0600,36.00
H4810851,P201,924,0600,290.00
H5200215,P002,922,0600,37.00
H5200215,P002,923,0600,73.00
H4601227,PG01,922,0600,0.00
H4601227,PG01,923,0600,5.00
H4601398,P451,922,0600,15.00
H4601398,P451,923,0600,16.00
H4601398,P501,922,0600,38.00
H4601398,P501,923,0600,88.00
H5307960,P001,911,0600,1.20
H5307960,P001,922,0600,0.00
H5307960,P001,923,0600,16.00
H5307960,P002,911,0600,2.00
H5307960,P002,922,0600,0.00
H5307960,P002,923,0600,16.00
H5307960,P003,911,0600,0.50
H5307960,P003,923,0600,14.00
H5307960,P004,911,0600,1.30
H51A1495,A001,959,0605,33.00
H4810851,P101,911,0606,12.70
H4810851,P201,911,0606,14.40
H4601227,PG01,911,0606,8.20
H4601398,P451,911,0606,18.60
H4601398,P501,911,0606,15.90
H4702336,P001,911,0606,11.10
H4307715,P001,911,0606,1.40
H4307715,P002,911,0606,1.30
H53A0675,P001,911,0606,1.90
H4810799,P001,911,0606,0.00
H4810799,P002,911,0606,0.00
H5200215,P002,911,0606,11.80
H5307960,P001,911,0606,1.20
H5307960,P002,911,0606,2.00
H5307960,P003,911,0606,0.50
H5307960,P004,911,0606,1.20
H51A1495,A001,959,0610,33.00
H4702336,P001,911,0612,11.30
H4307715,P001,911,0612,1.40
H4307715,P002,911,0612,1.30
H53A0675,P001,911,0612,2.00
H4810851,P101,911,0612,12.70
H4810851,P201,911,0612,14.40
H4810799,P001,911,0612,0.00
H4810799,P002,911,0612,0.00
H5200215,P002,911,0612,11.70
H4601227,PG01,911,0612,8.20
H4601398,P451,911,0612,13.70
H4601398,P501,911,0612,17.10
H5307960,P001,911,0612,1.20
H5307960,P002,911,0612,2.00
H5307960,P003,911,0612,0.50
H5307960,P004,911,0612,1.30
H4307715,P001,922,0615,0.00
H4307715,P001,923,0615,99.00
H4307715,P001,924,0615,0.00
H4307715,P002,922,0615,3.00
H4307715,P002,923,0615,98.00
H4307715,P002,924,0615,2.00
H4604568,P001,923,0615,0.00
H4604568,P002,923,0615,0.00
H4604568,P003,923,0615,0.00
H4604568,P004,923,0615,0.00
H4702336,P001,922,0615,18.00
H4702336,P001,923,0615,79.00
H4601398,P451,922,0615,16.00
H4601398,P451,923,0615,21.00
H4601398,P501,922,0615,40.00
H4601398,P501,923,0615,78.00
H5307960,P001,922,0615,0.00
H5307960,P001,923,0615,16.00
H5307960,P002,922,0615,0.00
H5307960,P002,923,0615,16.00
H5307960,P003,923,0615,14.00
H4702336,P001,911,0618,11.40
H4307715,P001,911,0618,1.40
H4307715,P002,911,0618,1.30
H53A0675,P001,911,0618,1.90
H4810851,P101,911,0618,12.70
H4810851,P201,911,0618,14.40
H4601227,PG01,911,0618,8.20
H4601398,P451,911,0618,12.10
H4601398,P501,911,0618,15.10
H5307960,P001,911,0618,1.20
H5307960,P002,911,0618,2.00
H5307960,P003,911,0618,0.50
H5307960,P004,911,0618,1.30
H4702336,P001,911,0624,11.30
H4601398,P451,911,0624,10.60
H4601398,P501,911,0624,15.30
H5307960,P001,911,0624,1.20
H5307960,P002,911,0624,1.90
H5307960,P003,911,0624,0.50
H5307960,P004,911,0624,1.30
H4307715,P001,911,0624,1.40
H4307715,P002,911,0624,1.30
H4702336,P001,911,0630,11.60
H4601398,P451,911,0630,0.00
H4601398,P501,911,0630,0.00
H5307960,P001,911,0630,1.20
H5307960,P002,911,0630,2.00
H5307960,P003,911,0630,0.50
H4307715,P001,911,0630,1.40
H4307715,P001,922,0630,1.00
H4307715,P001,923,0630,100.00
H4307715,P001,924,0630,0.00
H4307715,P002,911,0630,1.30
H4307715,P002,922,0630,4.00
H4307715,P002,923,0630,105.00
H4307715,P002,924,0630,2.00
H4702336,P001,911,0636,11.80
H4601398,P451,911,0636,0.00
H4601398,P501,911,0636,0.00
H4307715,P001,911,0636,1.40
H4307715,P002,911,0636,1.30
H4702336,P001,911,0700,11.30
H4307715,P001,911,0700,1.40
H4307715,P001,922,0700,1.00
H4307715,P001,923,0700,102.00
H4307715,P001,924,0700,0.00
H4307715,P002,911,0700,1.30
H4307715,P002,922,0700,5.00
H4307715,P002,923,0700,101.00
H4307715,P002,924,0700,2.00
H53A0675,P001,911,0700,2.00
H4604568,P001,923,0700,0.00
H4604568,P002,923,0700,0.00
H4604568,P003,923,0700,0.00
H4604568,P004,923,0700,0.00
H4810851,P101,911,0700,12.70
H4810851,P201,911,0700,14.90
H5200215,P002,911,0700,11.90
H4601227,PG01,911,0700,8.20
H4601398,P451,911,0700,10.10
H4601398,P501,911,0700,15.50
H5307960,P001,911,0700,1.30
H5307960,P002,911,0700,1.80
H5307960,P003,911,0700,0.60
H5307960,P004,911,0700,1.20
H5307960,P005,911,0700,0.10
H5307960,P006,911,0700,1.20
H51A1495,A001,959,0700,35.00
H4702336,P001,922,0700,20.00
H4702336,P001,923,0700,72.00
H53A0675,P001,924,0700,84.00
H4810851,P101,922,0700,16.00
H4810851,P101,923,0700,36.00
H4810851,P101,924,0700,31.00
H4810851,P201,922,0700,8.00
H4810851,P201,923,0700,26.00
H4810851,P201,924,0700,281.00
H5200215,P002,922,0700,66.00
H5200215,P002,923,0700,75.00
H4601227,PG01,922,0700,0.00
H4601227,PG01,923,0700,5.00
H4601398,P451,922,0700,20.00
H4601398,P451,923,0700,34.00
H4601398,P501,922,0700,39.00
H4601398,P501,923,0700,86.00
H5307960,P001,922,0700,0.00
H5307960,P001,923,0700,18.00
H5307960,P002,922,0700,0.00
H5307960,P002,923,0700,20.00
H5307960,P003,923,0700,14.00
H51A1495,A001,959,0705,35.00
H4307715,P001,911,0706,1.40
H4307715,P002,911,0706,1.30
H4810851,P101,911,0706,12.70
H4810851,P201,911,0706,15.10
H4601398,P451,911,0706,13.50
H4601398,P501,911,0706,15.40
H4702336,P001,911,0706,11.30
H53A0675,P001,911,0706,2.00
H4810799,P001,911,0706,0.00
H4810799,P002,911,0706,0.00
H5200215,P002,911,0706,13.50
H4601227,PG01,911,0706,8.20
H5307960,P001,911,0706,1.20
H5307960,P002,911,0706,1.80
H5307960,P003,911,0706,0.60
H5307960,P004,911,0706,1.30
H51A1495,A001,959,0710,35.00
H4702336,P001,911,0712,11.30
H4307715,P001,911,0712,1.40
H4307715,P002,911,0712,1.30
H53A0675,P001,911,0712,2.20
H4810851,P101,911,0712,12.60
H4810851,P201,911,0712,14.70
H4810799,P001,911,0712,0.00
H4810799,P002,911,0712,0.00
H5200215,P002,911,0712,11.90
H4601227,PG01,911,0712,8.20
H4601398,P451,911,0712,13.10
H4601398,P501,911,0712,15.30
H5307960,P001,911,0712,1.30
H5307960,P002,911,0712,1.80
H5307960,P003,911,0712,0.60
H5307960,P004,911,0712,1.30
H4307715,P001,922,0715,2.00
H4307715,P001,923,0715,101.00
H4307715,P001,924,0715,0.00
H4307715,P002,922,0715,3.00
H4307715,P002,923,0715,105.00
H4307715,P002,924,0715,2.00
H4604568,P001,923,0715,0.00
H4604568,P002,923,0715,0.00
H4604568,P003,923,0715,0.00
H4604568,P004,923,0715,8.00
H4702336,P001,922,0715,20.00
H4702336,P001,923,0715,70.00
H4601398,P451,922,0715,19.00
H4601398,P451,923,0715,32.00
H4601398,P501,922,0715,35.00
H4601398,P501,923,0715,80.00
H5307960,P001,922,0715,0.00
H5307960,P001,923,0715,0.00
H5307960,P002,922,0715,0.00
H5307960,P002,923,0715,0.00
H5307960,P003,923,0715,0.00
H4702336,P001,911,0718,11.20
H4307715,P001,911,0718,1.40
H4307715,P002,911,0718,1.30
H53A0675,P001,911,0718,2.00
H4810851,P101,911,0718,19.90
H4810851,P201,911,0718,15.20
H5200215,P002,911,0718,11.60
H4601227,PG01,911,0718,8.20
H4601398,P451,911,0718,22.70
H4601398,P501,911,0718,16.30
H5307960,P001,911,0718,1.20
H5307960,P002,911,0718,1.80
H5307960,P003,911,0718,0.60
H5307960,P004,911,0718,1.50
H4702336,P001,911,0724,11.30
H4601398,P451,911,0724,13.60
H4601398,P501,911,0724,15.50
H5307960,P001,911,0724,1.20
H5307960,P002,911,0724,1.80
H5307960,P003,911,0724,0.50
H5307960,P004,911,0724,1.80
H4307715,P001,911,0724,1.40
H4307715,P002,911,0724,1.30
H4702336,P001,911,0730,11.30
H4601398,P451,911,0730,15.40
H4601398,P501,911,0730,15.60
H5307960,P001,911,0730,1.30
H5307960,P002,911,0730,1.80
H5307960,P003,911,0730,0.60
H4307715,P001,911,0730,1.40
H4307715,P001,922,0730,1.00
H4307715,P001,923,0730,103.00
H4307715,P001,924,0730,0.00
H4307715,P002,911,0730,1.30
H4307715,P002,922,0730,2.00
H4307715,P002,923,0730,105.00
H4307715,P002,924,0730,2.00
H4601398,P451,911,0736,12.90
H4601398,P501,911,0736,15.60
H4307715,P001,911,0736,1.40
H4307715,P002,911,0736,1.30
H4702336,P001,911,0800,11.40
H4307715,P001,911,0800,1.40
H4307715,P001,922,0800,1.00
H4307715,P001,923,0800,109.00
H4307715,P001,924,0800,0.00
H4307715,P002,911,0800,1.30
H4307715,P002,922,0800,4.00
H4307715,P002,923,0800,99.00
H4307715,P002,924,0800,2.00
H53A0675,P001,911,0800,2.00
H4604568,P001,923,0800,0.00
H4604568,P002,923,0800,0.00
H4604568,P003,923,0800,4.00
H4604568,P004,923,0800,5.00
H4810851,P101,911,0800,12.70
H4810851,P201,911,0800,14.70
H5200215,P002,911,0800,11.70
H4601227,PG01,911,0800,8.20
H4601398,P451,911,0800,20.20
H4601398,P501,911,0800,15.80
H5307960,P001,911,0800,1.30
H5307960,P002,911,0800,1.80
H5307960,P003,911,0800,0.50
H5307960,P004,911,0800,1.30
H5307960,P005,911,0800,0.00
H5307960,P006,911,0800,0.90
H51A1495,A001,959,0800,36.00
H4702336,P001,922,0800,20.00
H4702336,P001,923,0800,66.00
H53A0675,P001,924,0800,292.00
H4810851,P101,922,0800,15.00
H4810851,P101,923,0800,36.00
H4810851,P101,924,0800,5.00
H4810851,P201,922,0800,12.00
H4810851,P201,923,0800,27.00
H4810851,P201,924,0800,274.00
H5200215,P002,922,0800,81.00
H5200215,P002,923,0800,66.00
H4601227,PG01,922,0800,0.00
H4601227,PG01,923,0800,5.00
H4601398,P451,922,0800,10.00
H4601398,P451,923,0800,27.00
H4601398,P501,922,0800,39.00
H4601398,P501,923,0800,87.00
H5307960,P001,922,0800,0.00
H5307960,P001,923,0800,19.00
H5307960,P002,922,0800,0.00
H5307960,P002,923,0800,16.00
H5307960,P003,923,0800,13.00
H51A1495,A001,959,0805,36.00
H4702336,P001,911,0806,11.40
H4307715,P001,911,0806,1.40
H4307715,P002,911,0806,1.30
H4601227,PG01,911,0806,8.20
H4601398,P451,911,0806,26.80
H4601398,P501,911,0806,16.50
H53A0675,P001,911,0806,2.00
H4810851,P101,911,0806,12.70
H4810851,P201,911,0806,15.70
H4810799,P001,911,0806,0.00
H4810799,P002,911,0806,0.00
H5200215,P002,911,0806,12.50
H5307960,P001,911,0806,1.20
H5307960,P002,911,0806,1.80
H5307960,P003,911,0806,0.50
H5307960,P004,911,0806,1.30
H51A1495,A001,959,0810,37.00
H4702336,P001,911,0812,11.40
H4307715,P001,911,0812,1.40
H4307715,P002,911,0812,1.30
H53A0675,P001,911,0812,2.10
H4810851,P101,911,0812,12.70
H4810851,P201,911,0812,14.70
H4810799,P001,911,0812,0.00
H4810799,P002,911,0812,0.00
H5200215,P002,911,0812,11.70
H4601227,PG01,911,0812,8.20
H4601398,P451,911,0812,17.70
H4601398,P501,911,0812,15.80
H5307960,P001,911,0812,1.20
H5307960,P002,911,0812,1.80
H5307960,P003,911,0812,0.50
H5307960,P004,911,0812,1.30
H4307715,P001,922,0815,3.00
H4307715,P001,923,0815,106.00
H4307715,P001,924,0815,2.00
H4307715,P002,922,0815,4.00
H4307715,P002,923,0815,108.00
H4307715,P002,924,0815,2.00
H4604568,P001,923,0815,0.00
H4604568,P002,923,0815,4.00
H4604568,P003,923,0815,4.00
H4604568,P004,923,0815,5.00
H4702336,P001,922,0815,20.00
H4702336,P001,923,0815,66.00
H4601398,P451,922,0815,11.00
H4601398,P451,923,0815,36.00
H4601398,P501,922,0815,43.00
H4601398,P501,923,0815,88.00
H5307960,P001,922,0815,0.00
H5307960,P001,923,0815,19.00
H5307960,P002,922,0815,0.00
H5307960,P002,923,0815,17.00
H5307960,P003,923,0815,13.00
H4702336,P001,911,0818,11.20
H4307715,P001,911,0818,1.40
H4307715,P002,911,0818,1.30
H4810851,P101,911,0818,12.70
H4810851,P201,911,0818,14.60
H4601227,PG01,911,0818,8.20
H4601398,P451,911,0818,19.30
H4601398,P501,911,0818,15.70
H5307960,P001,911,0818,1.20
H5307960,P002,911,0818,1.80
H5307960,P003,911,0818,0.40
H5307960,P004,911,0818,1.40
H53A0675,P001,911,0818,1.90
H4702336,P001,911,0824,11.40
H4601398,P451,911,0824,17.00
H4601398,P501,911,0824,15.50
H5307960,P001,911,0824,1.20
H5307960,P002,911,0824,1.80
H5307960,P003,911,0824,0.30
H5307960,P004,911,0824,1.30
H4307715,P001,911,0824,1.40
H4307715,P002,911,0824,1.30
H53A0675,P001,911,0824,1.90
H4702336,P001,911,0830,11.40
H4601398,P451,911,0830,17.90
H4601398,P501,911,0830,16.20
H5307960,P001,911,0830,1.20
H5307960,P002,911,0830,1.80
H5307960,P003,911,0830,0.30
H4307715,P001,911,0830,1.40
H4307715,P001,922,0830,4.00
H4307715,P001,923,0830,109.00
H4307715,P001,924,0830,2.00
H4307715,P002,911,0830,1.20
H4307715,P002,922,0830,8.00
H4307715,P002,923,0830,102.00
H4307715,P002,924,0830,2.00
H4601398,P451,911,0836,14.90
H4601398,P501,911,0836,15.60
H4702336,P001,911,0900,11.70
H4307715,P001,911,0900,1.40
H4307715,P001,922,0900,8.00
H4307715,P001,923,0900,100.00
H4307715,P001,924,0900,2.00
H4307715,P002,911,0900,1.30
H4307715,P002,922,0900,6.00
H4307715,P002,923,0900,100.00
H4307715,P002,924,0900,2.00
H53A0675,P001,911,0900,2.30
H4604568,P001,923,0900,8.00
H4604568,P002,923,0900,5.00
H4604568,P003,923,0900,5.00
H4604568,P004,923,0900,6.00
H4810851,P101,911,0900,12.60
H4810851,P201,911,0900,16.00
H5200215,P002,911,0900,11.70
H4601227,PG01,911,0900,8.20
H4601398,P451,911,0900,12.90
H4601398,P501,911,0900,15.20
H51A1495,A001,959,0900,95.00
H4702336,P001,922,0900,19.00
H4702336,P001,923,0900,73.00
H53A0675,P001,924,0900,279.00
H4810851,P101,922,0900,15.00
H4810851,P101,923,0900,35.00
H4810851,P101,924,0900,3.00
H4810851,P201,922,0900,10.00
H4810851,P201,923,0900,27.00
H4810851,P201,924,0900,271.00
H5200215,P002,922,0900,70.00
H5200215,P002,923,0900,63.00
H4601227,PG01,922,0900,0.00
H4601227,PG01,923,0900,5.00
H4601398,P451,922,0900,18.00
H4601398,P451,923,0900,35.00
H4601398,P501,922,0900,35.00
H4601398,P501,923,0900,85.00
H5307960,P001,911,0900,1.50
H5307960,P001,922,0900,0.00
H5307960,P001,923,0900,19.00
H5307960,P002,911,0900,1.90
H5307960,P002,922,0900,0.00
H5307960,P002,923,0900,16.00
H5307960,P003,911,0900,0.50
H5307960,P003,923,0900,13.00
H5307960,P004,911,0900,1.60
H51A1495,A001,959,0905,97.00
H4810851,P101,911,0906,12.60
H4810851,P201,911,0906,15.30
H4601227,PG01,911,0906,8.20
H4601398,P451,911,0906,17.40
H4601398,P501,911,0906,15.60
H4702336,P001,911,0906,11.80
H4307715,P001,911,0906,1.40
H4307715,P002,911,0906,1.30
H53A0675,P001,911,0906,2.00
H4810799,P001,911,0906,0.00
H4810799,P002,911,0906,0.00
H5200215,P002,911,0906,12.10
H5307960,P001,911,0906,1.40
H5307960,P002,911,0906,1.90
H5307960,P003,911,0906,0.50
H5307960,P004,911,0906,1.70
H51A1495,A001,959,0910,96.00
H4702336,P001,911,0912,11.70
H4307715,P001,911,0912,1.40
H4307715,P002,911,0912,1.30
H53A0675,P001,911,0912,1.90
H4810851,P101,911,0912,12.60
H4810851,P201,911,0912,15.60
H4810799,P001,911,0912,0.00
H4810799,P002,911,0912,0.00
H5200215,P002,911,0912,12.30
H4601227,PG01,911,0912,8.20
H4601398,P451,911,0912,14.30
H4601398,P501,911,0912,15.30
H5307960,P001,911,0912,1.40
H5307960,P002,911,0912,1.90
H5307960,P003,911,0912,0.50
H5307960,P004,911,0912,1.80
H4307715,P001,922,0915,11.00
H4307715,P001,923,0915,105.00
H4307715,P001,924,0915,2.00
H4307715,P002,922,0915,8.00
H4307715,P002,923,0915,88.00
H4307715,P002,924,0915,2.00
H4604568,P001,923,0915,8.00
H4604568,P002,923,0915,5.00
H4604568,P003,923,0915,5.00
H4604568,P004,923,0915,5.00
H4702336,P001,922,0915,19.00
H4702336,P001,923,0915,72.00
H4601398,P451,922,0915,19.00
H4601398,P451,923,0915,39.00
H4601398,P501,922,0915,36.00
H4601398,P501,923,0915,95.00
H5307960,P001,922,0915,0.00
H5307960,P001,923,0915,20.00
H5307960,P002,922,0915,0.00
H5307960,P002,923,0915,16.00
H5307960,P003,923,0915,11.00
H4702336,P001,911,0918,11.70
H4307715,P001,911,0918,1.40
H4307715,P002,911,0918,1.20
H4810851,P101,911,0918,12.60
H4810851,P201,911,0918,14.80
H4601227,PG01,911,0918,8.20
H4601398,P451,911,0918,17.20
H4601398,P501,911,0918,16.20
H5307960,P001,911,0918,1.50
H5307960,P002,911,0918,1.80
H5307960,P003,911,0918,0.50
H5307960,P004,911,0918,1.70
H53A0675,P001,911,0918,1.90
H4702336,P001,911,0924,11.80
H4601398,P451,911,0924,14.70
H4601398,P501,911,0924,15.60
H5307960,P001,911,0924,1.50
H5307960,P002,911,0924,1.80
H5307960,P003,911,0924,0.50
H5307960,P004,911,0924,1.70
H4307715,P001,911,0924,1.50
H4307715,P002,911,0924,1.20
H4702336,P001,911,0930,11.50
H4601398,P451,911,0930,16.70
H4601398,P501,911,0930,15.70
H5307960,P001,911,0930,1.40
H5307960,P002,911,0930,1.80
H5307960,P003,911,0930,0.50
H4307715,P001,911,0930,1.40
H4307715,P001,922,0930,4.00
H4307715,P001,923,0930,100.00
H4307715,P001,924,0930,2.00
H4307715,P002,911,0930,1.20
H4307715,P002,922,0930,5.00
H4307715,P002,923,0930,106.00
H4307715,P002,924,0930,2.00
H4702336,P001,911,0936,11.90
H4601398,P451,911,0936,12.50
H4601398,P501,911,0936,15.70
H4702336,P001,911,1000,11.90
H4307715,P001,911,1000,1.40
H4307715,P001,922,1000,6.00
H4307715,P001,923,1000,78.00
H4307715,P001,924,1000,2.00
H4307715,P002,911,1000,1.20
H4307715,P002,922,1000,3.00
H4307715,P002,923,1000,108.00
H4307715,P002,924,1000,2.00
H53A0675,P001,911,1000,0.00
H4604568,P001,923,1000,8.00
H4604568,P002,923,1000,5.00
H4604568,P003,923,1000,5.00
H4604568,P004,923,1000,6.00
H4810851,P101,911,1000,12.60
H4810851,P201,911,1000,15.20
H5200215,P002,911,1000,11.70
H4601227,PG01,911,1000,8.20
H4601398,P451,911,1000,12.30
H4601398,P501,911,1000,16.00
H5307960,P001,911,1000,0.00
H5307960,P002,911,1000,1.80
H5307960,P003,911,1000,0.40
H5307960,P004,911,1000,2.50
H5307960,P005,911,1000,0.00
H5307960,P006,911,1000,1.70
H51A1495,A001,959,1000,97.00
H4702336,P001,922,1000,14.00
H4702336,P001,923,1000,70.00
H53A0675,P001,924,1000,0.00
H4810851,P101,922,1000,15.00
H4810851,P101,923,1000,37.00
H4810851,P101,924,1000,12.00
H4810851,P201,922,1000,9.00
H4810851,P201,923,1000,29.00
H4810851,P201,924,1000,272.00
H5200215,P002,922,1000,60.00
H5200215,P002,923,1000,63.00
H4601227,PG01,922,1000,0.00
H4601227,PG01,923,1000,5.00
H4601398,P451,922,1000,19.00
H4601398,P451,923,1000,32.00
H4601398,P501,922,1000,39.00
H4601398,P501,923,1000,85.00
H5307960,P001,922,1000,0.00
H5307960,P001,923,1000,0.00
H5307960,P002,922,1000,0.00
H5307960,P002,923,1000,17.00
H5307960,P003,923,1000,11.00
H51A1495,A001,959,1005,98.00
H4601227,PG01,911,1006,8.20
H4702336,P001,911,1006,12.00
H4307715,P001,911,1006,1.30
H4307715,P002,911,1006,1.20
H53A0675,P001,911,1006,0.00
H4810851,P101,911,1006,12.60
H4810851,P201,911,1006,15.70
H4810799,P001,911,1006,0.00
H4810799,P002,911,1006,0.00
H5200215,P002,911,1006,11.60
H4601398,P451,911,1006,13.00
H4601398,P501,911,1006,16.70
H5307960,P001,911,1006,0.00
H5307960,P002,911,1006,1.80
H5307960,P003,911,1006,0.40
H5307960,P004,911,1006,2.10
H51A1495,A001,959,1010,98.00
H4702336,P001,911,1012,11.60
H4307715,P001,911,1012,1.30
H4307715,P002,911,1012,1.20
H53A0675,P001,911,1012,0.00
H4810851,P101,911,1012,12.60
H4810851,P201,911,1012,16.50
H4810799,P001,911,1012,0.00
H4810799,P002,911,1012,0.00
H5200215,P002,911,1012,12.40
H4601227,PG01,911,1012,8.20
H4601398,P451,911,1012,10.80
H4601398,P501,911,1012,15.60
H5307960,P001,911,1012,0.00
H5307960,P002,911,1012,1.80
H5307960,P003,911,1012,0.30
H5307960,P004,911,1012,2.00
H4307715,P001,922,1015,6.00
H4307715,P001,923,1015,94.00
H4307715,P001,924,1015,2.00
H4307715,P002,922,1015,3.00
H4307715,P002,923,1015,104.00
H4307715,P002,924,1015,2.00
H4604568,P001,923,1015,8.00
H4604568,P002,923,1015,5.00
H4604568,P003,923,1015,5.00
H4604568,P004,923,1015,6.00
H4702336,P001,922,1015,14.00
H4702336,P001,923,1015,72.00
H53A0675,P001,924,1015,0.00
H4601398,P451,922,1015,19.00
H4601398,P451,923,1015,38.00
H4601398,P501,922,1015,40.00
H4601398,P501,923,1015,87.00
H5307960,P001,922,1015,0.00
H5307960,P001,923,1015,0.00
H5307960,P002,922,1015,0.00
H5307960,P002,923,1015,16.00
H5307960,P003,923,1015,11.00
H4702336,P001,911,1018,11.90
H4307715,P001,911,1018,1.40
H4307715,P002,911,1018,1.20
H4810851,P101,911,1018,12.60
H4810851,P201,911,1018,18.10
H5200215,P002,911,1018,12.30
H4601227,PG01,911,1018,8.20
H4601398,P451,911,1018,10.70
H4601398,P501,911,1018,15.80
H53A0675,P001,911,1018,0.00
H5307960,P001,911,1018,0.00
H5307960,P002,911,1018,1.80
H5307960,P003,911,1018,0.40
H4702336,P001,911,1024,11.90
H4307715,P001,911,1024,1.40
H4307715,P002,911,1024,1.20
H53A0675,P001,911,1024,0.00
H4601398,P451,911,1024,8.10
H4601398,P501,911,1024,15.80
H5307960,P001,911,1024,0.00
H5307960,P002,911,1024,1.80
H5307960,P003,911,1024,0.40
H4702336,P001,911,1030,11.80
H4307715,P001,911,1030,1.30
H4307715,P001,922,1030,4.00
H4307715,P001,923,1030,105.00
H4307715,P001,924,1030,2.00
H4307715,P002,911,1030,1.20
H4307715,P002,922,1030,4.00
H4307715,P002,923,1030,102.00
H4307715,P002,924,1030,2.00
H53A0675,P001,911,1030,0.00
H4601398,P451,911,1030,13.40
H4601398,P501,911,1030,16.50
H4307715,P001,911,1036,1.30
H4307715,P002,911,1036,1.20
H4601398,P451,911,1036,9.40
H4601398,P501,911,1036,15.50
H4702336,P001,911,1100,12.10
H4307715,P001,911,1100,1.30
H4307715,P001,922,1100,3.00
H4307715,P001,923,1100,88.00
H4307715,P001,924,1100,2.00
H4307715,P002,911,1100,1.20
H4307715,P002,922,1100,2.00
H4307715,P002,923,1100,105.00
H4307715,P002,924,1100,2.00
H53A0675,P001,911,1100,0.00
H4604568,P001,923,1100,8.00
H4604568,P002,923,1100,5.00
H4604568,P003,923,1100,5.00
H4604568,P004,923,1100,6.00
H4810851,P101,911,1100,12.60
H4810851,P201,911,1100,15.50
H5200215,P002,911,1100,11.90
H4601227,PG01,911,1100,8.20
H4601398,P451,911,1100,15.20
H4601398,P501,911,1100,15.60
H5307960,P001,911,1100,0.00
H5307960,P002,911,1100,1.80
H5307960,P003,911,1100,0.50
H5307960,P004,911,1100,1.70
H5307960,P005,911,1100,0.00
H5307960,P006,911,1100,1.10
H51A1495,A001,959,1100,96.00
H4702336,P001,922,1100,14.00
H4702336,P001,923,1100,78.00
H53A0675,P001,924,1100,0.00
H4810851,P101,922,1100,16.00
H4810851,P101,923,1100,35.00
H4810851,P101,924,1100,199.00
H4810851,P201,922,1100,10.00
H4810851,P201,923,1100,28.00
H4810851,P201,924,1100,273.00
H5200215,P002,922,1100,28.00
H5200215,P002,923,1100,63.00
H4601227,PG01,922,1100,0.00
H4601227,PG01,923,1100,5.00
H4601398,P451,922,1100,20.00
H4601398,P451,923,1100,26.00
H4601398,P501,922,1100,42.00
H4601398,P501,923,1100,89.00
H5307960,P001,922,1100,0.00
H5307960,P001,923,1100,0.00
H5307960,P002,922,1100,0.00
H5307960,P002,923,1100,16.00
H5307960,P003,923,1100,12.00
H5307960,P004,923,1100,16.00
H51A1495,A001,959,1105,95.00
H4307715,P001,911,1106,1.30
H4307715,P002,911,1106,1.20
H4810851,P101,911,1106,12.70
H4810851,P201,911,1106,15.60
H4601227,PG01,911,1106,8.20
H4601398,P451,911,1106,17.10
H4601398,P501,911,1106,15.70
H4702336,P001,911,1106,12.30
H53A0675,P001,911,1106,0.00
H4810799,P001,911,1106,0.00
H4810799,P002,911,1106,0.00
H5200215,P002,911,1106,12.00
H5307960,P001,911,1106,0.00
H5307960,P002,911,1106,1.80
H5307960,P003,911,1106,0.50
H5307960,P004,911,1106,1.70
H51A1495,A001,959,1110,95.00
H4702336,P001,911,1112,12.10
H4307715,P001,911,1112,1.30
H4307715,P002,911,1112,1.20
H53A0675,P001,911,1112,0.00
H4810851,P101,911,1112,12.60
H4810851,P201,911,1112,15.30
H4810799,P001,911,1112,0.00
H4810799,P002,911,1112,0.00
H5200215,P002,911,1112,11.90
H4601227,PG01,911,1112,8.20
H4601398,P451,911,1112,11.60
H4601398,P501,911,1112,15.80
H5307960,P001,911,1112,0.00
H5307960,P002,911,1112,1.80
H5307960,P003,911,1112,0.60
H5307960,P004,911,1112,1.80
H4307715,P001,922,1115,2.00
H4307715,P001,923,1115,98.00
H4307715,P001,924,1115,2.00
H4307715,P002,922,1115,2.00
H4307715,P002,923,1115,109.00
H4307715,P002,924,1115,2.00
H4604568,P001,923,1115,8.00
H4604568,P002,923,1115,6.00
H4604568,P003,923,1115,5.00
H4604568,P004,923,1115,6.00
H4702336,P001,922,1115,15.00
H4702336,P001,923,1115,80.00
H4601398,P451,922,1115,19.00
H4601398,P451,923,1115,28.00
H4601398,P501,922,1115,42.00
H4601398,P501,923,1115,94.00
H5307960,P001,922,1115,0.00
H5307960,P001,923,1115,0.00
H5307960,P002,922,1115,0.00
H5307960,P002,923,1115,17.00
H5307960,P003,923,1115,12.00
H4702336,P001,911,1118,11.70
H4307715,P001,911,1118,1.40
H4307715,P002,911,1118,1.20
H4810851,P101,911,1118,12.60
H4810851,P201,911,1118,14.80
H4601227,PG01,911,1118,8.20
H4601398,P451,911,1118,18.10
H4601398,P501,911,1118,16.40
H5307960,P001,911,1118,0.00
H5307960,P002,911,1118,1.80
H5307960,P003,911,1118,0.60
H5307960,P004,911,1118,1.70
H4702336,P001,911,1124,11.80
H4601398,P451,911,1124,15.70
H4601398,P501,911,1124,16.00
H4803507,P006,911,1124,5.70
H5307960,P001,911,1124,0.00
H5307960,P002,911,1124,1.80
H5307960,P003,911,1124,0.60
H5307960,P004,911,1124,1.60
H4307715,P001,911,1124,1.30
H4307715,P002,911,1124,1.20
H4702336,P001,911,1130,12.10
H4601398,P451,911,1130,19.20
H4601398,P501,911,1130,16.00
H5307960,P001,911,1130,0.00
H5307960,P002,911,1130,1.80
H5307960,P003,911,1130,0.60
H5307960,P004,911,1130,1.60
H4307715,P001,911,1130,1.30
H4307715,P001,922,1130,3.00
H4307715,P001,923,1130,94.00
H4307715,P001,924,1130,2.00
H4307715,P002,911,1130,1.20
H4307715,P002,922,1130,2.00
H4307715,P002,923,1130,92.00
H4307715,P002,924,1130,2.00
H4307715,P001,911,1136,1.30
H4307715,P002,911,1136,1.20
H4702336,P001,911,1200,12.80
H4307715,P001,911,1200,1.30
H4307715,P001,922,1200,2.00
H4307715,P001,923,1200,86.00
H4307715,P001,924,1200,2.00
H4307715,P002,911,1200,1.20
H4307715,P002,922,1200,3.00
H4307715,P002,923,1200,95.00
H4307715,P002,924,1200,2.00
H53A0675,P001,911,1200,0.00
H4604568,P001,923,1200,8.00
H4604568,P002,923,1200,6.00
H4604568,P003,923,1200,5.00
H4604568,P004,923,1200,6.00
H4810851,P101,911,1200,12.60
H4810851,P201,911,1200,15.90
H5200215,P002,911,1200,12.40
H4601227,PG01,911,1200,8.20
H4601398,P451,911,1200,13.40
H4601398,P501,911,1200,15.90
H5307960,P001,911,1200,0.00
H5307960,P002,911,1200,1.90
H5307960,P003,911,1200,0.70
H5307960,P004,911,1200,1.40
H5307960,P005,911,1200,0.00
H5307960,P006,911,1200,1.10
H51A1495,A001,959,1200,93.00
H4702336,P001,922,1200,16.00
H4702336,P001,923,1200,71.00
H53A0675,P001,924,1200,0.00
H4810851,P101,922,1200,13.00
H4810851,P101,923,1200,39.00
H4810851,P101,924,1200,1.00
H4810851,P201,922,1200,9.00
H4810851,P201,923,1200,30.00
H4810851,P201,924,1200,278.00
H5200215,P002,922,1200,77.00
H5200215,P002,923,1200,69.00
H4601227,PG01,922,1200,0.00
H4601227,PG01,923,1200,5.00
H4601398,P451,922,1200,18.00
H4601398,P451,923,1200,30.00
H4601398,P501,922,1200,42.00
H4601398,P501,923,1200,83.00
H5307960,P001,922,1200,0.00
H5307960,P001,923,1200,0.00
H5307960,P002,922,1200,0.00
H5307960,P002,923,1200,17.00
H5307960,P003,923,1200,12.00
H51A1495,A001,959,1205,92.00
H4702336,P001,911,1206,12.00
H4307715,P001,911,1206,1.30
H4307715,P002,911,1206,1.20
H4810851,P101,911,1206,12.70
H4810851,P201,911,1206,14.50
H4601227,PG01,911,1206,8.20
H4601398,P451,911,1206,19.90
H4601398,P501,911,1206,16.70
H4803507,P002,911,1206,5.70
H4803507,P003,911,1206,1.60
H4803507,P005,911,1206,3.50
H4803507,P006,911,1206,5.60
H4803507,P045,911,1206,3.70
H53A0675,P001,911,1206,0.00
H4810799,P001,911,1206,0.00
H4810799,P002,911,1206,0.00
H5200215,P002,911,1206,11.60
H5307960,P001,911,1206,0.00
H5307960,P002,911,1206,1.90
H5307960,P003,911,1206,0.70
H5307960,P004,911,1206,1.50
H51A1495,A001,959,1210,92.00
H4702336,P001,911,1212,11.50
H4307715,P001,911,1212,1.30
H4307715,P002,911,1212,1.20
H53A0675,P001,911,1212,0.00
H4810851,P101,911,1212,12.70
H4810851,P201,911,1212,14.50
H4810799,P001,911,1212,0.00
H4810799,P002,911,1212,0.00
H5200215,P002,911,1212,12.10
H4601227,PG01,911,1212,8.20
H4601398,P451,911,1212,9.30
H4601398,P501,911,1212,15.80
H5307960,P001,911,1212,0.00
H5307960,P002,911,1212,1.80
H5307960,P003,911,1212,0.70
H5307960,P004,911,1212,1.40
H4307715,P001,922,1215,3.00
H4307715,P001,923,1215,91.00
H4307715,P001,924,1215,1.00
H4307715,P002,922,1215,4.00
H4307715,P002,923,1215,97.00
H4307715,P002,924,1215,2.00
H4604568,P001,923,1215,8.00
H4604568,P002,923,1215,5.00
H4604568,P003,923,1215,5.00
H4604568,P004,923,1215,6.00
H4702336,P001,922,1215,19.00
H4702336,P001,923,1215,69.00
H4601398,P451,922,1215,19.00
H4601398,P451,923,1215,32.00
H4601398,P501,922,1215,42.00
H4601398,P501,923,1215,84.00
H5307960,P001,922,1215,0.00
H5307960,P001,923,1215,0.00
H5307960,P002,922,1215,0.00
H5307960,P002,923,1215,18.00
H5307960,P003,923,1215,12.00
H4702336,P001,911,1218,11.00
H4307715,P001,911,1218,1.30
H4307715,P002,911,1218,1.20
H4810851,P101,911,1218,12.70
H4810851,P201,911,1218,14.50
H4601227,PG01,911,1218,8.20
H4601398,P451,911,1218,12.00
H4601398,P501,911,1218,16.10
H5307960,P001,911,1218,0.00
H5307960,P002,911,1218,1.90
H5307960,P003,911,1218,0.60
H5307960,P004,911,1218,1.40
H53A0675,P001,911,1218,0.00
H4702336,P001,911,1224,10.50
H4601398,P451,911,1224,10.70
H4601398,P501,911,1224,16.00
H5307960,P001,911,1224,0.00
H5307960,P002,911,1224,1.80
H5307960,P003,911,1224,0.60
H5307960,P004,911,1224,1.30
H4307715,P001,911,1224,1.30
H4307715,P002,911,1224,1.20
H53A0675,P001,911,1224,0.00
H4702336,P001,911,1230,11.20
H4601398,P451,911,1230,11.70
H4601398,P501,911,1230,17.10
H5307960,P001,911,1230,0.00
H5307960,P002,911,1230,1.80
H5307960,P003,911,1230,0.60
H4307715,P001,911,1230,1.30
H4307715,P001,922,1230,5.00
H4307715,P001,923,1230,90.00
H4307715,P001,924,1230,2.00
H4307715,P002,911,1230,1.20
H4307715,P002,922,1230,2.00
H4307715,P002,923,1230,101.00
H4307715,P002,924,1230,2.00
H4601398,P451,911,1236,12.60
H4601398,P501,911,1236,16.50
H4702336,P001,911,1300,10.70
H4604568,P001,923,1300,8.00
H4604568,P002,923,1300,5.00
H4604568,P003,923,1300,5.00
H4604568,P004,923,1300,6.00
H4307715,P001,911,1300,1.30
H4307715,P001,922,1300,2.00
H4307715,P001,923,1300,95.00
H4307715,P001,924,1300,2.00
H4307715,P002,911,1300,1.10
H4307715,P002,922,1300,3.00
H4307715,P002,923,1300,104.00
H4307715,P002,924,1300,2.00
H53A0675,P001,911,1300,0.00
H4810851,P101,911,1300,12.70
H4810851,P201,911,1300,14.50
H5200215,P002,911,1300,12.50
H4601227,PG01,911,1300,8.20
H4601398,P451,911,1300,12.20
H4601398,P501,911,1300,16.20
H51A1495,A001,959,1300,90.00
H4702336,P001,922,1300,20.00
H4702336,P001,923,1300,84.00
H53A0675,P001,924,1300,0.00
H4810851,P101,922,1300,14.00
H4810851,P101,923,1300,35.00
H4810851,P101,924,1300,3.00
H4810851,P201,922,1300,11.00
H4810851,P201,923,1300,32.00
H4810851,P201,924,1300,278.00
H5200215,P002,922,1300,78.00
H5200215,P002,923,1300,68.00
H4601227,PG01,922,1300,0.00
H4601227,PG01,923,1300,5.00
H4601398,P451,922,1300,21.00
H4601398,P451,923,1300,36.00
H4601398,P501,922,1300,38.00
H4601398,P501,923,1300,84.00
H5307960,P001,911,1300,0.00
H5307960,P001,922,1300,0.00
H5307960,P001,923,1300,0.00
H5307960,P002,911,1300,1.80
H5307960,P002,922,1300,0.00
H5307960,P002,923,1300,17.00
H5307960,P003,911,1300,0.50
H5307960,P003,923,1300,12.00
H5307960,P004,911,1300,1.50
H51A1495,A001,959,1305,89.00
H4810851,P101,911,1306,12.70
H4810851,P201,911,1306,14.50
H4601227,PG01,911,1306,8.20
H4601398,P451,911,1306,17.00
H4601398,P501,911,1306,16.10
H4702336,P001,911,1306,10.90
H4307715,P001,911,1306,1.30
H4307715,P002,911,1306,1.10
H53A0675,P001,911,1306,0.00
H4810799,P001,911,1306,0.00
H4810799,P002,911,1306,0.00
H5200215,P002,911,1306,12.00
H5307960,P001,911,1306,0.00
H5307960,P002,911,1306,1.80
H5307960,P003,911,1306,0.50
H51A1495,A001,959,1310,90.00
H4702336,P001,911,1312,11.00
H4307715,P001,911,1312,1.30
H4307715,P002,911,1312,1.10
H53A0675,P001,911,1312,0.00
H4810851,P101,911,1312,12.70
H4810851,P201,911,1312,14.50
H4810799,P001,911,1312,0.00
H4810799,P002,911,1312,0.00
H5200215,P002,911,1312,11.70
H4601227,PG01,911,1312,8.20
H4601398,P451,911,1312,15.40
H4601398,P501,911,1312,16.10
H5307960,P001,911,1312,0.00
H5307960,P002,911,1312,1.80
H5307960,P003,911,1312,0.50
H4307715,P001,922,1315,3.00
H4307715,P001,923,1315,92.00
H4307715,P001,924,1315,2.00
H4307715,P002,922,1315,4.00
H4307715,P002,923,1315,105.00
H4307715,P002,924,1315,2.00
H4604568,P001,923,1315,8.00
H4604568,P002,923,1315,5.00
H4604568,P003,923,1315,6.00
H4604568,P004,923,1315,5.00
H4702336,P001,922,1315,20.00
H4702336,P001,923,1315,80.00
H53A0675,P001,924,1315,0.00
H4601398,P451,922,1315,16.00
H4601398,P451,923,1315,35.00
H4601398,P501,922,1315,39.00
H4601398,P501,923,1315,82.00
H5307960,P001,922,1315,0.00
H5307960,P001,923,1315,0.00
H5307960,P002,922,1315,0.00
H5307960,P002,923,1315,17.00
H5307960,P003,923,1315,11.00
H4702336,P001,911,1318,11.10
H4307715,P001,911,1318,1.30
H4307715,P002,911,1318,1.10
H4810851,P101,911,1318,12.60
H4810851,P201,911,1318,15.90
H4601227,PG01,911,1318,8.20
H4601398,P451,911,1318,16.80
H4601398,P501,911,1318,16.70
H53A0675,P001,911,1318,0.00
H5307960,P001,911,1318,0.00
H5307960,P002,911,1318,1.80
H5307960,P003,911,1318,0.50
H4702336,P001,911,1324,11.00
H4307715,P001,911,1324,1.30
H4307715,P002,911,1324,1.10
H53A0675,P001,911,1324,0.00
H4601398,P451,911,1324,13.70
H4601398,P501,911,1324,15.80
H5307960,P001,911,1324,0.00
H5307960,P002,911,1324,1.80
H5307960,P003,911,1324,0.50
H4702336,P001,911,1330,11.00
H4307715,P001,911,1330,1.20
H4307715,P001,922,1330,2.00
H4307715,P001,923,1330,92.00
H4307715,P001,924,1330,1.00
H4307715,P002,911,1330,1.10
H4307715,P002,922,1330,3.00
H4307715,P002,923,1330,99.00
H4307715,P002,924,1330,2.00
H53A0675,P001,911,1330,0.00
H4601398,P451,911,1330,18.20
H4601398,P501,911,1330,16.60
H5307960,P001,911,1330,0.00
H5307960,P002,911,1330,1.80
H5307960,P003,911,1330,0.50
H4702336,P001,911,1336,11.00
H4601398,P451,911,1336,11.50
H4601398,P501,911,1336,16.20
H4702336,P001,911,1400,10.80
H4307715,P001,911,1400,1.30
H4307715,P001,922,1400,4.00
H4307715,P001,923,1400,80.00
H4307715,P001,924,1400,2.00
H4307715,P002,911,1400,1.10
H4307715,P002,922,1400,3.00
H4307715,P002,923,1400,99.00
H4307715,P002,924,1400,2.00
H53A0675,P001,911,1400,0.00
H4604568,P001,923,1400,9.00
H4604568,P002,923,1400,5.00
H4604568,P003,923,1400,5.00
H4604568,P004,923,1400,5.00
H4810851,P101,911,1400,12.70
H4810851,P201,911,1400,14.50
H5200215,P002,911,1400,11.90
H4601227,PG01,911,1400,8.20
H4601398,P451,911,1400,9.70
H4601398,P501,911,1400,16.40
H5307960,P001,911,1400,0.00
H5307960,P002,911,1400,1.80
H5307960,P003,911,1400,0.40
H5307960,P004,911,1400,1.60
H5307960,P005,911,1400,0.30
H5307960,P006,911,1400,0.60
H51A1495,A001,959,1400,89.00
H4702336,P001,922,1400,24.00
H4702336,P001,923,1400,76.00
H53A0675,P001,924,1400,0.00
H4810851,P101,922,1400,16.00
H4810851,P101,923,1400,33.00
H4810851,P101,924,1400,1.00
H4810851,P201,922,1400,12.00
H4810851,P201,923,1400,31.00
H4810851,P201,924,1400,275.00
H5200215,P002,922,1400,102.00
H5200215,P002,923,1400,70.00
H4601227,PG01,922,1400,0.00
H4601227,PG01,923,1400,5.00
H4601398,P451,922,1400,20.00
H4601398,P451,923,1400,32.00
H4601398,P501,922,1400,35.00
H4601398,P501,923,1400,92.00
H5307960,P001,922,1400,0.00
H5307960,P001,923,1400,0.00
H5307960,P002,922,1400,0.00
H5307960,P002,923,1400,17.00
H5307960,P003,923,1400,11.00
H51A1495,A001,959,1405,89.00
H4810851,P101,911,1406,12.70
H4810851,P201,911,1406,14.80
H4601227,PG01,911,1406,8.20
H4601398,P451,911,1406,13.10
H4601398,P501,911,1406,17.20
H4702336,P001,911,1406,11.00
H4307715,P001,911,1406,1.30
H4307715,P002,911,1406,1.20
H53A0675,P001,911,1406,0.00
H4810799,P001,911,1406,0.00
H4810799,P002,911,1406,0.00
H5200215,P002,911,1406,12.60
H5307960,P001,911,1406,0.00
H5307960,P002,911,1406,1.80
H5307960,P003,911,1406,0.40
H5307960,P004,911,1406,1.50
H51A1495,A001,959,1410,90.00
H4702336,P001,911,1412,11.00
H4307715,P001,911,1412,1.30
H4307715,P002,911,1412,1.10
H53A0675,P001,911,1412,0.00
H4810851,P101,911,1412,12.70
H4810851,P201,911,1412,15.50
H4810799,P001,911,1412,0.00
H4810799,P002,911,1412,0.00
H5200215,P002,911,1412,11.90
H4601227,PG01,911,1412,8.20
H4601398,P451,911,1412,13.50
H4601398,P501,911,1412,16.30
H5307960,P001,911,1412,0.00
H5307960,P002,911,1412,1.70
H5307960,P003,911,1412,0.30
H5307960,P004,911,1412,1.50
H4307715,P001,922,1415,5.00
H4307715,P001,923,1415,77.00
H4307715,P001,924,1415,1.00
H4307715,P002,922,1415,6.00
H4307715,P002,923,1415,97.00
H4307715,P002,924,1415,2.00
H4604568,P001,923,1415,8.00
H4604568,P002,923,1415,5.00
H4604568,P003,923,1415,6.00
H4604568,P004,923,1415,6.00
H4702336,P001,922,1415,25.00
H4702336,P001,923,1415,74.00
H53A0675,P001,924,1415,0.00
H4601398,P451,922,1415,20.00
H4601398,P451,923,1415,32.00
H4601398,P501,922,1415,34.00
H4601398,P501,923,1415,93.00
H5307960,P001,922,1415,0.00
H5307960,P001,923,1415,0.00
H5307960,P002,922,1415,0.00
H5307960,P002,923,1415,17.00
H5307960,P003,923,1415,11.00
H4702336,P001,911,1418,11.00
H4307715,P001,911,1418,1.20
H4307715,P002,911,1418,1.10
H53A0675,P001,911,1418,0.00
H4810851,P101,911,1418,12.70
H4810851,P201,911,1418,14.70
H4601227,PG01,911,1418,8.20
H4601398,P451,911,1418,18.80
H4601398,P501,911,1418,16.40
H5307960,P001,911,1418,0.00
H5307960,P002,911,1418,1.60
H5307960,P003,911,1418,0.30
H5307960,P004,911,1418,1.50
H4702336,P001,911,1424,10.90
H4307715,P001,911,1424,1.20
H4307715,P002,911,1424,1.10
H53A0675,P001,911,1424,0.00
H4601398,P451,911,1424,14.10
H4601398,P501,911,1424,16.00
H5307960,P001,911,1424,0.00
H5307960,P002,911,1424,1.60
H5307960,P003,911,1424,0.30
H4702336,P001,911,1430,11.40
H4307715,P001,911,1430,1.30
H4307715,P001,922,1430,4.00
H4307715,P001,923,1430,90.00
H4307715,P001,924,1430,2.00
H4307715,P002,911,1430,1.10
H4307715,P002,922,1430,8.00
H4307715,P002,923,1430,90.00
H4307715,P002,924,1430,2.00
H53A0675,P001,911,1430,0.00
H4601398,P451,911,1430,20.00
H4601398,P501,911,1430,16.80
H5307960,P001,911,1430,0.00
H5307960,P002,911,1430,1.70
H5307960,P003,911,1430,0.30
H4702336,P001,911,1500,10.80
H4307715,P001,911,1500,1.20
H4307715,P001,922,1500,3.00
H4307715,P001,923,1500,103.00
H4307715,P001,924,1500,2.00
H4307715,P002,911,1500,1.10
H4307715,P002,922,1500,6.00
H4307715,P002,923,1500,99.00
H4307715,P002,924,1500,3.00
H53A0675,P001,911,1500,0.00
H4604568,P001,923,1500,8.00
H4604568,P002,923,1500,5.00
H4604568,P003,923,1500,6.00
H4604568,P004,923,1500,5.00
H4810851,P101,911,1500,12.70
H4810851,P201,911,1500,14.80
H5200215,P002,911,1500,12.20
H4601227,PG01,911,1500,8.20
H4601398,P451,911,1500,16.00
H4601398,P501,911,1500,15.80
H5307960,P001,911,1500,0.00
H5307960,P002,911,1500,1.60
H5307960,P003,911,1500,0.10
H5307960,P004,911,1500,1.50
H5307960,P005,911,1500,0.10
H5307960,P006,911,1500,0.50
H51A1495,A001,959,1500,89.00
H4702336,P001,922,1500,24.00
H4702336,P001,923,1500,74.00
H53A0675,P001,924,1500,0.00
H4810851,P101,922,1500,13.00
H4810851,P101,923,1500,36.00
H4810851,P101,924,1500,6.00
H4810851,P201,922,1500,13.00
H4810851,P201,923,1500,29.00
H4810851,P201,924,1500,274.00
H5200215,P002,922,1500,34.00
H5200215,P002,923,1500,86.00
H4601227,PG01,922,1500,0.00
H4601227,PG01,923,1500,5.00
H4601398,P451,922,1500,20.00
H4601398,P451,923,1500,38.00
H4601398,P501,922,1500,26.00
H4601398,P501,923,1500,89.00
H5307960,P001,922,1500,0.00
H5307960,P001,923,1500,0.00
H5307960,P002,922,1500,0.00
H5307960,P002,923,1500,17.00
H51A1495,A001,959,1505,89.00
H4307715,P001,911,1506,1.30
H4307715,P002,911,1506,1.10
H4810851,P101,911,1506,12.70
H4810851,P201,911,1506,16.50
H4601227,PG01,911,1506,8.20
H4601398,P451,911,1506,9.60
H4601398,P501,911,1506,16.00
H4702336,P001,911,1506,10.80
H53A0675,P001,911,1506,0.00
H4810799,P001,911,1506,0.00
H4810799,P002,911,1506,0.00
H5200215,P002,911,1506,12.70
H5307960,P001,911,1506,0.00
H5307960,P002,911,1506,1.60
H51A1495,A001,959,1510,88.00
H4702336,P001,911,1512,11.10
H4307715,P001,911,1512,1.30
H4307715,P002,911,1512,1.10
H53A0675,P001,911,1512,0.00
H4810851,P101,911,1512,12.70
H4810851,P201,911,1512,15.00
H4810799,P001,911,1512,0.00
H4810799,P002,911,1512,0.00
H5200215,P002,911,1512,11.80
H4601398,P451,911,1512,5.10
H4601398,P501,911,1512,16.20
H5307960,P001,911,1512,0.00
H5307960,P002,911,1512,1.60
H4307715,P001,922,1515,3.00
H4307715,P001,923,1515,90.00
H4307715,P001,924,1515,3.00
H4307715,P002,922,1515,5.00
H4307715,P002,923,1515,101.00
H4307715,P002,924,1515,2.00
H4604568,P001,923,1515,8.00
H4604568,P002,923,1515,5.00
H4604568,P003,923,1515,5.00
H4604568,P004,923,1515,6.00
H4702336,P001,922,1515,25.00
H4702336,P001,923,1515,78.00
H53A0675,P001,924,1515,0.00
H4601398,P451,922,1515,19.00
H4601398,P451,923,1515,36.00
H4601398,P501,922,1515,27.00
H4601398,P501,923,1515,91.00
H5307960,P001,922,1515,0.00
H5307960,P001,923,1515,0.00
H4702336,P001,911,1518,11.20
H4307715,P001,911,1518,1.30
H4307715,P002,911,1518,1.10
H4810851,P101,911,1518,12.70
H4810851,P201,911,1518,14.70
H4601398,P451,911,1518,15.10
H4601398,P501,911,1518,17.10
H53A0675,P001,911,1518,0.00
H5307960,P001,911,1518,0.00
H5307960,P002,911,1518,1.70
H4702336,P001,911,1524,11.00
H4307715,P001,911,1524,1.30
H4307715,P002,911,1524,1.10
H53A0675,P001,911,1524,0.00
H4601398,P451,911,1524,14.50
H4601398,P501,911,1524,16.50
H5307960,P001,911,1524,0.00
H5307960,P002,911,1524,1.70
H4702336,P001,911,1530,11.30
H4307715,P001,911,1530,1.30
H4307715,P001,922,1530,1.00
H4307715,P001,923,1530,81.00
H4307715,P001,924,1530,2.00
H4307715,P002,911,1530,1.10
H4307715,P002,922,1530,3.00
H4307715,P002,923,1530,101.00
H4307715,P002,924,1530,2.00
H53A0675,P001,911,1530,0.00
H4604568,P001,923,1530,8.00
H4604568,P002,923,1530,5.00
H4604568,P003,923,1530,5.00
H4604568,P004,923,1530,6.00
H4601398,P451,911,1530,18.10
H4601398,P501,911,1530,16.80
H5307960,P001,911,1530,0.00
H5307960,P002,911,1530,1.70
H4307715,P001,911,1536,1.30
H4307715,P002,911,1536,1.10
H4601398,P451,911,1536,14.30
H4601398,P501,911,1536,16.20
H4702336,P001,911,1600,10.80
H4307715,P001,911,1600,1.30
H4307715,P001,922,1600,2.00
H4307715,P001,923,1600,88.00
H4307715,P001,924,1600,2.00
H4307715,P002,911,1600,1.10
H4307715,P002,922,1600,3.00
H4307715,P002,923,1600,107.00
H4307715,P002,924,1600,2.00
H53A0675,P001,911,1600,0.00
H4604568,P001,923,1600,8.00
H4604568,P002,923,1600,6.00
H4604568,P003,923,1600,6.00
H4604568,P004,923,1600,6.00
H4810851,P101,911,1600,12.70
H4810851,P201,911,1600,14.50
H5200215,P002,911,1600,11.60
H4601227,PG01,911,1600,10.60
H4601398,P451,911,1600,10.10
H4601398,P501,911,1600,16.20
H5307960,P001,911,1600,1.50
H5307960,P002,911,1600,1.80
H5307960,P003,911,1600,0.30
H5307960,P004,911,1600,1.40
H5307960,P005,911,1600,0.00
H5307960,P006,911,1600,0.90
H51A1495,A001,959,1600,88.00
H4702336,P001,922,1600,25.00
H4702336,P001,923,1600,71.00
H53A0675,P001,924,1600,0.00
H4810851,P101,922,1600,7.00
H4810851,P101,923,1600,38.00
H4810851,P101,924,1600,1.00
H4810851,P201,922,1600,13.00
H4810851,P201,923,1600,32.00
H4810851,P201,924,1600,274.00
H5200215,P002,922,1600,96.00
H5200215,P002,923,1600,76.00
H4601227,PG01,922,1600,0.00
H4601227,PG01,923,1600,0.00
H4601398,P451,922,1600,17.00
H4601398,P451,923,1600,35.00
H4601398,P501,922,1600,41.00
H4601398,P501,923,1600,88.00
H5307960,P001,922,1600,0.00
H5307960,P001,923,1600,13.00
H5307960,P002,922,1600,0.00
H5307960,P002,923,1600,16.00
H5307960,P003,923,1600,11.00
H51A1495,A001,959,1605,88.00
H4307715,P001,911,1606,1.30
H4307715,P002,911,1606,1.10
H4810851,P101,911,1606,12.70
H4810851,P201,911,1606,14.60
H4601227,PG01,911,1606,10.50
H4601398,P451,911,1606,14.00
H4601398,P501,911,1606,16.80
H4702336,P001,911,1606,10.70
H53A0675,P001,911,1606,0.00
H4810799,P001,911,1606,0.00
H4810799,P002,911,1606,0.00
H5200215,P002,911,1606,11.80
H5307960,P001,911,1606,1.60
H5307960,P002,911,1606,1.80
H5307960,P003,911,1606,0.40
H5307960,P004,911,1606,1.30
H51A1495,A001,959,1610,89.00
H4702336,P001,911,1612,10.90
H4307715,P001,911,1612,1.30
H4307715,P002,911,1612,1.10
H53A0675,P001,911,1612,0.00
H4810851,P101,911,1612,12.70
H4810851,P201,911,1612,14.60
H4810799,P001,911,1612,0.00
H4810799,P002,911,1612,0.00
H5200215,P002,911,1612,12.70
H4601227,PG01,911,1612,10.50
H4601398,P451,911,1612,10.50
H4601398,P501,911,1612,16.10
H5307960,P001,911,1612,1.70
H5307960,P002,911,1612,2.00
H5307960,P003,911,1612,0.60
H5307960,P004,911,1612,1.10
H4307715,P001,922,1615,2.00
H4307715,P001,923,1615,78.00
H4307715,P001,924,1615,1.00
H4307715,P002,922,1615,9.00
H4307715,P002,923,1615,100.00
H4307715,P002,924,1615,2.00
H4604568,P001,923,1615,7.00
H4604568,P002,923,1615,5.00
H4604568,P003,923,1615,5.00
H4604568,P004,923,1615,5.00
H4702336,P001,922,1615,24.00
H4702336,P001,923,1615,70.00
H4601398,P451,922,1615,16.00
H4601398,P451,923,1615,30.00
H4601398,P501,922,1615,45.00
H4601398,P501,923,1615,89.00
H5307960,P001,922,1615,0.00
H5307960,P001,923,1615,13.00
H5307960,P002,922,1615,0.00
H5307960,P002,923,1615,16.00
H5307960,P003,923,1615,11.00
H4702336,P001,911,1618,11.10
H4307715,P001,911,1618,1.20
H4307715,P002,911,1618,1.10
H4810851,P101,911,1618,12.70
H4810851,P201,911,1618,14.60
H4601227,PG01,911,1618,10.40
H4601398,P451,911,1618,13.70
H4601398,P501,911,1618,16.10
H5307960,P001,911,1618,1.80
H5307960,P002,911,1618,2.10
H5307960,P003,911,1618,0.80
H5307960,P004,911,1618,1.10
H4702336,P001,911,1624,11.00
H4601398,P451,911,1624,15.00
H4601398,P501,911,1624,15.90
H5307960,P001,911,1624,1.80
H5307960,P002,911,1624,2.30
H5307960,P003,911,1624,0.90
H5307960,P004,911,1624,1.10
H4307715,P001,911,1624,1.30
H4307715,P002,911,1624,1.10
H4702336,P001,911,1630,11.30
H4601398,P451,911,1630,17.40
H4601398,P501,911,1630,16.70
H5307960,P001,911,1630,1.80
H5307960,P002,911,1630,2.10
H5307960,P003,911,1630,0.80
H4307715,P001,911,1630,1.30
H4307715,P001,922,1630,3.00
H4307715,P001,923,1630,88.00
H4307715,P001,924,1630,2.00
H4307715,P002,911,1630,1.10
H4307715,P002,922,1630,3.00
H4307715,P002,923,1630,96.00
H4307715,P002,924,1630,2.00
H4702336,P001,911,1636,11.30
H4601398,P451,911,1636,15.10
H4601398,P501,911,1636,16.00
H4307715,P001,911,1636,1.30
H4307715,P002,911,1636,1.10
