2017-03-25,1490371200,,,
R9702160,P001,911,0000,14.5
R8400827,P001,911,0000,3.0
R8500582,P001,911,0000,2.9
R8500582,P106,911,0000,1.4
R0503072,P001,911,0000,0
R0503072,P001,922,0000,0
R0503072,P001,923,0000,0
R0503072,P001,924,0000,0
R0503072,P001,936,0000,0
R0503072,P002,911,0000,0
R0503072,P002,922,0000,0
R0503072,P002,923,0000,0
R0503072,P002,924,0000,0
R0503072,P002,936,0000,0
R0503072,P003,911,0000,1.9
R0503072,P003,922,0000,0
R0503072,P003,923,0000,13
R0503072,P003,924,0000,7
R0503072,P003,936,0000,13.3
R0503072,P004,911,0000,2.1
R0503072,P004,922,0000,0
R0503072,P004,923,0000,13
R0503072,P004,924,0000,7
R0503072,P004,936,0000,13.0
R1407702,P001,911,0000,0
R1407702,P002,911,0000,0
R0500400,P003,911,0000,0
R0500400,P003,922,0000,0
R0500400,P003,923,0000,0
R0500400,P003,936,0000,0
R0500400,P003,948,0000,0
R0500400,P003,959,0000,0
R9702160,P001,922,0000,0
R9702160,P001,923,0000,76
R9702160,P001,936,0000,7.8
R9702160,P001,948,0000,102176
R9702160,P001,959,0000,142
R0503072,P001,948,0000,0
R0503072,P001,959,0000,31
R0503072,P002,948,0000,0
R0503072,P002,959,0000,31
R0503072,P003,948,0000,1489598
R0503072,P003,959,0000,115
R0503072,P004,948,0000,1613238
R0503072,P004,959,0000,116
R0500400,P003,911,0006,0
R8400827,P001,911,0006,3.1
R8500582,P001,911,0006,4.0
R8500582,P106,911,0006,1.4
R0503072,P001,911,0006,0
R0503072,P002,911,0006,0
R0503072,P003,911,0006,1.9
R0503072,P004,911,0006,2.2
R9702160,P001,911,0006,15.9
R0500400,P003,911,0012,0
R8400827,P001,911,0012,5.0
R8500582,P001,911,0012,5.8
R8500582,P106,911,0012,1.4
R0503072,P001,911,0012,0
R0503072,P002,911,0012,0
R0503072,P003,911,0012,1.9
R0503072,P004,911,0012,2.1
R9702160,P001,911,0012,21.6
R0500400,P003,922,0015,0
R0500400,P003,923,0015,0
R0500400,P003,936,0015,0
R9702160,P001,922,0015,0
R9702160,P001,923,0015,66
R9702160,P001,936,0015,7.4
R0503072,P001,922,0015,0
R0503072,P001,923,0015,0
R0503072,P001,924,0015,0
R0503072,P001,936,0015,0
R0503072,P002,922,0015,0
R0503072,P002,923,0015,0
R0503072,P002,924,0015,0
R0503072,P002,936,0015,0
R0503072,P003,922,0015,0
R0503072,P003,923,0015,13
R0503072,P003,924,0015,6
R0503072,P003,936,0015,13.3
R0503072,P004,922,0015,0
R0503072,P004,923,0015,13
R0503072,P004,924,0015,7
R0503072,P004,936,0015,13.0
R0500400,P003,911,0018,0
R9702160,P001,911,0018,14.2
R8400827,P001,911,0018,4.1
R8500582,P001,911,0018,5.7
R8500582,P106,911,0018,1.4
R0503072,P001,911,0018,0
R0503072,P002,911,0018,0
R0503072,P003,911,0018,1.9
R0503072,P004,911,0018,2.2
R0500400,P003,911,0024,0
R9702160,P001,911,0024,12.4
R8400827,P001,911,0024,4.5
R8500582,P001,911,0024,4.4
R8500582,P106,911,0024,1.4
R0503072,P001,911,0024,0
R0503072,P002,911,0024,0
R0503072,P003,911,0024,1.9
R0503072,P004,911,0024,2.1
R0500400,P003,911,0030,0
R0500400,P003,922,0030,0
R0500400,P003,923,0030,0
R0500400,P003,936,0030,0
R9702160,P001,911,0030,12.4
R9702160,P001,922,0030,0
R9702160,P001,923,0030,79
R9702160,P001,936,0030,8.0
R8400827,P001,911,0030,3.9
R8500582,P001,911,0030,4.6
R8500582,P106,911,0030,1.4
R0503072,P001,911,0030,0
R0503072,P001,922,0030,0
R0503072,P001,923,0030,0
R0503072,P001,924,0030,0
R0503072,P001,936,0030,0
R0503072,P002,911,0030,0
R0503072,P002,922,0030,0
R0503072,P002,923,0030,0
R0503072,P002,924,0030,0
R0503072,P002,936,0030,0
R0503072,P003,911,0030,1.9
R0503072,P003,922,0030,0
R0503072,P003,923,0030,13
R0503072,P003,924,0030,6
R0503072,P003,936,0030,13.2
R0503072,P004,911,0030,2.2
R0503072,P004,922,0030,0
R0503072,P004,923,0030,13
R0503072,P004,924,0030,7
R0503072,P004,936,0030,13.0
R0500400,P003,911,0036,0
R9702160,P001,911,0036,13.7
R8400827,P001,911,0036,3.6
R8500582,P001,911,0036,3.6
R8500582,P106,911,0036,1.4
R0503072,P001,911,0036,0
R0503072,P002,911,0036,0
R0503072,P003,911,0036,1.8
R0503072,P004,911,0036,2.2
R0500400,P003,911,0042,0
R9702160,P001,911,0042,14.1
R8400827,P001,911,0042,4.0
R8500582,P001,911,0042,3.6
R8500582,P106,911,0042,1.4
R0503072,P001,911,0042,0
R0503072,P002,911,0042,0
R0503072,P003,911,0042,1.8
R0503072,P004,911,0042,2.2
R0500400,P003,922,0045,0
R0500400,P003,923,0045,0
R0500400,P003,936,0045,0
R9702160,P001,922,0045,0
R9702160,P001,923,0045,75
R9702160,P001,936,0045,7.7
R0503072,P001,922,0045,0
R0503072,P001,923,0045,0
R0503072,P001,924,0045,0
R0503072,P001,936,0045,0
R0503072,P002,922,0045,0
R0503072,P002,923,0045,0
R0503072,P002,924,0045,0
R0503072,P002,936,0045,0
R0503072,P003,922,0045,0
R0503072,P003,923,0045,13
R0503072,P003,924,0045,6
R0503072,P003,936,0045,13.3
R0503072,P004,922,0045,0
R0503072,P004,923,0045,13
R0503072,P004,924,0045,7
R0503072,P004,936,0045,13.0
R0500400,P003,911,0048,0
R9702160,P001,911,0048,13.5
R8400827,P001,911,0048,3.3
R8500582,P001,911,0048,3.2
R8500582,P106,911,0048,1.4
R0503072,P001,911,0048,0
R0503072,P002,911,0048,0
R0503072,P003,911,0048,1.8
R0503072,P004,911,0048,2.2
R0500400,P003,911,0054,0
R9702160,P001,911,0054,13.9
R8400827,P001,911,0054,3.8
R8500582,P001,911,0054,2.7
R8500582,P106,911,0054,1.4
R0503072,P001,911,0054,0
R0503072,P002,911,0054,0
R0503072,P003,911,0054,1.9
R0503072,P004,911,0054,2.2
R9702160,P001,911,0100,12.8
R8400827,P001,911,0100,2.3
R8500582,P001,911,0100,2.8
R8500582,P106,911,0100,1.4
R0503072,P001,911,0100,0
R0503072,P001,922,0100,0
R0503072,P001,923,0100,0
R0503072,P001,924,0100,0
R0503072,P001,936,0100,0
R0503072,P002,911,0100,0
R0503072,P002,922,0100,0
R0503072,P002,923,0100,0
R0503072,P002,924,0100,0
R0503072,P002,936,0100,0
R0503072,P003,911,0100,1.9
R0503072,P003,922,0100,0
R0503072,P003,923,0100,13
R0503072,P003,924,0100,7
R0503072,P003,936,0100,13.3
R0503072,P004,911,0100,2.2
R0503072,P004,922,0100,0
R0503072,P004,923,0100,13
R0503072,P004,924,0100,7
R0503072,P004,936,0100,13.0
D3202577,P001,922,0100,2
D3202577,P001,923,0100,75
D3202577,P001,924,0100,14
D3202577,P001,926,0100,17
D3202577,P001,936,0100,10.8
D3202577,P001,937,0100,8.2
D3202577,P002,922,0100,5
D3202577,P002,923,0100,69
D3202577,P002,924,0100,5
D3202577,P002,926,0100,13
D3202577,P002,936,0100,10.4
D3202577,P002,937,0100,7.8
R0500400,P003,911,0100,0
R0500400,P003,922,0100,0
R0500400,P003,923,0100,0
R0500400,P003,936,0100,0
R0500400,P003,948,0100,0
R0500400,P003,959,0100,0
R9702160,P001,922,0100,0
R9702160,P001,923,0100,71
R9702160,P001,936,0100,7.5
R9702160,P001,948,0100,103191
R9702160,P001,959,0100,141
R0503072,P001,948,0100,0
R0503072,P001,959,0100,29
R0503072,P002,948,0100,0
R0503072,P002,959,0100,29
R0503072,P003,948,0100,1490514
R0503072,P003,959,0100,115
R0503072,P004,948,0100,1616055
R0503072,P004,959,0100,116
D3202577,P001,948,0100,67380
D3202577,P001,959,0100,133
D3202577,P002,948,0100,75310
D3202577,P002,959,0100,130
R0500400,P003,911,0106,0
R8400827,P001,911,0106,2.1
R8500582,P001,911,0106,3.3
R8500582,P106,911,0106,1.4
R0503072,P001,911,0106,0
R0503072,P002,911,0106,0
R0503072,P003,911,0106,1.9
R0503072,P004,911,0106,2.2
D3202577,P001,911,0106,2.4
D3202577,P002,911,0106,2.2
R9702160,P001,911,0106,13.5
R0500400,P003,911,0112,0
R8400827,P001,911,0112,2.4
R8500582,P001,911,0112,4.2
R8500582,P106,911,0112,1.4
R0503072,P001,911,0112,0
R0503072,P002,911,0112,0
R0503072,P003,911,0112,1.8
R0503072,P004,911,0112,2.2
D3202577,P001,911,0112,2.4
D3202577,P002,911,0112,2.3
R9702160,P001,911,0112,12.6
R0500400,P003,922,0115,0
R0500400,P003,923,0115,0
R0500400,P003,936,0115,0
R9702160,P001,922,0115,0
R9702160,P001,923,0115,69
R9702160,P001,936,0115,7.4
R0503072,P001,922,0115,0
R0503072,P001,923,0115,0
R0503072,P001,924,0115,0
R0503072,P001,936,0115,0
R0503072,P002,922,0115,0
R0503072,P002,923,0115,0
R0503072,P002,924,0115,0
R0503072,P002,936,0115,0
R0503072,P003,922,0115,0
R0503072,P003,923,0115,13
R0503072,P003,924,0115,6
R0503072,P003,936,0115,13.3
R0503072,P004,922,0115,0
R0503072,P004,923,0115,13
R0503072,P004,924,0115,6
R0503072,P004,936,0115,13.0
D3202577,P001,922,0115,1
D3202577,P001,923,0115,81
D3202577,P001,924,0115,5
D3202577,P001,926,0115,10
D3202577,P001,936,0115,11.1
D3202577,P001,937,0115,8.4
D3202577,P002,922,0115,1
D3202577,P002,923,0115,88
D3202577,P002,924,0115,3
D3202577,P002,926,0115,12
D3202577,P002,936,0115,11.4
D3202577,P002,937,0115,8.4
R0500400,P003,911,0118,0
R9702160,P001,911,0118,14.2
R8400827,P001,911,0118,2.0
R8500582,P001,911,0118,6.0
R8500582,P106,911,0118,1.4
R0503072,P001,911,0118,0
R0503072,P002,911,0118,0
R0503072,P003,911,0118,1.9
R0503072,P004,911,0118,2.2
D3202577,P001,911,0118,2.4
D3202577,P002,911,0118,2.3
R0500400,P003,911,0124,0
R9702160,P001,911,0124,13.1
R8400827,P001,911,0124,2.5
R8500582,P001,911,0124,5.8
R8500582,P106,911,0124,1.4
R0503072,P001,911,0124,0
R0503072,P002,911,0124,0
R0503072,P003,911,0124,1.9
R0503072,P004,911,0124,2.2
D3202577,P001,911,0124,2.3
D3202577,P002,911,0124,2.2
R0500400,P003,911,0130,0
R0500400,P003,922,0130,0
R0500400,P003,923,0130,0
R0500400,P003,936,0130,0
R9702160,P001,911,0130,12.4
R9702160,P001,922,0130,0
R9702160,P001,923,0130,70
R9702160,P001,936,0130,7.5
R8400827,P001,911,0130,1.6
R8500582,P001,911,0130,5.7
R8500582,P106,911,0130,1.4
R0503072,P001,911,0130,0
R0503072,P001,922,0130,0
R0503072,P001,923,0130,0
R0503072,P001,924,0130,0
R0503072,P001,936,0130,0
R0503072,P002,911,0130,0
R0503072,P002,922,0130,0
R0503072,P002,923,0130,0
R0503072,P002,924,0130,0
R0503072,P002,936,0130,0
R0503072,P003,911,0130,1.8
R0503072,P003,922,0130,0
R0503072,P003,923,0130,13
R0503072,P003,924,0130,6
R0503072,P003,936,0130,13.3
R0503072,P004,911,0130,2.2
R0503072,P004,922,0130,0
R0503072,P004,923,0130,13
R0503072,P004,924,0130,7
R0503072,P004,936,0130,13.0
D3202577,P001,911,0130,2.3
D3202577,P001,922,0130,4
D3202577,P001,923,0130,86
D3202577,P001,924,0130,9
D3202577,P001,926,0130,15
D3202577,P001,936,0130,11.3
D3202577,P001,937,0130,8.3
D3202577,P002,911,0130,2.3
D3202577,P002,922,0130,4
D3202577,P002,923,0130,85
D3202577,P002,924,0130,8
D3202577,P002,926,0130,23
D3202577,P002,936,0130,11.7
D3202577,P002,937,0130,8.4
R0500400,P003,911,0136,0
R9702160,P001,911,0136,12.5
R8400827,P001,911,0136,3.0
R8500582,P001,911,0136,4.5
R8500582,P106,911,0136,1.4
R0503072,P001,911,0136,0
R0503072,P002,911,0136,0
R0503072,P003,911,0136,1.8
R0503072,P004,911,0136,2.2
D3202577,P001,911,0136,2.3
D3202577,P002,911,0136,2.3
R0500400,P003,911,0142,0
R9702160,P001,911,0142,12.0
R8400827,P001,911,0142,2.4
R8500582,P001,911,0142,3.7
R8500582,P106,911,0142,1.4
R0503072,P001,911,0142,0
R0503072,P002,911,0142,0
R0503072,P003,911,0142,1.8
R0503072,P004,911,0142,2.2
D3202577,P001,911,0142,2.4
D3202577,P002,911,0142,2.3
R0500400,P003,922,0145,0
R0500400,P003,923,0145,0
R0500400,P003,936,0145,0
R9702160,P001,922,0145,0
R9702160,P001,923,0145,65
R9702160,P001,936,0145,7.2
R0503072,P001,922,0145,0
R0503072,P001,923,0145,0
R0503072,P001,924,0145,0
R0503072,P001,936,0145,0
R0503072,P002,922,0145,0
R0503072,P002,923,0145,0
R0503072,P002,924,0145,0
R0503072,P002,936,0145,0
R0503072,P003,922,0145,0
R0503072,P003,923,0145,13
R0503072,P003,924,0145,6
R0503072,P003,936,0145,13.3
R0503072,P004,922,0145,0
R0503072,P004,923,0145,13
R0503072,P004,924,0145,7
R0503072,P004,936,0145,13.0
D3202577,P001,922,0145,1
D3202577,P001,923,0145,89
D3202577,P001,924,0145,8
D3202577,P001,926,0145,12
D3202577,P001,936,0145,12.1
D3202577,P001,937,0145,8.2
D3202577,P002,922,0145,1
D3202577,P002,923,0145,66
D3202577,P002,924,0145,26
D3202577,P002,926,0145,7
D3202577,P002,936,0145,10.8
D3202577,P002,937,0145,8.0
R0500400,P003,911,0148,0
R9702160,P001,911,0148,13.5
R8400827,P001,911,0148,2.9
R8500582,P001,911,0148,3.6
R8500582,P106,911,0148,1.4
R0503072,P001,911,0148,0
R0503072,P002,911,0148,0
R0503072,P003,911,0148,1.8
R0503072,P004,911,0148,2.1
D3202577,P001,911,0148,2.4
D3202577,P002,911,0148,2.3
R0500400,P003,911,0154,0
R9702160,P001,911,0154,11.7
R8400827,P001,911,0154,3.7
R8500582,P001,911,0154,3.4
R8500582,P106,911,0154,1.4
R0503072,P001,911,0154,0
R0503072,P002,911,0154,0
R0503072,P003,911,0154,1.8
R0503072,P004,911,0154,2.1
D3202577,P001,911,0154,2.4
D3202577,P002,911,0154,2.3
R9702160,P001,911,0200,13.9
R8400827,P001,911,0200,3.7
R8500582,P001,911,0200,2.8
R8500582,P106,911,0200,1.4
R0503072,P001,911,0200,0
R0503072,P001,922,0200,0
R0503072,P001,923,0200,0
R0503072,P001,924,0200,0
R0503072,P001,936,0200,0
R0503072,P002,911,0200,0
R0503072,P002,922,0200,0
R0503072,P002,923,0200,0
R0503072,P002,924,0200,0
R0503072,P002,936,0200,0
R0503072,P003,911,0200,1.8
R0503072,P003,922,0200,0
R0503072,P003,923,0200,13
R0503072,P003,924,0200,6
R0503072,P003,936,0200,13.3
R0503072,P004,911,0200,2.1
R0503072,P004,922,0200,0
R0503072,P004,923,0200,13
R0503072,P004,924,0200,7
R0503072,P004,936,0200,13.0
D3202577,P001,911,0200,2.3
D3202577,P001,922,0200,3
D3202577,P001,923,0200,97
D3202577,P001,924,0200,7
D3202577,P001,926,0200,15
D3202577,P001,936,0200,11.6
D3202577,P001,937,0200,8.4
D3202577,P002,911,0200,2.2
D3202577,P002,922,0200,0
D3202577,P002,923,0200,0
D3202577,P002,924,0200,0
D3202577,P002,926,0200,0
D3202577,P002,936,0200,0
D3202577,P002,937,0200,0
R0500400,P003,911,0200,0
R0500400,P003,922,0200,0
R0500400,P003,923,0200,0
R0500400,P003,936,0200,0
R0500400,P003,948,0200,0
R0500400,P003,959,0200,0
R9702160,P001,922,0200,0
R9702160,P001,923,0200,72
R9702160,P001,936,0200,7.5
R9702160,P001,948,0200,105020
R9702160,P001,959,0200,141
R0503072,P001,948,0200,0
R0503072,P001,959,0200,30
R0503072,P002,948,0200,0
R0503072,P002,959,0200,30
R0503072,P003,948,0200,1384886
R0503072,P003,959,0200,114
R0503072,P004,948,0200,1492963
R0503072,P004,959,0200,115
D3202577,P001,948,0200,63127
D3202577,P001,959,0200,133
D3202577,P002,948,0200,75724
D3202577,P002,959,0200,129
R0500400,P003,911,0206,0
R8400827,P001,911,0206,5.1
R8500582,P001,911,0206,2.8
R8500582,P106,911,0206,1.4
R0503072,P001,911,0206,0
R0503072,P002,911,0206,0
R0503072,P003,911,0206,1.8
R0503072,P004,911,0206,2.0
D3202577,P001,911,0206,2.3
D3202577,P002,911,0206,2.3
R9702160,P001,911,0206,12.5
R0500400,P003,911,0212,0
R8400827,P001,911,0212,2.5
R8500582,P001,911,0212,3.0
R8500582,P106,911,0212,1.4
R0503072,P001,911,0212,0
R0503072,P002,911,0212,0
R0503072,P003,911,0212,1.8
R0503072,P004,911,0212,2.0
D3202577,P001,911,0212,2.3
D3202577,P002,911,0212,2.3
R9702160,P001,911,0212,12.0
R0500400,P003,922,0215,0
R0500400,P003,923,0215,0
R0500400,P003,936,0215,0
R9702160,P001,922,0215,0
R9702160,P001,923,0215,71
R9702160,P001,936,0215,7.4
R0503072,P001,922,0215,0
R0503072,P001,923,0215,0
R0503072,P001,924,0215,0
R0503072,P001,936,0215,0
R0503072,P002,922,0215,0
R0503072,P002,923,0215,0
R0503072,P002,924,0215,0
R0503072,P002,936,0215,0
R0503072,P003,922,0215,0
R0503072,P003,923,0215,13
R0503072,P003,924,0215,7
R0503072,P003,936,0215,13.2
R0503072,P004,922,0215,0
R0503072,P004,923,0215,13
R0503072,P004,924,0215,7
R0503072,P004,936,0215,13.0
D3202577,P001,922,0215,3
D3202577,P001,923,0215,89
D3202577,P001,924,0215,7
D3202577,P001,926,0215,13
D3202577,P001,936,0215,11.3
D3202577,P001,937,0215,8.2
D3202577,P002,922,0215,0
D3202577,P002,923,0215,0
D3202577,P002,924,0215,0
D3202577,P002,926,0215,0
D3202577,P002,936,0215,0
D3202577,P002,937,0215,0
R0500400,P003,911,0218,0
R9702160,P001,911,0218,11.2
R8400827,P001,911,0218,3.0
R8500582,P001,911,0218,4.2
R8500582,P106,911,0218,1.4
R0503072,P001,911,0218,0
R0503072,P002,911,0218,0
R0503072,P003,911,0218,1.8
R0503072,P004,911,0218,2.0
D3202577,P001,911,0218,2.3
D3202577,P002,911,0218,2.3
R0500400,P003,911,0224,0
R9702160,P001,911,0224,11.5
R8400827,P001,911,0224,3.3
R8500582,P001,911,0224,5.9
R8500582,P106,911,0224,1.4
R0503072,P001,911,0224,0
R0503072,P002,911,0224,0
R0503072,P003,911,0224,1.7
R0503072,P004,911,0224,2.0
D3202577,P001,911,0224,2.3
D3202577,P002,911,0224,2.2
R0500400,P003,911,0230,0
R0500400,P003,922,0230,0
R0500400,P003,923,0230,0
R0500400,P003,936,0230,0
R9702160,P001,911,0230,9.8
R9702160,P001,922,0230,0
R9702160,P001,923,0230,67
R9702160,P001,936,0230,7.2
R8400827,P001,911,0230,4.0
R8500582,P001,911,0230,5.4
R8500582,P106,911,0230,1.4
R0503072,P001,911,0230,0
R0503072,P001,922,0230,0
R0503072,P001,923,0230,0
R0503072,P001,924,0230,0
R0503072,P001,936,0230,0
R0503072,P002,911,0230,0
R0503072,P002,922,0230,0
R0503072,P002,923,0230,0
R0503072,P002,924,0230,0
R0503072,P002,936,0230,0
R0503072,P003,911,0230,1.7
R0503072,P003,922,0230,0
R0503072,P003,923,0230,13
R0503072,P003,924,0230,7
R0503072,P003,936,0230,13.7
R0503072,P004,911,0230,2.0
R0503072,P004,922,0230,0
R0503072,P004,923,0230,12
R0503072,P004,924,0230,7
R0503072,P004,936,0230,13.7
D3202577,P001,911,0230,2.3
D3202577,P001,922,0230,2
D3202577,P001,923,0230,100
D3202577,P001,924,0230,5
D3202577,P001,926,0230,14
D3202577,P001,936,0230,12.1
D3202577,P001,937,0230,8.5
D3202577,P002,911,0230,2.3
D3202577,P002,922,0230,4
D3202577,P002,923,0230,83
D3202577,P002,924,0230,0
D3202577,P002,926,0230,26
D3202577,P002,936,0230,10.8
D3202577,P002,937,0230,8.5
R0500400,P003,911,0236,0
R9702160,P001,911,0236,10.8
R8400827,P001,911,0236,4.9
R8500582,P001,911,0236,4.3
R8500582,P106,911,0236,1.4
R0503072,P001,911,0236,0
R0503072,P002,911,0236,0
R0503072,P003,911,0236,1.7
R0503072,P004,911,0236,2.0
D3202577,P001,911,0236,2.3
D3202577,P002,911,0236,2.3
R0500400,P003,911,0242,0
R9702160,P001,911,0242,10.6
R8400827,P001,911,0242,4.3
R8500582,P001,911,0242,3.5
R8500582,P106,911,0242,1.4
R0503072,P001,911,0242,0
R0503072,P002,911,0242,0
R0503072,P003,911,0242,1.7
R0503072,P004,911,0242,2.0
D3202577,P001,911,0242,2.3
D3202577,P002,911,0242,2.3
R0500400,P003,922,0245,0
R0500400,P003,923,0245,0
R0500400,P003,936,0245,0
R9702160,P001,922,0245,0
R9702160,P001,923,0245,76
R9702160,P001,936,0245,7.6
R0503072,P001,922,0245,0
R0503072,P001,923,0245,0
R0503072,P001,924,0245,0
R0503072,P001,936,0245,0
R0503072,P002,922,0245,0
R0503072,P002,923,0245,0
R0503072,P002,924,0245,0
R0503072,P002,936,0245,0
R0503072,P003,922,0245,0
R0503072,P003,923,0245,13
R0503072,P003,924,0245,7
R0503072,P003,936,0245,13.8
R0503072,P004,922,0245,0
R0503072,P004,923,0245,13
R0503072,P004,924,0245,7
R0503072,P004,936,0245,13.7
D3202577,P001,922,0245,2
D3202577,P001,923,0245,96
D3202577,P001,924,0245,7
D3202577,P001,926,0245,14
D3202577,P001,936,0245,13.4
D3202577,P001,937,0245,8.4
D3202577,P002,922,0245,3
D3202577,P002,923,0245,96
D3202577,P002,924,0245,0
D3202577,P002,926,0245,12
D3202577,P002,936,0245,11.9
D3202577,P002,937,0245,8.6
R0500400,P003,911,0248,0
R9702160,P001,911,0248,11.1
R8400827,P001,911,0248,5.3
R8500582,P001,911,0248,3.5
R8500582,P106,911,0248,1.4
R0503072,P001,911,0248,0
R0503072,P002,911,0248,0
R0503072,P003,911,0248,1.7
R0503072,P004,911,0248,2.0
D3202577,P001,911,0248,2.4
D3202577,P002,911,0248,2.3
R0500400,P003,911,0254,0
R9702160,P001,911,0254,11.5
R8400827,P001,911,0254,3.5
R8500582,P001,911,0254,3.1
R8500582,P106,911,0254,1.4
R0503072,P001,911,0254,0
R0503072,P002,911,0254,0
R0503072,P003,911,0254,1.7
R0503072,P004,911,0254,2.1
D3202577,P001,911,0254,2.4
D3202577,P002,911,0254,2.3
R9702160,P001,911,0300,9.3
R8400827,P001,911,0300,3.6
R8500582,P001,911,0300,2.7
R8500582,P106,911,0300,1.4
R0503072,P001,911,0300,0
R0503072,P001,922,0300,0
R0503072,P001,923,0300,0
R0503072,P001,924,0300,0
R0503072,P001,936,0300,0
R0503072,P002,911,0300,0
R0503072,P002,922,0300,0
R0503072,P002,923,0300,0
R0503072,P002,924,0300,0
R0503072,P002,936,0300,0
R0503072,P003,911,0300,1.7
R0503072,P003,922,0300,0
R0503072,P003,923,0300,13
R0503072,P003,924,0300,7
R0503072,P003,936,0300,13.8
R0503072,P004,911,0300,2.2
R0503072,P004,922,0300,0
R0503072,P004,923,0300,13
R0503072,P004,924,0300,7
R0503072,P004,936,0300,13.7
D3202577,P001,911,0300,2.4
D3202577,P001,922,0300,3
D3202577,P001,923,0300,88
D3202577,P001,924,0300,7
D3202577,P001,926,0300,12
D3202577,P001,936,0300,11.5
D3202577,P001,937,0300,8.0
D3202577,P002,911,0300,2.3
D3202577,P002,922,0300,2
D3202577,P002,923,0300,84
D3202577,P002,924,0300,2
D3202577,P002,926,0300,10
D3202577,P002,936,0300,12.2
D3202577,P002,937,0300,8.1
R0500400,P003,911,0300,0
R0500400,P003,922,0300,0
R0500400,P003,923,0300,0
R0500400,P003,936,0300,0
R0500400,P003,948,0300,0
R0500400,P003,959,0300,0
R9702160,P001,922,0300,0
R9702160,P001,923,0300,74
R9702160,P001,936,0300,7.5
R9702160,P001,948,0300,107146
R9702160,P001,959,0300,141
R0503072,P001,948,0300,0
R0503072,P001,959,0300,31
R0503072,P002,948,0300,0
R0503072,P002,959,0300,28
R0503072,P003,948,0300,1398900
R0503072,P003,959,0300,115
R0503072,P004,948,0300,1483700
R0503072,P004,959,0300,116
D3202577,P001,948,0300,68665
D3202577,P001,959,0300,133
D3202577,P002,948,0300,72322
D3202577,P002,959,0300,128
R0500400,P003,911,0306,0
R8400827,P001,911,0306,3.6
R8500582,P001,911,0306,2.5
R8500582,P106,911,0306,1.4
R0503072,P001,911,0306,0
R0503072,P002,911,0306,0
R0503072,P003,911,0306,1.7
R0503072,P004,911,0306,2.1
D3202577,P001,911,0306,2.3
D3202577,P002,911,0306,2.3
R9702160,P001,911,0306,10.8
R0500400,P003,911,0312,0
R8400827,P001,911,0312,3.4
R8500582,P001,911,0312,2.5
R8500582,P106,911,0312,1.4
R0503072,P001,911,0312,0
R0503072,P002,911,0312,0
R0503072,P003,911,0312,1.8
R0503072,P004,911,0312,2.1
D3202577,P001,911,0312,2.3
D3202577,P002,911,0312,2.4
R9702160,P001,911,0312,11.4
R0500400,P003,922,0315,0
R0500400,P003,923,0315,0
R0500400,P003,936,0315,0
R9702160,P001,922,0315,0
R9702160,P001,923,0315,72
R9702160,P001,936,0315,7.4
R0503072,P001,922,0315,0
R0503072,P001,923,0315,0
R0503072,P001,924,0315,0
R0503072,P001,936,0315,0
R0503072,P002,922,0315,0
R0503072,P002,923,0315,0
R0503072,P002,924,0315,0
R0503072,P002,936,0315,0
R0503072,P003,922,0315,0
R0503072,P003,923,0315,13
R0503072,P003,924,0315,6
R0503072,P003,936,0315,13.5
R0503072,P004,922,0315,0
R0503072,P004,923,0315,13
R0503072,P004,924,0315,7
R0503072,P004,936,0315,13.4
D3202577,P001,922,0315,3
D3202577,P001,923,0315,92
D3202577,P001,924,0315,12
D3202577,P001,926,0315,15
D3202577,P001,936,0315,12.0
D3202577,P001,937,0315,8.5
D3202577,P002,922,0315,4
D3202577,P002,923,0315,101
D3202577,P002,924,0315,0
D3202577,P002,926,0315,15
D3202577,P002,936,0315,12.2
D3202577,P002,937,0315,8.8
R0500400,P003,911,0318,0
R9702160,P001,911,0318,10.9
R8400827,P001,911,0318,3.6
R8500582,P001,911,0318,2.6
R8500582,P106,911,0318,1.4
R0503072,P001,911,0318,0
R0503072,P002,911,0318,0
R0503072,P003,911,0318,1.6
R0503072,P004,911,0318,2.1
D3202577,P001,911,0318,2.4
D3202577,P002,911,0318,2.3
R0500400,P003,911,0324,0
R9702160,P001,911,0324,10.4
R8400827,P001,911,0324,2.5
R8500582,P001,911,0324,3.2
R8500582,P106,911,0324,1.4
R0503072,P001,911,0324,0
R0503072,P002,911,0324,0
R0503072,P003,911,0324,1.5
R0503072,P004,911,0324,2.2
D3202577,P001,911,0324,2.3
D3202577,P002,911,0324,2.2
R0500400,P003,911,0330,0
R0500400,P003,922,0330,0
R0500400,P003,923,0330,0
R0500400,P003,936,0330,0
R9702160,P001,911,0330,10.1
R9702160,P001,922,0330,0
R9702160,P001,923,0330,72
R9702160,P001,936,0330,7.3
R8400827,P001,911,0330,3.1
R8500582,P001,911,0330,4.8
R8500582,P106,911,0330,1.4
R0503072,P001,911,0330,0
R0503072,P001,922,0330,0
R0503072,P001,923,0330,0
R0503072,P001,924,0330,0
R0503072,P001,936,0330,0
R0503072,P002,911,0330,0
R0503072,P002,922,0330,0
R0503072,P002,923,0330,0
R0503072,P002,924,0330,0
R0503072,P002,936,0330,0
R0503072,P003,911,0330,1.5
R0503072,P003,922,0330,0
R0503072,P003,923,0330,14
R0503072,P003,924,0330,6
R0503072,P003,936,0330,13.3
R0503072,P004,911,0330,2.3
R0503072,P004,922,0330,0
R0503072,P004,923,0330,14
R0503072,P004,924,0330,6
R0503072,P004,936,0330,13.1
D3202577,P001,911,0330,2.3
D3202577,P001,922,0330,3
D3202577,P001,923,0330,89
D3202577,P001,924,0330,9
D3202577,P001,926,0330,14
D3202577,P001,936,0330,11.7
D3202577,P001,937,0330,8.2
D3202577,P002,911,0330,2.3
D3202577,P002,922,0330,3
D3202577,P002,923,0330,85
D3202577,P002,924,0330,2
D3202577,P002,926,0330,11
D3202577,P002,936,0330,11.4
D3202577,P002,937,0330,7.9
R0500400,P003,911,0336,0
R9702160,P001,911,0336,10.2
R8400827,P001,911,0336,2.4
R8500582,P001,911,0336,5.6
R8500582,P106,911,0336,1.4
R0503072,P001,911,0336,0
R0503072,P002,911,0336,0
R0503072,P003,911,0336,1.6
R0503072,P004,911,0336,2.3
D3202577,P001,911,0336,2.3
D3202577,P002,911,0336,2.3
R0500400,P003,911,0342,0
R9702160,P001,911,0342,10.7
R8400827,P001,911,0342,2.4
R8500582,P001,911,0342,4.5
R8500582,P106,911,0342,1.4
R0503072,P001,911,0342,0
R0503072,P002,911,0342,0
R0503072,P003,911,0342,1.7
R0503072,P004,911,0342,2.3
D3202577,P001,911,0342,2.3
D3202577,P002,911,0342,2.3
R0500400,P003,922,0345,0
R0500400,P003,923,0345,0
R0500400,P003,936,0345,0
R9702160,P001,922,0345,0
R9702160,P001,923,0345,71
R9702160,P001,936,0345,7.3
R0503072,P001,922,0345,0
R0503072,P001,923,0345,0
R0503072,P001,924,0345,0
R0503072,P001,936,0345,0
R0503072,P002,922,0345,0
R0503072,P002,923,0345,0
R0503072,P002,924,0345,0
R0503072,P002,936,0345,0
R0503072,P003,922,0345,0
R0503072,P003,923,0345,14
R0503072,P003,924,0345,6
R0503072,P003,936,0345,13.3
R0503072,P004,922,0345,0
R0503072,P004,923,0345,14
R0503072,P004,924,0345,6
R0503072,P004,936,0345,13.0
D3202577,P001,922,0345,3
D3202577,P001,923,0345,96
D3202577,P001,924,0345,9
D3202577,P001,926,0345,15
D3202577,P001,936,0345,12.7
D3202577,P001,937,0345,9.1
D3202577,P002,922,0345,2
D3202577,P002,923,0345,102
D3202577,P002,924,0345,2
D3202577,P002,926,0345,12
D3202577,P002,936,0345,12.4
D3202577,P002,937,0345,8.4
R0500400,P003,911,0348,0
R9702160,P001,911,0348,9.7
R8500582,P001,911,0348,3.0
R8500582,P106,911,0348,1.4
R0503072,P001,911,0348,0
R0503072,P002,911,0348,0
R0503072,P003,911,0348,1.6
R0503072,P004,911,0348,2.3
D3202577,P001,911,0348,2.3
D3202577,P002,911,0348,2.3
R0500400,P003,911,0354,0
R9702160,P001,911,0354,8.8
R8500582,P001,911,0354,2.7
R8500582,P106,911,0354,1.4
R0503072,P001,911,0354,0
R0503072,P002,911,0354,0
R0503072,P003,911,0354,1.5
R0503072,P004,911,0354,2.3
D3202577,P001,911,0354,2.3
D3202577,P002,911,0354,2.2
R9702160,P001,911,0400,9.0
R8500582,P001,911,0400,3.7
R8500582,P106,911,0400,1.4
R0503072,P001,911,0400,0
R0503072,P001,922,0400,0
R0503072,P001,923,0400,0
R0503072,P001,924,0400,0
R0503072,P001,936,0400,0
R0503072,P002,911,0400,0
R0503072,P002,922,0400,0
R0503072,P002,923,0400,0
R0503072,P002,924,0400,0
R0503072,P002,936,0400,0
R0503072,P003,911,0400,1.5
R0503072,P003,922,0400,0
R0503072,P003,923,0400,13
R0503072,P003,924,0400,6
R0503072,P003,936,0400,13.3
R0503072,P004,911,0400,2.3
R0503072,P004,922,0400,0
R0503072,P004,923,0400,13
R0503072,P004,924,0400,6
R0503072,P004,936,0400,13.0
D3202577,P001,911,0400,2.2
D3202577,P001,922,0400,2
D3202577,P001,923,0400,85
D3202577,P001,924,0400,15
D3202577,P001,926,0400,13
D3202577,P001,936,0400,11.0
D3202577,P001,937,0400,8.1
D3202577,P002,911,0400,2.3
D3202577,P002,922,0400,1
D3202577,P002,923,0400,84
D3202577,P002,924,0400,0
D3202577,P002,926,0400,7
D3202577,P002,936,0400,10.9
D3202577,P002,937,0400,5.9
R0500400,P003,911,0400,0
R0500400,P003,922,0400,0
R0500400,P003,923,0400,0
R0500400,P003,936,0400,0
R0500400,P003,948,0400,0
R0500400,P003,959,0400,0
R9702160,P001,922,0400,0
R9702160,P001,923,0400,60
R9702160,P001,936,0400,7.0
R9702160,P001,948,0400,108878
R9702160,P001,959,0400,142
R0503072,P001,948,0400,0
R0503072,P001,959,0400,26
R0503072,P002,948,0400,0
R0503072,P002,959,0400,25
R0503072,P003,948,0400,1446695
R0503072,P003,959,0400,115
R0503072,P004,948,0400,1564886
R0503072,P004,959,0400,116
D3202577,P001,948,0400,69819
D3202577,P001,959,0400,133
D3202577,P002,948,0400,77752
D3202577,P002,959,0400,129
R0500400,P003,911,0406,0
R8500582,P001,911,0406,3.9
R8500582,P106,911,0406,1.4
R0503072,P001,911,0406,0
R0503072,P002,911,0406,0
R0503072,P003,911,0406,1.5
R0503072,P004,911,0406,2.3
D3202577,P001,911,0406,2.2
D3202577,P002,911,0406,2.2
R9702160,P001,911,0406,9.4
R0500400,P003,911,0412,0
R8500582,P001,911,0412,3.3
R8500582,P106,911,0412,1.4
R0503072,P001,911,0412,0
R0503072,P002,911,0412,0
R0503072,P003,911,0412,1.4
R0503072,P004,911,0412,2.2
D3202577,P001,911,0412,2.2
D3202577,P002,911,0412,2.2
R9702160,P001,911,0412,10.8
R0500400,P003,922,0415,0
R0500400,P003,923,0415,0
R0500400,P003,936,0415,0
R9702160,P001,922,0415,0
R9702160,P001,923,0415,58
R9702160,P001,936,0415,6.9
R0503072,P001,922,0415,0
R0503072,P001,923,0415,0
R0503072,P001,924,0415,0
R0503072,P001,936,0415,0
R0503072,P002,922,0415,0
R0503072,P002,923,0415,0
R0503072,P002,924,0415,0
R0503072,P002,936,0415,0
R0503072,P003,922,0415,0
R0503072,P003,923,0415,13
R0503072,P003,924,0415,6
R0503072,P003,936,0415,13.3
R0503072,P004,922,0415,0
R0503072,P004,923,0415,13
R0503072,P004,924,0415,7
R0503072,P004,936,0415,13.0
D3202577,P001,922,0415,4
D3202577,P001,923,0415,94
D3202577,P001,924,0415,10
D3202577,P001,926,0415,14
D3202577,P001,936,0415,11.5
D3202577,P001,937,0415,8.6
D3202577,P002,922,0415,2
D3202577,P002,923,0415,94
D3202577,P002,924,0415,0
D3202577,P002,926,0415,15
D3202577,P002,936,0415,12.7
D3202577,P002,937,0415,8.4
R0500400,P003,911,0418,0
R9702160,P001,911,0418,10.6
R8500582,P001,911,0418,2.8
R8500582,P106,911,0418,1.4
R0503072,P001,911,0418,0
R0503072,P002,911,0418,0
R0503072,P003,911,0418,1.4
R0503072,P004,911,0418,2.3
D3202577,P001,911,0418,2.2
D3202577,P002,911,0418,2.2
R0500400,P003,911,0424,0
R9702160,P001,911,0424,9.8
R8500582,P001,911,0424,2.8
R8500582,P106,911,0424,1.4
R0503072,P001,911,0424,0
R0503072,P002,911,0424,0
R0503072,P003,911,0424,1.4
R0503072,P004,911,0424,2.3
D3202577,P001,911,0424,2.2
D3202577,P002,911,0424,2.2
R0500400,P003,911,0430,0
R0500400,P003,922,0430,0
R0500400,P003,923,0430,0
R0500400,P003,936,0430,0
R9702160,P001,911,0430,11.5
R9702160,P001,922,0430,0
R9702160,P001,923,0430,61
R9702160,P001,936,0430,7.2
R8500582,P001,911,0430,2.9
R8500582,P106,911,0430,1.4
R0503072,P001,911,0430,0
R0503072,P001,922,0430,0
R0503072,P001,923,0430,0
R0503072,P001,924,0430,0
R0503072,P001,936,0430,0
R0503072,P002,911,0430,0
R0503072,P002,922,0430,0
R0503072,P002,923,0430,0
R0503072,P002,924,0430,0
R0503072,P002,936,0430,0
R0503072,P003,911,0430,1.3
R0503072,P003,922,0430,0
R0503072,P003,923,0430,13
R0503072,P003,924,0430,6
R0503072,P003,936,0430,13.2
R0503072,P004,911,0430,2.3
R0503072,P004,922,0430,0
R0503072,P004,923,0430,13
R0503072,P004,924,0430,7
R0503072,P004,936,0430,13.0
D3202577,P001,911,0430,2.2
D3202577,P001,922,0430,3
D3202577,P001,923,0430,95
D3202577,P001,924,0430,11
D3202577,P001,926,0430,14
D3202577,P001,936,0430,12.2
D3202577,P001,937,0430,8.4
D3202577,P002,911,0430,2.2
D3202577,P002,922,0430,2
D3202577,P002,923,0430,89
D3202577,P002,924,0430,0
D3202577,P002,926,0430,10
D3202577,P002,936,0430,11.8
D3202577,P002,937,0430,7.9
R0500400,P003,911,0436,0
R9702160,P001,911,0436,10.9
R8500582,P001,911,0436,2.9
R8500582,P106,911,0436,1.4
R0503072,P001,911,0436,0
R0503072,P002,911,0436,0
R0503072,P003,911,0436,1.4
R0503072,P004,911,0436,2.4
D3202577,P001,911,0436,2.3
D3202577,P002,911,0436,2.2
R0500400,P003,911,0442,0
R9702160,P001,911,0442,10.2
R8500582,P001,911,0442,3.4
R8500582,P106,911,0442,1.4
R0503072,P001,911,0442,0
R0503072,P002,911,0442,0
R0503072,P003,911,0442,1.4
R0503072,P004,911,0442,2.4
D3202577,P001,911,0442,2.2
D3202577,P002,911,0442,2.2
R0500400,P003,922,0445,0
R0500400,P003,923,0445,0
R0500400,P003,936,0445,0
R9702160,P001,922,0445,0
R9702160,P001,923,0445,65
R9702160,P001,936,0445,7.4
R0503072,P001,922,0445,0
R0503072,P001,923,0445,0
R0503072,P001,924,0445,0
R0503072,P001,936,0445,0
R0503072,P002,922,0445,0
R0503072,P002,923,0445,0
R0503072,P002,924,0445,0
R0503072,P002,936,0445,0
R0503072,P003,922,0445,0
R0503072,P003,923,0445,13
R0503072,P003,924,0445,6
R0503072,P003,936,0445,13.2
R0503072,P004,922,0445,0
R0503072,P004,923,0445,13
R0503072,P004,924,0445,6
R0503072,P004,936,0445,13.0
D3202577,P001,922,0445,4
D3202577,P001,923,0445,90
D3202577,P001,924,0445,2
D3202577,P001,926,0445,15
D3202577,P001,936,0445,12.6
D3202577,P001,937,0445,8.8
D3202577,P002,922,0445,0
D3202577,P002,923,0445,0
D3202577,P002,924,0445,0
D3202577,P002,926,0445,0
D3202577,P002,936,0445,0
D3202577,P002,937,0445,0
R0500400,P003,911,0448,0
R9702160,P001,911,0448,10.2
R8500582,P001,911,0448,4.8
R8500582,P106,911,0448,1.4
R0503072,P001,911,0448,0
R0503072,P002,911,0448,0
R0503072,P003,911,0448,1.5
R0503072,P004,911,0448,2.4
D3202577,P001,911,0448,2.2
D3202577,P002,911,0448,2.2
R0500400,P003,911,0454,0
R9702160,P001,911,0454,9.9
R8500582,P001,911,0454,5.5
R8500582,P106,911,0454,1.4
R0503072,P001,911,0454,0
R0503072,P002,911,0454,0
R0503072,P003,911,0454,1.5
R0503072,P004,911,0454,2.4
D3202577,P001,911,0454,2.2
D3202577,P002,911,0454,2.2
R9702160,P001,911,0500,10.5
R8500582,P001,911,0500,5.1
R8500582,P106,911,0500,1.4
R0503072,P001,911,0500,0
R0503072,P001,922,0500,0
R0503072,P001,923,0500,0
R0503072,P001,924,0500,0
R0503072,P001,936,0500,0
R0503072,P002,911,0500,0
R0503072,P002,922,0500,0
R0503072,P002,923,0500,0
R0503072,P002,924,0500,0
R0503072,P002,936,0500,0
R0503072,P003,911,0500,1.5
R0503072,P003,922,0500,0
R0503072,P003,923,0500,13
R0503072,P003,924,0500,6
R0503072,P003,936,0500,13.2
R0503072,P004,911,0500,2.4
R0503072,P004,922,0500,0
R0503072,P004,923,0500,13
R0503072,P004,924,0500,7
R0503072,P004,936,0500,13.0
D3202577,P001,911,0500,2.2
D3202577,P001,922,0500,0
D3202577,P001,923,0500,0
D3202577,P001,924,0500,0
D3202577,P001,926,0500,0
D3202577,P001,936,0500,0
D3202577,P001,937,0500,0
D3202577,P002,911,0500,2.2
D3202577,P002,922,0500,2
D3202577,P002,923,0500,91
D3202577,P002,924,0500,1
D3202577,P002,926,0500,8
D3202577,P002,936,0500,10.9
D3202577,P002,937,0500,7.9
R0500400,P003,911,0500,0
R0500400,P003,922,0500,0
R0500400,P003,923,0500,0
R0500400,P003,936,0500,0
R0500400,P003,948,0500,0
R0500400,P003,959,0500,0
R9702160,P001,922,0500,0
R9702160,P001,923,0500,64
R9702160,P001,936,0500,7.2
R9702160,P001,948,0500,106917
R9702160,P001,959,0500,141
R0503072,P001,948,0500,0
R0503072,P001,959,0500,26
R0503072,P002,948,0500,0
R0503072,P002,959,0500,25
R0503072,P003,948,0500,1300634
R0503072,P003,959,0500,114
R0503072,P004,948,0500,1414367
R0503072,P004,959,0500,115
D3202577,P001,948,0500,70450
D3202577,P001,959,0500,132
D3202577,P002,948,0500,73672
D3202577,P002,959,0500,129
R0500400,P003,911,0506,0
R8500582,P001,911,0506,4.2
R8500582,P106,911,0506,1.4
R0503072,P001,911,0506,0
R0503072,P002,911,0506,0
R0503072,P003,911,0506,1.5
R0503072,P004,911,0506,2.3
D3202577,P001,911,0506,2.2
D3202577,P002,911,0506,2.2
R9702160,P001,911,0506,9.9
R0500400,P003,911,0512,0
R8500582,P001,911,0512,3.7
R8500582,P106,911,0512,1.4
R0503072,P001,911,0512,0
R0503072,P002,911,0512,0
R0503072,P003,911,0512,1.4
R0503072,P004,911,0512,2.4
D3202577,P001,911,0512,2.3
D3202577,P002,911,0512,2.2
R9702160,P001,911,0512,9.9
R0500400,P003,922,0515,0
R0500400,P003,923,0515,0
R0500400,P003,936,0515,0
R9702160,P001,922,0515,0
R9702160,P001,923,0515,61
R9702160,P001,936,0515,7.1
R0503072,P001,922,0515,0
R0503072,P001,923,0515,0
R0503072,P001,924,0515,0
R0503072,P001,936,0515,0
R0503072,P002,922,0515,0
R0503072,P002,923,0515,0
R0503072,P002,924,0515,0
R0503072,P002,936,0515,0
R0503072,P003,922,0515,0
R0503072,P003,923,0515,13
R0503072,P003,924,0515,6
R0503072,P003,936,0515,13.6
R0503072,P004,922,0515,0
R0503072,P004,923,0515,13
R0503072,P004,924,0515,6
R0503072,P004,936,0515,13.4
D3202577,P001,922,0515,3
D3202577,P001,923,0515,100
D3202577,P001,924,0515,10
D3202577,P001,926,0515,15
D3202577,P001,936,0515,12.1
D3202577,P001,937,0515,8.9
D3202577,P002,922,0515,3
D3202577,P002,923,0515,102
D3202577,P002,924,0515,1
D3202577,P002,926,0515,13
D3202577,P002,936,0515,12.1
D3202577,P002,937,0515,8.6
R0500400,P003,911,0518,0
R9702160,P001,911,0518,9.7
R8500582,P001,911,0518,3.2
R8500582,P106,911,0518,1.4
R0503072,P001,911,0518,0
R0503072,P002,911,0518,0
R0503072,P003,911,0518,1.4
R0503072,P004,911,0518,2.4
D3202577,P001,911,0518,2.3
D3202577,P002,911,0518,2.2
R0500400,P003,911,0524,0
R9702160,P001,911,0524,10.0
R8500582,P001,911,0524,2.7
R8500582,P106,911,0524,1.4
R0503072,P001,911,0524,0
R0503072,P002,911,0524,0
R0503072,P003,911,0524,1.3
R0503072,P004,911,0524,2.3
D3202577,P001,911,0524,2.2
D3202577,P002,911,0524,2.3
R0500400,P003,911,0530,0
R0500400,P003,922,0530,0
R0500400,P003,923,0530,0
R0500400,P003,936,0530,0
R9702160,P001,911,0530,10.4
R9702160,P001,922,0530,0
R9702160,P001,923,0530,68
R9702160,P001,936,0530,7.5
R8500582,P001,911,0530,2.8
R8500582,P106,911,0530,1.4
R0503072,P001,911,0530,0
R0503072,P001,922,0530,0
R0503072,P001,923,0530,0
R0503072,P001,924,0530,0
R0503072,P001,936,0530,0
R0503072,P002,911,0530,0
R0503072,P002,922,0530,0
R0503072,P002,923,0530,0
R0503072,P002,924,0530,0
R0503072,P002,936,0530,0
R0503072,P003,911,0530,1.5
R0503072,P003,922,0530,0
R0503072,P003,923,0530,13
R0503072,P003,924,0530,7
R0503072,P003,936,0530,13.7
R0503072,P004,911,0530,2.3
R0503072,P004,922,0530,0
R0503072,P004,923,0530,13
R0503072,P004,924,0530,7
R0503072,P004,936,0530,13.7
D3202577,P001,911,0530,2.2
D3202577,P001,922,0530,2
D3202577,P001,923,0530,90
D3202577,P001,924,0530,7
D3202577,P001,926,0530,13
D3202577,P001,936,0530,11.5
D3202577,P001,937,0530,8.1
D3202577,P002,911,0530,2.2
D3202577,P002,922,0530,3
D3202577,P002,923,0530,92
D3202577,P002,924,0530,0
D3202577,P002,926,0530,13
D3202577,P002,936,0530,11.7
D3202577,P002,937,0530,7.8
R0500400,P003,911,0536,0
R9702160,P001,911,0536,10.3
R8500582,P001,911,0536,2.9
R8500582,P106,911,0536,1.4
R0503072,P001,911,0536,0
R0503072,P002,911,0536,0
R0503072,P003,911,0536,1.4
R0503072,P004,911,0536,2.4
D3202577,P001,911,0536,2.2
D3202577,P002,911,0536,2.2
R0500400,P003,911,0542,0
R9702160,P001,911,0542,10.0
R8500582,P001,911,0542,2.8
R8500582,P106,911,0542,1.4
R0503072,P001,911,0542,0
R0503072,P002,911,0542,0
R0503072,P003,911,0542,1.4
R0503072,P004,911,0542,2.4
D3202577,P001,911,0542,2.2
D3202577,P002,911,0542,2.2
R0500400,P003,922,0545,0
R0500400,P003,923,0545,0
R0500400,P003,936,0545,0
R9702160,P001,922,0545,0
R9702160,P001,923,0545,62
R9702160,P001,936,0545,7.0
R0503072,P001,922,0545,0
R0503072,P001,923,0545,0
R0503072,P001,924,0545,0
R0503072,P001,936,0545,0
R0503072,P002,922,0545,0
R0503072,P002,923,0545,0
R0503072,P002,924,0545,0
R0503072,P002,936,0545,0
R0503072,P003,922,0545,0
R0503072,P003,923,0545,13
R0503072,P003,924,0545,7
R0503072,P003,936,0545,13.8
R0503072,P004,922,0545,0
R0503072,P004,923,0545,13
R0503072,P004,924,0545,7
R0503072,P004,936,0545,13.7
D3202577,P001,922,0545,4
D3202577,P001,923,0545,97
D3202577,P001,924,0545,10
D3202577,P001,926,0545,12
D3202577,P001,936,0545,11.9
D3202577,P001,937,0545,9.2
D3202577,P002,922,0545,0
D3202577,P002,923,0545,0
D3202577,P002,924,0545,0
D3202577,P002,926,0545,0
D3202577,P002,936,0545,0
D3202577,P002,937,0545,0
R0500400,P003,911,0548,0
R9702160,P001,911,0548,10.2
R8500582,P001,911,0548,3.1
R8500582,P106,911,0548,1.4
R0503072,P001,911,0548,0
R0503072,P002,911,0548,0
R0503072,P003,911,0548,1.5
R0503072,P004,911,0548,2.4
D3202577,P001,911,0548,2.2
D3202577,P002,911,0548,2.2
R0500400,P003,911,0554,0
R9702160,P001,911,0554,9.9
R8500582,P001,911,0554,2.9
R8500582,P106,911,0554,1.4
R0503072,P001,911,0554,0
R0503072,P002,911,0554,0
R0503072,P003,911,0554,1.4
R0503072,P004,911,0554,2.4
D3202577,P001,911,0554,2.2
D3202577,P002,911,0554,2.2
R9702160,P001,911,0600,9.6
R8500582,P001,911,0600,2.8
R8500582,P106,911,0600,1.4
R0503072,P001,911,0600,0
R0503072,P001,922,0600,0
R0503072,P001,923,0600,0
R0503072,P001,924,0600,0
R0503072,P001,936,0600,0
R0503072,P002,911,0600,0
R0503072,P002,922,0600,0
R0503072,P002,923,0600,0
R0503072,P002,924,0600,0
R0503072,P002,936,0600,0
R0503072,P003,911,0600,1.4
R0503072,P003,922,0600,0
R0503072,P003,923,0600,13
R0503072,P003,924,0600,7
R0503072,P003,936,0600,13.7
R0503072,P004,911,0600,2.4
R0503072,P004,922,0600,0
R0503072,P004,923,0600,13
R0503072,P004,924,0600,7
R0503072,P004,936,0600,13.7
D3202577,P001,911,0600,2.3
D3202577,P001,922,0600,3
D3202577,P001,923,0600,85
D3202577,P001,924,0600,16
D3202577,P001,926,0600,23
D3202577,P001,936,0600,12.4
D3202577,P001,937,0600,8.6
D3202577,P002,911,0600,2.2
D3202577,P002,922,0600,6
D3202577,P002,923,0600,79
D3202577,P002,924,0600,0
D3202577,P002,926,0600,14
D3202577,P002,936,0600,10.9
D3202577,P002,937,0600,8.1
R0500400,P003,911,0600,0
R0500400,P003,922,0600,0
R0500400,P003,923,0600,0
R0500400,P003,936,0600,0
R0500400,P003,948,0600,0
R0500400,P003,959,0600,0
R9702160,P001,922,0600,0
R9702160,P001,923,0600,69
R9702160,P001,936,0600,7.5
R9702160,P001,948,0600,105204
R9702160,P001,959,0600,140
R0503072,P001,948,0600,0
R0503072,P001,959,0600,30
R0503072,P002,948,0600,0
R0503072,P002,959,0600,28
R0503072,P003,948,0600,1253788
R0503072,P003,959,0600,113
R0503072,P004,948,0600,1374980
R0503072,P004,959,0600,115
D3202577,P001,948,0600,70459
D3202577,P001,959,0600,132
D3202577,P002,948,0600,75755
D3202577,P002,959,0600,130
R8500582,P001,911,0606,3.3
R8500582,P106,911,0606,1.4
R0503072,P001,911,0606,0
R0503072,P002,911,0606,0
R0503072,P003,911,0606,1.7
R0503072,P004,911,0606,2.5
D3202577,P001,911,0606,2.2
D3202577,P002,911,0606,2.2
R0500400,P003,911,0606,0
R9702160,P001,911,0606,9.8
R8500582,P001,911,0612,3.9
R8500582,P106,911,0612,1.4
R0503072,P001,911,0612,0
R0503072,P002,911,0612,0
R0503072,P003,911,0612,1.6
R0503072,P004,911,0612,2.5
D3202577,P001,911,0612,2.3
D3202577,P002,911,0612,2.2
R0500400,P003,911,0612,0
R9702160,P001,911,0612,9.9
R0500400,P003,922,0615,0
R0500400,P003,923,0615,0
R0500400,P003,936,0615,0
R9702160,P001,922,0615,0
R9702160,P001,923,0615,67
R9702160,P001,936,0615,7.4
R0503072,P001,922,0615,0
R0503072,P001,923,0615,0
R0503072,P001,924,0615,0
R0503072,P001,936,0615,0
R0503072,P002,922,0615,0
R0503072,P002,923,0615,0
R0503072,P002,924,0615,0
R0503072,P002,936,0615,0
R0503072,P003,922,0615,0
R0503072,P003,923,0615,13
R0503072,P003,924,0615,7
R0503072,P003,936,0615,13.8
R0503072,P004,922,0615,0
R0503072,P004,923,0615,13
R0503072,P004,924,0615,7
R0503072,P004,936,0615,13.7
D3202577,P001,922,0615,2
D3202577,P001,923,0615,79
D3202577,P001,924,0615,4
D3202577,P001,926,0615,9
D3202577,P001,936,0615,10.9
D3202577,P001,937,0615,8.3
D3202577,P002,922,0615,2
D3202577,P002,923,0615,89
D3202577,P002,924,0615,0
D3202577,P002,926,0615,12
D3202577,P002,936,0615,11.6
D3202577,P002,937,0615,8.1
R0500400,P003,911,0618,0
R9702160,P001,911,0618,10.3
R8500582,P001,911,0618,4.7
R8500582,P106,911,0618,1.4
R0503072,P001,911,0618,0
R0503072,P002,911,0618,0
R0503072,P003,911,0618,1.5
R0503072,P004,911,0618,2.4
D3202577,P001,911,0618,2.2
D3202577,P002,911,0618,2.2
R0500400,P003,911,0624,0
R9702160,P001,911,0624,10.3
R8500582,P001,911,0624,5.5
R8500582,P106,911,0624,1.4
R0503072,P001,911,0624,0
R0503072,P002,911,0624,0
R0503072,P003,911,0624,1.3
R0503072,P004,911,0624,2.4
D3202577,P001,911,0624,2.2
D3202577,P002,911,0624,2.2
R0500400,P003,911,0630,0
R0500400,P003,922,0630,0
R0500400,P003,923,0630,0
R0500400,P003,936,0630,0
R9702160,P001,911,0630,10.4
R9702160,P001,922,0630,0
R9702160,P001,923,0630,80
R9702160,P001,936,0630,8.1
R8500582,P001,911,0630,5.6
R8500582,P106,911,0630,1.4
R0503072,P001,911,0630,0
R0503072,P001,922,0630,0
R0503072,P001,923,0630,0
R0503072,P001,924,0630,0
R0503072,P001,936,0630,0
R0503072,P002,911,0630,0
R0503072,P002,922,0630,0
R0503072,P002,923,0630,0
R0503072,P002,924,0630,0
R0503072,P002,936,0630,0
R0503072,P003,911,0630,1.6
R0503072,P003,922,0630,0
R0503072,P003,923,0630,13
R0503072,P003,924,0630,7
R0503072,P003,936,0630,13.7
R0503072,P004,911,0630,2.4
R0503072,P004,922,0630,0
R0503072,P004,923,0630,13
R0503072,P004,924,0630,8
R0503072,P004,936,0630,13.7
D3202577,P001,911,0630,2.2
D3202577,P001,922,0630,3
D3202577,P001,923,0630,97
D3202577,P001,924,0630,5
D3202577,P001,926,0630,16
D3202577,P001,936,0630,12.3
D3202577,P001,937,0630,9.0
D3202577,P002,911,0630,2.2
D3202577,P002,922,0630,3
D3202577,P002,923,0630,82
D3202577,P002,924,0630,0
D3202577,P002,926,0630,12
D3202577,P002,936,0630,11.3
D3202577,P002,937,0630,8.3
R0500400,P003,911,0636,0
R9702160,P001,911,0636,10.4
R8500582,P001,911,0636,4.3
R8500582,P106,911,0636,1.4
R0503072,P001,911,0636,0
R0503072,P002,911,0636,0
R0503072,P003,911,0636,1.7
R0503072,P004,911,0636,2.5
D3202577,P001,911,0636,2.3
D3202577,P002,911,0636,2.2
R0500400,P003,911,0642,0
R9702160,P001,911,0642,10.5
R8500582,P001,911,0642,3.6
R8500582,P106,911,0642,1.4
R0503072,P001,911,0642,0
R0503072,P002,911,0642,0
R0503072,P003,911,0642,1.7
R0503072,P004,911,0642,2.5
D3202577,P001,911,0642,2.3
D3202577,P002,911,0642,2.2
R0500400,P003,922,0645,0
R0500400,P003,923,0645,0
R0500400,P003,936,0645,0
R9702160,P001,922,0645,0
R9702160,P001,923,0645,73
R9702160,P001,936,0645,7.7
R0503072,P001,922,0645,0
R0503072,P001,923,0645,0
R0503072,P001,924,0645,0
R0503072,P001,936,0645,0
R0503072,P002,922,0645,0
R0503072,P002,923,0645,0
R0503072,P002,924,0645,0
R0503072,P002,936,0645,0
R0503072,P003,922,0645,0
R0503072,P003,923,0645,14
R0503072,P003,924,0645,7
R0503072,P003,936,0645,13.7
R0503072,P004,922,0645,0
R0503072,P004,923,0645,13
R0503072,P004,924,0645,7
R0503072,P004,936,0645,13.7
D3202577,P001,922,0645,1
D3202577,P001,923,0645,88
D3202577,P001,924,0645,8
D3202577,P001,926,0645,8
D3202577,P001,936,0645,12.2
D3202577,P001,937,0645,7.9
D3202577,P002,922,0645,1
D3202577,P002,923,0645,94
D3202577,P002,924,0645,1
D3202577,P002,926,0645,14
D3202577,P002,936,0645,12.5
D3202577,P002,937,0645,8.0
R0500400,P003,911,0648,0
R9702160,P001,911,0648,10.3
R8500582,P001,911,0648,2.7
R8500582,P106,911,0648,1.4
R0503072,P001,911,0648,0
R0503072,P002,911,0648,0
R0503072,P003,911,0648,1.8
R0503072,P004,911,0648,2.5
D3202577,P001,911,0648,2.4
D3202577,P002,911,0648,2.2
R0500400,P003,911,0654,0
R9702160,P001,911,0654,10.1
R8500582,P001,911,0654,2.8
R8500582,P106,911,0654,1.4
R0503072,P001,911,0654,0
R0503072,P002,911,0654,0
R0503072,P003,911,0654,1.8
R0503072,P004,911,0654,2.5
D3202577,P001,911,0654,2.2
D3202577,P002,911,0654,2.2
R9702160,P001,911,0700,10.1
R8500582,P001,911,0700,3.1
R8500582,P106,911,0700,1.4
R0503072,P001,911,0700,0
R0503072,P001,922,0700,0
R0503072,P001,923,0700,0
R0503072,P001,924,0700,0
R0503072,P001,936,0700,0
R0503072,P002,911,0700,0
R0503072,P002,922,0700,0
R0503072,P002,923,0700,0
R0503072,P002,924,0700,0
R0503072,P002,936,0700,0
R0503072,P003,911,0700,1.9
R0503072,P003,922,0700,0
R0503072,P003,923,0700,13
R0503072,P003,924,0700,7
R0503072,P003,936,0700,13.4
R0503072,P004,911,0700,2.5
R0503072,P004,922,0700,0
R0503072,P004,923,0700,13
R0503072,P004,924,0700,7
R0503072,P004,936,0700,13.3
D3202577,P001,911,0700,2.3
D3202577,P001,922,0700,2
D3202577,P001,923,0700,102
D3202577,P001,924,0700,5
D3202577,P001,926,0700,15
D3202577,P001,936,0700,11.7
D3202577,P001,937,0700,8.8
D3202577,P002,911,0700,2.4
D3202577,P002,922,0700,1
D3202577,P002,923,0700,88
D3202577,P002,924,0700,1
D3202577,P002,926,0700,9
D3202577,P002,936,0700,10.9
D3202577,P002,937,0700,8.3
R0500400,P003,911,0700,0
R0500400,P003,922,0700,0
R0500400,P003,923,0700,0
R0500400,P003,936,0700,0
R0500400,P003,948,0700,0
R0500400,P003,959,0700,0
R9702160,P001,922,0700,11
R9702160,P001,923,0700,58
R9702160,P001,936,0700,4.9
R9702160,P001,948,0700,169415
R9702160,P001,959,0700,143
R0503072,P001,948,0700,0
R0503072,P001,959,0700,30
R0503072,P002,948,0700,0
R0503072,P002,959,0700,27
R0503072,P003,948,0700,1470346
R0503072,P003,959,0700,115
R0503072,P004,948,0700,1610861
R0503072,P004,959,0700,116
D3202577,P001,948,0700,71316
D3202577,P001,959,0700,133
D3202577,P002,948,0700,78815
D3202577,P002,959,0700,130
R0500400,P003,911,0706,0
R8500582,P001,911,0706,3.6
R8500582,P106,911,0706,1.4
R0503072,P001,911,0706,0
R0503072,P002,911,0706,0
R0503072,P003,911,0706,2.0
R0503072,P004,911,0706,2.5
D3202577,P001,911,0706,2.2
D3202577,P002,911,0706,2.3
R9702160,P001,911,0706,10.7
R0500400,P003,911,0712,0
R8500582,P001,911,0712,3.8
R8500582,P106,911,0712,1.4
R0503072,P001,911,0712,0
R0503072,P002,911,0712,0
R0503072,P003,911,0712,1.9
R0503072,P004,911,0712,2.5
D3202577,P001,911,0712,2.2
D3202577,P002,911,0712,2.2
R9702160,P001,911,0712,14.7
R0500400,P003,922,0715,0
R0500400,P003,923,0715,0
R0500400,P003,936,0715,0
R9702160,P001,922,0715,0
R9702160,P001,923,0715,36
R9702160,P001,936,0715,5.2
R0503072,P001,922,0715,0
R0503072,P001,923,0715,0
R0503072,P001,924,0715,0
R0503072,P001,936,0715,0
R0503072,P002,922,0715,0
R0503072,P002,923,0715,0
R0503072,P002,924,0715,0
R0503072,P002,936,0715,0
R0503072,P003,922,0715,0
R0503072,P003,923,0715,14
R0503072,P003,924,0715,7
R0503072,P003,936,0715,13.2
R0503072,P004,922,0715,0
R0503072,P004,923,0715,14
R0503072,P004,924,0715,7
R0503072,P004,936,0715,13.0
D3202577,P001,922,0715,3
D3202577,P001,923,0715,93
D3202577,P001,924,0715,10
D3202577,P001,926,0715,16
D3202577,P001,936,0715,11.8
D3202577,P001,937,0715,8.6
D3202577,P002,922,0715,3
D3202577,P002,923,0715,90
D3202577,P002,924,0715,1
D3202577,P002,926,0715,13
D3202577,P002,936,0715,11.8
D3202577,P002,937,0715,8.0
R0500400,P003,911,0718,0
R9702160,P001,911,0718,15.9
R8500582,P001,911,0718,3.2
R8500582,P106,911,0718,1.4
R0503072,P001,911,0718,0
R0503072,P002,911,0718,0
R0503072,P003,911,0718,1.8
R0503072,P004,911,0718,2.4
D3202577,P001,911,0718,2.2
D3202577,P002,911,0718,2.2
R0500400,P003,911,0724,0
R9702160,P001,911,0724,15.9
R8500582,P001,911,0724,3.2
R8500582,P106,911,0724,1.4
R0503072,P001,911,0724,0
R0503072,P002,911,0724,0
R0503072,P003,911,0724,1.5
R0503072,P004,911,0724,2.3
D3202577,P001,911,0724,2.2
D3202577,P002,911,0724,2.2
R0500400,P003,911,0730,0
R0500400,P003,922,0730,0
R0500400,P003,923,0730,0
R0500400,P003,936,0730,0
R9702160,P001,911,0730,14.9
R9702160,P001,922,0730,18
R9702160,P001,923,0730,56
R9702160,P001,936,0730,3.8
R8500582,P001,911,0730,3.6
R8500582,P106,911,0730,1.4
R0503072,P001,911,0730,0
R0503072,P001,922,0730,0
R0503072,P001,923,0730,0
R0503072,P001,924,0730,0
R0503072,P001,936,0730,0
R0503072,P002,911,0730,0
R0503072,P002,922,0730,0
R0503072,P002,923,0730,0
R0503072,P002,924,0730,0
R0503072,P002,936,0730,0
R0503072,P003,911,0730,1.5
R0503072,P003,922,0730,0
R0503072,P003,923,0730,14
R0503072,P003,924,0730,6
R0503072,P003,936,0730,13.0
R0503072,P004,911,0730,2.3
R0503072,P004,922,0730,0
R0503072,P004,923,0730,13
R0503072,P004,924,0730,6
R0503072,P004,936,0730,13.0
D3202577,P001,911,0730,2.2
D3202577,P001,922,0730,3
D3202577,P001,923,0730,86
D3202577,P001,924,0730,12
D3202577,P001,926,0730,16
D3202577,P001,936,0730,11.8
D3202577,P001,937,0730,8.6
D3202577,P002,911,0730,2.2
D3202577,P002,922,0730,3
D3202577,P002,923,0730,91
D3202577,P002,924,0730,0
D3202577,P002,926,0730,12
D3202577,P002,936,0730,11.1
D3202577,P002,937,0730,8.1
R0500400,P003,911,0736,0
R9702160,P001,911,0736,16.2
R8500582,P001,911,0736,4.2
R8500582,P106,911,0736,1.4
R0503072,P001,911,0736,0
R0503072,P002,911,0736,0
R0503072,P003,911,0736,1.7
R0503072,P004,911,0736,2.2
D3202577,P001,911,0736,2.2
D3202577,P002,911,0736,2.2
R0500400,P003,911,0742,0
R9702160,P001,911,0742,14.7
R8500582,P001,911,0742,5.1
R8500582,P106,911,0742,1.4
R0503072,P001,911,0742,0
R0503072,P002,911,0742,0
R0503072,P003,911,0742,1.7
R0503072,P004,911,0742,2.1
D3202577,P001,911,0742,2.2
D3202577,P002,911,0742,2.2
R0500400,P003,922,0745,0
R0500400,P003,923,0745,0
R0500400,P003,936,0745,0
R9702160,P001,922,0745,27
R9702160,P001,923,0745,73
R9702160,P001,936,0745,3.7
R0503072,P001,922,0745,0
R0503072,P001,923,0745,0
R0503072,P001,924,0745,0
R0503072,P001,936,0745,0
R0503072,P002,922,0745,0
R0503072,P002,923,0745,0
R0503072,P002,924,0745,0
R0503072,P002,936,0745,0
R0503072,P003,922,0745,0
R0503072,P003,923,0745,13
R0503072,P003,924,0745,6
R0503072,P003,936,0745,13.2
R0503072,P004,922,0745,0
R0503072,P004,923,0745,13
R0503072,P004,924,0745,6
R0503072,P004,936,0745,12.7
D3202577,P001,922,0745,0
D3202577,P001,923,0745,0
D3202577,P001,924,0745,0
D3202577,P001,926,0745,0
D3202577,P001,936,0745,0
D3202577,P001,937,0745,0
D3202577,P002,922,0745,2
D3202577,P002,923,0745,87
D3202577,P002,924,0745,0
D3202577,P002,926,0745,8
D3202577,P002,936,0745,11.0
D3202577,P002,937,0745,8.4
R0500400,P003,911,0748,0
R9702160,P001,911,0748,12.4
R8500582,P001,911,0748,6.0
R8500582,P106,911,0748,1.4
R0503072,P001,911,0748,0
R0503072,P002,911,0748,0
R0503072,P003,911,0748,1.6
R0503072,P004,911,0748,2.2
D3202577,P001,911,0748,2.2
D3202577,P002,911,0748,2.1
R0500400,P003,911,0754,0
R9702160,P001,911,0754,11.9
R8500582,P001,911,0754,5.2
R8500582,P106,911,0754,1.4
R0503072,P001,911,0754,0
R0503072,P002,911,0754,0
R0503072,P003,911,0754,1.5
R0503072,P004,911,0754,2.1
D3202577,P001,911,0754,2.2
D3202577,P002,911,0754,2.2
R9702160,P001,911,0800,17.7
R8500582,P001,911,0800,3.8
R8500582,P106,911,0800,1.4
R0503072,P001,911,0800,0
R0503072,P001,922,0800,0
R0503072,P001,923,0800,0
R0503072,P001,924,0800,0
R0503072,P001,936,0800,0
R0503072,P002,911,0800,0
R0503072,P002,922,0800,0
R0503072,P002,923,0800,0
R0503072,P002,924,0800,0
R0503072,P002,936,0800,0
R0503072,P003,911,0800,1.4
R0503072,P003,922,0800,0
R0503072,P003,923,0800,13
R0503072,P003,924,0800,6
R0503072,P003,936,0800,13.2
R0503072,P004,911,0800,2.1
R0503072,P004,922,0800,0
R0503072,P004,923,0800,13
R0503072,P004,924,0800,6
R0503072,P004,936,0800,12.9
D3202577,P001,911,0800,2.2
D3202577,P001,922,0800,1
D3202577,P001,923,0800,85
D3202577,P001,924,0800,12
D3202577,P001,926,0800,7
D3202577,P001,936,0800,11.3
D3202577,P001,937,0800,8.3
D3202577,P002,911,0800,2.2
D3202577,P002,922,0800,1
D3202577,P002,923,0800,90
D3202577,P002,924,0800,1
D3202577,P002,926,0800,9
D3202577,P002,936,0800,11.1
D3202577,P002,937,0800,8.7
R0500400,P003,911,0800,0
R0500400,P003,922,0800,0
R0500400,P003,923,0800,0
R0500400,P003,936,0800,0
R0500400,P003,948,0800,0
R0500400,P003,959,0800,0
R9702160,P001,922,0800,31
R9702160,P001,923,0800,80
R9702160,P001,936,0800,3.6
R9702160,P001,948,0800,203865
R9702160,P001,959,0800,148
R0503072,P001,948,0800,0
R0503072,P001,959,0800,31
R0503072,P002,948,0800,0
R0503072,P002,959,0800,29
R0503072,P003,948,0800,1392961
R0503072,P003,959,0800,114
R0503072,P004,948,0800,1497759
R0503072,P004,959,0800,115
D3202577,P001,948,0800,70612
D3202577,P001,959,0800,133
D3202577,P002,948,0800,74821
D3202577,P002,959,0800,130
R0500400,P003,911,0806,0
R8500582,P001,911,0806,0
R8500582,P106,911,0806,1.5
R0503072,P001,911,0806,0
R0503072,P002,911,0806,0
R0503072,P003,911,0806,1.5
R0503072,P004,911,0806,2.1
D3202577,P001,911,0806,2.2
D3202577,P002,911,0806,2.1
R9702160,P001,911,0806,16.0
R0500400,P003,911,0812,0
R8500582,P001,911,0812,3.5
R8500582,P106,911,0812,1.5
R0503072,P001,911,0812,0
R0503072,P002,911,0812,0
R0503072,P003,911,0812,1.6
R0503072,P004,911,0812,2.2
D3202577,P001,911,0812,2.2
D3202577,P002,911,0812,2.2
R9702160,P001,911,0812,12.8
R0500400,P003,922,0815,0
R0500400,P003,923,0815,0
R0500400,P003,936,0815,0
R9702160,P001,922,0815,24
R9702160,P001,923,0815,80
R9702160,P001,936,0815,3.6
R0503072,P001,922,0815,0
R0503072,P001,923,0815,0
R0503072,P001,924,0815,0
R0503072,P001,936,0815,0
R0503072,P002,922,0815,0
R0503072,P002,923,0815,0
R0503072,P002,924,0815,0
R0503072,P002,936,0815,0
R0503072,P003,922,0815,0
R0503072,P003,923,0815,13
R0503072,P003,924,0815,6
R0503072,P003,936,0815,13.2
R0503072,P004,922,0815,0
R0503072,P004,923,0815,13
R0503072,P004,924,0815,7
R0503072,P004,936,0815,13.0
D3202577,P001,922,0815,3
D3202577,P001,923,0815,89
D3202577,P001,924,0815,11
D3202577,P001,926,0815,13
D3202577,P001,936,0815,11.6
D3202577,P001,937,0815,8.4
D3202577,P002,922,0815,4
D3202577,P002,923,0815,80
D3202577,P002,924,0815,35
D3202577,P002,926,0815,14
D3202577,P002,936,0815,11.3
D3202577,P002,937,0815,8.0
R0500400,P003,911,0818,0
R9702160,P001,911,0818,12.4
R8500582,P001,911,0818,2.7
R8500582,P106,911,0818,1.2
R0503072,P001,911,0818,0
R0503072,P002,911,0818,0
R0503072,P003,911,0818,1.6
R0503072,P004,911,0818,2.2
D3202577,P001,911,0818,2.2
D3202577,P002,911,0818,2.2
R0500400,P003,911,0824,0
R9702160,P001,911,0824,12.0
R8500582,P001,911,0824,2.4
R8500582,P106,911,0824,1.2
R0503072,P001,911,0824,0
R0503072,P002,911,0824,0
R0503072,P003,911,0824,1.6
R0503072,P004,911,0824,2.1
D3202577,P001,911,0824,2.2
D3202577,P002,911,0824,2.2
R0500400,P003,911,0830,0
R0500400,P003,922,0830,0
R0500400,P003,923,0830,0
R0500400,P003,936,0830,0
R9702160,P001,911,0830,11.9
R9702160,P001,922,0830,32
R9702160,P001,923,0830,82
R9702160,P001,936,0830,3.6
R8500582,P001,911,0830,2.7
R8500582,P106,911,0830,1.2
R0503072,P001,911,0830,0
R0503072,P001,922,0830,0
R0503072,P001,923,0830,0
R0503072,P001,924,0830,0
R0503072,P001,936,0830,0
R0503072,P002,911,0830,0
R0503072,P002,922,0830,0
R0503072,P002,923,0830,0
R0503072,P002,924,0830,0
R0503072,P002,936,0830,0
R0503072,P003,911,0830,1.5
R0503072,P003,922,0830,0
R0503072,P003,923,0830,13
R0503072,P003,924,0830,6
R0503072,P003,936,0830,13.2
R0503072,P004,911,0830,2.1
R0503072,P004,922,0830,0
R0503072,P004,923,0830,13
R0503072,P004,924,0830,7
R0503072,P004,936,0830,13.0
D3202577,P001,911,0830,0
D3202577,P001,922,0830,3
D3202577,P001,923,0830,84
D3202577,P001,924,0830,7
D3202577,P001,926,0830,13
D3202577,P001,936,0830,11.4
D3202577,P001,937,0830,8.1
D3202577,P002,911,0830,0
D3202577,P002,922,0830,2
D3202577,P002,923,0830,93
D3202577,P002,924,0830,7
D3202577,P002,926,0830,12
D3202577,P002,936,0830,12.5
D3202577,P002,937,0830,8.3
R0500400,P003,911,0836,0
R9702160,P001,911,0836,11.7
R8500582,P001,911,0836,3.1
R8500582,P106,911,0836,1.2
R0503072,P001,911,0836,0
R0503072,P002,911,0836,0
R0503072,P003,911,0836,1.6
R0503072,P004,911,0836,2.1
D3202577,P001,911,0836,2.2
D3202577,P002,911,0836,2.2
R0500400,P003,911,0842,0
R9702160,P001,911,0842,11.6
R8500582,P001,911,0842,3.2
R8500582,P106,911,0842,1.1
R0503072,P001,911,0842,0
R0503072,P002,911,0842,0
R0503072,P003,911,0842,1.8
R0503072,P004,911,0842,2.0
D3202577,P001,911,0842,2.2
D3202577,P002,911,0842,2.2
R0500400,P003,922,0845,0
R0500400,P003,923,0845,0
R0500400,P003,936,0845,0
R9702160,P001,922,0845,41
R9702160,P001,923,0845,84
R9702160,P001,936,0845,3.5
R0503072,P001,922,0845,0
R0503072,P001,923,0845,0
R0503072,P001,924,0845,0
R0503072,P001,936,0845,0
R0503072,P002,922,0845,0
R0503072,P002,923,0845,0
R0503072,P002,924,0845,0
R0503072,P002,936,0845,0
R0503072,P003,922,0845,0
R0503072,P003,923,0845,11
R0503072,P003,924,0845,10
R0503072,P003,936,0845,14.0
R0503072,P004,922,0845,0
R0503072,P004,923,0845,11
R0503072,P004,924,0845,18
R0503072,P004,936,0845,13.9
D3202577,P001,922,0845,4
D3202577,P001,923,0845,86
D3202577,P001,924,0845,12
D3202577,P001,926,0845,14
D3202577,P001,936,0845,11.6
D3202577,P001,937,0845,8.1
D3202577,P002,922,0845,3
D3202577,P002,923,0845,86
D3202577,P002,924,0845,1
D3202577,P002,926,0845,13
D3202577,P002,936,0845,12.0
D3202577,P002,937,0845,8.3
R0500400,P003,911,0848,0
R9702160,P001,911,0848,12.5
R8500582,P001,911,0848,2.7
R8500582,P106,911,0848,1.1
R0503072,P001,911,0848,0
R0503072,P002,911,0848,0
R0503072,P003,911,0848,1.9
R0503072,P004,911,0848,1.9
D3202577,P001,911,0848,2.2
D3202577,P002,911,0848,2.2
R0500400,P003,911,0854,0
R9702160,P001,911,0854,15.1
R8500582,P001,911,0854,2.5
R8500582,P106,911,0854,1.2
R0503072,P001,911,0854,0
R0503072,P002,911,0854,0
R0503072,P003,911,0854,1.6
R0503072,P004,911,0854,1.9
D3202577,P001,911,0854,2.2
D3202577,P002,911,0854,2.2
R8500582,P001,911,0900,2.4
R8500582,P106,911,0900,1.1
R0503072,P001,911,0900,0
R0503072,P001,922,0900,0
R0503072,P001,923,0900,0
R0503072,P001,924,0900,0
R0503072,P001,936,0900,0
R0503072,P002,911,0900,0
R0503072,P002,922,0900,0
R0503072,P002,923,0900,0
R0503072,P002,924,0900,0
R0503072,P002,936,0900,0
R0503072,P003,911,0900,1.7
R0503072,P003,922,0900,0
R0503072,P003,923,0900,7
R0503072,P003,924,0900,762
R0503072,P003,936,0900,15.5
R0503072,P004,911,0900,2.1
R0503072,P004,922,0900,0
R0503072,P004,923,0900,5
R0503072,P004,924,0900,678
R0503072,P004,936,0900,15.4
D3202577,P001,911,0900,2.2
D3202577,P001,922,0900,6
D3202577,P001,923,0900,71
D3202577,P001,924,0900,23
D3202577,P001,926,0900,14
D3202577,P001,936,0900,10.7
D3202577,P001,937,0900,8.4
D3202577,P002,911,0900,2.2
D3202577,P002,922,0900,2
D3202577,P002,923,0900,87
D3202577,P002,924,0900,1
D3202577,P002,926,0900,10
D3202577,P002,936,0900,11.3
D3202577,P002,937,0900,8.1
R0500400,P003,911,0900,0
R0500400,P003,922,0900,0
R0500400,P003,923,0900,0
R0500400,P003,936,0900,0
R0500400,P003,948,0900,0
R0500400,P003,959,0900,0
R9702160,P001,911,0900,13.8
R9702160,P001,922,0900,20
R9702160,P001,923,0900,73
R9702160,P001,936,0900,3.5
R9702160,P001,948,0900,202824
R9702160,P001,959,0900,149
R0503072,P001,948,0900,0
R0503072,P001,959,0900,33
R0503072,P002,948,0900,0
R0503072,P002,959,0900,31
R0503072,P003,948,0900,0
R0503072,P003,959,0900,67
R0503072,P004,948,0900,0
R0503072,P004,959,0900,69
D3202577,P001,948,0900,74253
D3202577,P001,959,0900,133
D3202577,P002,948,0900,76336
D3202577,P002,959,0900,130
R0500400,P003,911,0906,0
R8500582,P001,911,0906,2.5
R8500582,P106,911,0906,1.1
R0503072,P001,911,0906,0
R0503072,P002,911,0906,0
R0503072,P003,911,0906,1.6
R0503072,P004,911,0906,1.9
D3202577,P001,911,0906,2.2
D3202577,P002,911,0906,2.2
R9702160,P001,911,0906,11.9
R0500400,P003,911,0912,0
R8500582,P001,911,0912,2.6
R8500582,P106,911,0912,1.2
R0503072,P001,911,0912,0
R0503072,P002,911,0912,0
R0503072,P003,911,0912,0
R0503072,P004,911,0912,0
D3202577,P001,911,0912,2.3
D3202577,P002,911,0912,2.3
R9702160,P001,911,0912,12.1
R0500400,P003,922,0915,0
R0500400,P003,923,0915,0
R0500400,P003,936,0915,0
R9702160,P001,922,0915,19
R9702160,P001,923,0915,69
R9702160,P001,936,0915,3.7
R0503072,P001,922,0915,0
R0503072,P001,923,0915,0
R0503072,P001,924,0915,0
R0503072,P001,936,0915,0
R0503072,P002,922,0915,0
R0503072,P002,923,0915,0
R0503072,P002,924,0915,0
R0503072,P002,936,0915,0
R0503072,P003,922,0915,0
R0503072,P003,923,0915,0
R0503072,P003,924,0915,0
R0503072,P003,936,0915,0
R0503072,P004,922,0915,0
R0503072,P004,923,0915,0
R0503072,P004,924,0915,0
R0503072,P004,936,0915,0
D3202577,P001,922,0915,4
D3202577,P001,923,0915,84
D3202577,P001,924,0915,6
D3202577,P001,926,0915,15
D3202577,P001,936,0915,11.5
D3202577,P001,937,0915,8.3
D3202577,P002,922,0915,3
D3202577,P002,923,0915,89
D3202577,P002,924,0915,2
D3202577,P002,926,0915,13
D3202577,P002,936,0915,11.5
D3202577,P002,937,0915,8.2
R0500400,P003,911,0918,0
R9702160,P001,911,0918,10.6
R8500582,P001,911,0918,3.1
R8500582,P106,911,0918,1.1
R0503072,P001,911,0918,0
R0503072,P002,911,0918,0
R0503072,P003,911,0918,0
R0503072,P004,911,0918,0
D3202577,P001,911,0918,2.2
D3202577,P002,911,0918,2.2
R0500400,P003,911,0924,0
R9702160,P001,911,0924,10.4
R8500582,P001,911,0924,2.6
R8500582,P106,911,0924,1.1
R0503072,P001,911,0924,0
R0503072,P002,911,0924,0
R0503072,P003,911,0924,0
R0503072,P004,911,0924,0
D3202577,P001,911,0924,2.2
D3202577,P002,911,0924,2.3
R0500400,P003,911,0930,0
R0500400,P003,922,0930,0
R0500400,P003,923,0930,0
R0500400,P003,936,0930,0
R9702160,P001,911,0930,10.2
R9702160,P001,922,0930,23
R9702160,P001,923,0930,70
R9702160,P001,936,0930,3.7
R8500582,P001,911,0930,2.7
R8500582,P106,911,0930,1.2
R0503072,P001,911,0930,0
R0503072,P001,922,0930,0
R0503072,P001,923,0930,0
R0503072,P001,924,0930,0
R0503072,P001,936,0930,0
R0503072,P002,911,0930,0
R0503072,P002,922,0930,0
R0503072,P002,923,0930,0
R0503072,P002,924,0930,0
R0503072,P002,936,0930,0
R0503072,P003,911,0930,0
R0503072,P003,922,0930,0
R0503072,P003,923,0930,0
R0503072,P003,924,0930,0
R0503072,P003,936,0930,0
R0503072,P004,911,0930,0
R0503072,P004,922,0930,0
R0503072,P004,923,0930,0
R0503072,P004,924,0930,0
R0503072,P004,936,0930,0
D3202577,P001,911,0930,2.2
D3202577,P001,922,0930,0
D3202577,P001,923,0930,74
D3202577,P001,924,0930,12
D3202577,P001,926,0930,6
D3202577,P001,936,0930,11.1
D3202577,P001,937,0930,8.0
D3202577,P002,911,0930,2.3
D3202577,P002,922,0930,2
D3202577,P002,923,0930,96
D3202577,P002,924,0930,3
D3202577,P002,926,0930,13
D3202577,P002,936,0930,12.1
D3202577,P002,937,0930,8.1
R0500400,P003,911,0936,0
R9702160,P001,911,0936,9.9
R8500582,P001,911,0936,4.4
R8500582,P106,911,0936,1.2
R0503072,P001,911,0936,0
R0503072,P002,911,0936,0
R0503072,P003,911,0936,0
R0503072,P004,911,0936,0
D3202577,P001,911,0936,2.3
D3202577,P002,911,0936,2.2
R0500400,P003,911,0942,0
R9702160,P001,911,0942,10.1
R8500582,P001,911,0942,6.5
R8500582,P106,911,0942,1.2
R0503072,P001,911,0942,0
R0503072,P002,911,0942,0
R0503072,P003,911,0942,0
R0503072,P004,911,0942,0
D3202577,P001,911,0942,2.2
D3202577,P002,911,0942,2.2
R0500400,P003,922,0945,0
R0500400,P003,923,0945,0
R0500400,P003,936,0945,0
R9702160,P001,922,0945,20
R9702160,P001,923,0945,76
R9702160,P001,936,0945,3.8
R0503072,P001,922,0945,0
R0503072,P001,923,0945,0
R0503072,P001,924,0945,0
R0503072,P001,936,0945,0
R0503072,P002,922,0945,0
R0503072,P002,923,0945,0
R0503072,P002,924,0945,0
R0503072,P002,936,0945,0
R0503072,P003,922,0945,0
R0503072,P003,923,0945,0
R0503072,P003,924,0945,0
R0503072,P003,936,0945,0
R0503072,P004,922,0945,0
R0503072,P004,923,0945,0
R0503072,P004,924,0945,0
R0503072,P004,936,0945,0
D3202577,P001,922,0945,6
D3202577,P001,923,0945,72
D3202577,P001,924,0945,18
D3202577,P001,926,0945,13
D3202577,P001,936,0945,10.6
D3202577,P001,937,0945,8.1
D3202577,P002,922,0945,2
D3202577,P002,923,0945,98
D3202577,P002,924,0945,1
D3202577,P002,926,0945,15
D3202577,P002,936,0945,11.7
D3202577,P002,937,0945,8.2
R0500400,P003,911,0948,0
R9702160,P001,911,0948,13.1
R8500582,P001,911,0948,5.0
R8500582,P106,911,0948,1.2
R0503072,P001,911,0948,0
R0503072,P002,911,0948,0
R0503072,P003,911,0948,0
R0503072,P004,911,0948,0
D3202577,P001,911,0948,2.2
D3202577,P002,911,0948,2.2
R0500400,P003,911,0954,0
R9702160,P001,911,0954,10.4
R8500582,P001,911,0954,3.5
R8500582,P106,911,0954,1.1
R0503072,P001,911,0954,0
R0503072,P002,911,0954,0
R0503072,P003,911,0954,0
R0503072,P004,911,0954,0
D3202577,P001,911,0954,2.3
D3202577,P002,911,0954,2.2
R9702160,P001,911,1000,10.2
R8500582,P001,911,1000,2.5
R8500582,P106,911,1000,1.1
R0503072,P001,911,1000,0
R0503072,P001,922,1000,0
R0503072,P001,923,1000,0
R0503072,P001,924,1000,0
R0503072,P001,936,1000,0
R0503072,P002,911,1000,0
R0503072,P002,922,1000,0
R0503072,P002,923,1000,0
R0503072,P002,924,1000,0
R0503072,P002,936,1000,0
R0503072,P003,911,1000,0
R0503072,P003,922,1000,0
R0503072,P003,923,1000,0
R0503072,P003,924,1000,0
R0503072,P003,936,1000,0
R0503072,P004,911,1000,0
R0503072,P004,922,1000,0
R0503072,P004,923,1000,0
R0503072,P004,924,1000,0
R0503072,P004,936,1000,0
D3202577,P001,911,1000,2.3
D3202577,P001,922,1000,4
D3202577,P001,923,1000,91
D3202577,P001,924,1000,6
D3202577,P001,926,1000,16
D3202577,P001,936,1000,12.4
D3202577,P001,937,1000,9.3
D3202577,P002,911,1000,2.2
D3202577,P002,922,1000,5
D3202577,P002,923,1000,82
D3202577,P002,924,1000,0
D3202577,P002,926,1000,11
D3202577,P002,936,1000,10.3
D3202577,P002,937,1000,8.2
R0500400,P003,911,1000,0
R0500400,P003,922,1000,0
R0500400,P003,923,1000,0
R0500400,P003,936,1000,0
R0500400,P003,948,1000,0
R0500400,P003,959,1000,0
R9702160,P001,922,1000,19
R9702160,P001,923,1000,82
R9702160,P001,936,1000,2.8
R9702160,P001,948,1000,206534
R9702160,P001,959,1000,150
R0503072,P001,948,1000,0
R0503072,P001,959,1000,34
R0503072,P002,948,1000,0
R0503072,P002,959,1000,32
R0503072,P003,948,1000,0
R0503072,P003,959,1000,37
R0503072,P004,948,1000,0
R0503072,P004,959,1000,36
D3202577,P001,948,1000,66736
D3202577,P001,959,1000,133
D3202577,P002,948,1000,74244
D3202577,P002,959,1000,130
R0500400,P003,911,1006,0
R8500582,P001,911,1006,2.5
R8500582,P106,911,1006,1.2
R0503072,P001,911,1006,0
R0503072,P002,911,1006,0
R0503072,P003,911,1006,0
R0503072,P004,911,1006,0
D3202577,P001,911,1006,2.2
D3202577,P002,911,1006,2.2
R9702160,P001,911,1006,10.4
R0500400,P003,911,1012,0
R8500582,P001,911,1012,2.6
R8500582,P106,911,1012,1.1
R0503072,P001,911,1012,0
R0503072,P002,911,1012,0
R0503072,P003,911,1012,0
R0503072,P004,911,1012,0
D3202577,P001,911,1012,2.2
D3202577,P002,911,1012,2.3
R9702160,P001,911,1012,10.3
R0500400,P003,922,1015,0
R0500400,P003,923,1015,0
R0500400,P003,936,1015,0
R9702160,P001,922,1015,5
R9702160,P001,923,1015,75
R9702160,P001,936,1015,3.9
R0503072,P001,922,1015,0
R0503072,P001,923,1015,0
R0503072,P001,924,1015,0
R0503072,P001,936,1015,0
R0503072,P002,922,1015,0
R0503072,P002,923,1015,0
R0503072,P002,924,1015,0
R0503072,P002,936,1015,0
R0503072,P003,922,1015,0
R0503072,P003,923,1015,0
R0503072,P003,924,1015,0
R0503072,P003,936,1015,0
R0503072,P004,922,1015,0
R0503072,P004,923,1015,0
R0503072,P004,924,1015,0
R0503072,P004,936,1015,0
D3202577,P001,922,1015,1
D3202577,P001,923,1015,85
D3202577,P001,924,1015,6
D3202577,P001,926,1015,11
D3202577,P001,936,1015,12.2
D3202577,P001,937,1015,8.2
D3202577,P002,922,1015,2
D3202577,P002,923,1015,94
D3202577,P002,924,1015,0
D3202577,P002,926,1015,13
D3202577,P002,936,1015,11.6
D3202577,P002,937,1015,8.5
R0500400,P003,911,1018,0
R9702160,P001,911,1018,10.2
R8500582,P001,911,1018,2.9
R8500582,P106,911,1018,1.1
R0503072,P001,911,1018,0
R0503072,P002,911,1018,0
R0503072,P003,911,1018,0
R0503072,P004,911,1018,0
D3202577,P001,911,1018,2.3
D3202577,P002,911,1018,2.2
R0500400,P003,911,1024,0
R9702160,P001,911,1024,10.4
R8500582,P001,911,1024,3.0
R8500582,P106,911,1024,1.1
R0503072,P001,911,1024,0
R0503072,P002,911,1024,0
R0503072,P003,911,1024,0
R0503072,P004,911,1024,0
D3202577,P001,911,1024,2.2
D3202577,P002,911,1024,2.2
R0500400,P003,911,1030,0
R0500400,P003,922,1030,0
R0500400,P003,923,1030,0
R0500400,P003,936,1030,0
R9702160,P001,911,1030,10.3
R9702160,P001,922,1030,20
R9702160,P001,923,1030,79
R9702160,P001,936,1030,3.6
R8500582,P001,911,1030,2.5
R8500582,P106,911,1030,1.1
R0503072,P001,911,1030,0
R0503072,P001,922,1030,0
R0503072,P001,923,1030,0
R0503072,P001,924,1030,0
R0503072,P001,936,1030,0
R0503072,P002,911,1030,0
R0503072,P002,922,1030,0
R0503072,P002,923,1030,0
R0503072,P002,924,1030,0
R0503072,P002,936,1030,0
R0503072,P003,911,1030,0
R0503072,P003,922,1030,0
R0503072,P003,923,1030,0
R0503072,P003,924,1030,0
R0503072,P003,936,1030,0
R0503072,P004,911,1030,0
R0503072,P004,922,1030,0
R0503072,P004,923,1030,0
R0503072,P004,924,1030,0
R0503072,P004,936,1030,0
D3202577,P001,911,1030,2.3
D3202577,P001,922,1030,2
D3202577,P001,923,1030,86
D3202577,P001,924,1030,4
D3202577,P001,926,1030,13
D3202577,P001,936,1030,11.5
D3202577,P001,937,1030,8.3
D3202577,P002,911,1030,2.3
D3202577,P002,922,1030,2
D3202577,P002,923,1030,79
D3202577,P002,924,1030,0
D3202577,P002,926,1030,12
D3202577,P002,936,1030,11.6
D3202577,P002,937,1030,8.1
R0500400,P003,911,1036,0
R9702160,P001,911,1036,10.9
R8500582,P001,911,1036,2.9
R8500582,P106,911,1036,1.1
R0503072,P001,911,1036,0
R0503072,P002,911,1036,0
R0503072,P003,911,1036,0
R0503072,P004,911,1036,0
D3202577,P001,911,1036,2.2
D3202577,P002,911,1036,2.3
R0500400,P003,911,1042,0
R9702160,P001,911,1042,10.8
R8500582,P001,911,1042,4.0
R8500582,P106,911,1042,1.1
R0503072,P001,911,1042,0
R0503072,P002,911,1042,0
R0503072,P003,911,1042,0
R0503072,P004,911,1042,0
D3202577,P001,911,1042,2.3
D3202577,P002,911,1042,2.2
R0500400,P003,922,1045,0
R0500400,P003,923,1045,0
R0500400,P003,936,1045,0
R9702160,P001,922,1045,32
R9702160,P001,923,1045,93
R9702160,P001,936,1045,3.5
R0503072,P001,922,1045,0
R0503072,P001,923,1045,0
R0503072,P001,924,1045,0
R0503072,P001,936,1045,0
R0503072,P002,922,1045,0
R0503072,P002,923,1045,0
R0503072,P002,924,1045,0
R0503072,P002,936,1045,0
R0503072,P003,922,1045,0
R0503072,P003,923,1045,0
R0503072,P003,924,1045,0
R0503072,P003,936,1045,0
R0503072,P004,922,1045,0
R0503072,P004,923,1045,0
R0503072,P004,924,1045,0
R0503072,P004,936,1045,0
D3202577,P001,922,1045,4
D3202577,P001,923,1045,72
D3202577,P001,924,1045,16
D3202577,P001,926,1045,14
D3202577,P001,936,1045,11.5
D3202577,P001,937,1045,8.4
D3202577,P002,922,1045,2
D3202577,P002,923,1045,100
D3202577,P002,924,1045,0
D3202577,P002,926,1045,12
D3202577,P002,936,1045,13.0
D3202577,P002,937,1045,9.1
R0500400,P003,911,1048,0
R9702160,P001,911,1048,11.2
R8500582,P001,911,1048,5.7
R8500582,P106,911,1048,1.1
R0503072,P001,911,1048,0
R0503072,P002,911,1048,0
R0503072,P003,911,1048,0
R0503072,P004,911,1048,0
D3202577,P001,911,1048,2.2
D3202577,P002,911,1048,2.2
R0500400,P003,911,1054,0
R9702160,P001,911,1054,10.4
R8500582,P001,911,1054,4.7
R8500582,P106,911,1054,1.2
R0503072,P001,911,1054,0
R0503072,P002,911,1054,0
R0503072,P003,911,1054,0
R0503072,P004,911,1054,0
D3202577,P001,911,1054,2.2
D3202577,P002,911,1054,2.3
R9702160,P001,911,1100,10.6
R8500582,P001,911,1100,3.7
R8500582,P106,911,1100,1.1
R0503072,P001,911,1100,0
R0503072,P001,922,1100,0
R0503072,P001,923,1100,0
R0503072,P001,924,1100,0
R0503072,P001,936,1100,0
R0503072,P002,911,1100,0
R0503072,P002,922,1100,0
R0503072,P002,923,1100,0
R0503072,P002,924,1100,0
R0503072,P002,936,1100,0
R0503072,P003,911,1100,0
R0503072,P003,922,1100,0
R0503072,P003,923,1100,0
R0503072,P003,924,1100,0
R0503072,P003,936,1100,0
R0503072,P004,911,1100,0
R0503072,P004,922,1100,0
R0503072,P004,923,1100,0
R0503072,P004,924,1100,0
R0503072,P004,936,1100,0
D3202577,P001,911,1100,2.3
D3202577,P001,922,1100,2
D3202577,P001,923,1100,80
D3202577,P001,924,1100,6
D3202577,P001,926,1100,13
D3202577,P001,936,1100,11.7
D3202577,P001,937,1100,8.4
D3202577,P002,911,1100,2.2
D3202577,P002,922,1100,4
D3202577,P002,923,1100,83
D3202577,P002,924,1100,1
D3202577,P002,926,1100,13
D3202577,P002,936,1100,11.2
D3202577,P002,937,1100,7.9
R0500400,P003,911,1100,0
R0500400,P003,922,1100,0
R0500400,P003,923,1100,0
R0500400,P003,936,1100,0
R0500400,P003,948,1100,0
R0500400,P003,959,1100,0
R9702160,P001,922,1100,31
R9702160,P001,923,1100,86
R9702160,P001,936,1100,3.4
R9702160,P001,948,1100,197816
R9702160,P001,959,1100,150
R0503072,P001,948,1100,0
R0503072,P001,959,1100,32
R0503072,P002,948,1100,0
R0503072,P002,959,1100,31
R0503072,P003,948,1100,0
R0503072,P003,959,1100,34
R0503072,P004,948,1100,0
R0503072,P004,959,1100,34
D3202577,P001,948,1100,68450
D3202577,P001,959,1100,132
D3202577,P002,948,1100,81754
D3202577,P002,959,1100,129
R0500400,P003,911,1106,0
R8500582,P001,911,1106,2.3
R8500582,P106,911,1106,1.1
R0503072,P001,911,1106,0
R0503072,P002,911,1106,0
R0503072,P003,911,1106,0
R0503072,P004,911,1106,0
D3202577,P001,911,1106,2.3
D3202577,P002,911,1106,2.2
R9702160,P001,911,1106,10.3
R0500400,P003,911,1112,0
R8500582,P001,911,1112,2.5
R8500582,P106,911,1112,1.1
R0503072,P001,911,1112,0
R0503072,P002,911,1112,0
R0503072,P003,911,1112,0
R0503072,P004,911,1112,0
D3202577,P001,911,1112,2.2
D3202577,P002,911,1112,2.2
R9702160,P001,911,1112,10.1
R0500400,P003,922,1115,0
R0500400,P003,923,1115,0
R0500400,P003,936,1115,0
R9702160,P001,922,1115,33
R9702160,P001,923,1115,77
R9702160,P001,936,1115,3.7
R0503072,P001,922,1115,0
R0503072,P001,923,1115,0
R0503072,P001,924,1115,0
R0503072,P001,936,1115,0
R0503072,P002,922,1115,0
R0503072,P002,923,1115,0
R0503072,P002,924,1115,0
R0503072,P002,936,1115,0
R0503072,P003,922,1115,0
R0503072,P003,923,1115,0
R0503072,P003,924,1115,0
R0503072,P003,936,1115,0
R0503072,P004,922,1115,0
R0503072,P004,923,1115,0
R0503072,P004,924,1115,0
R0503072,P004,936,1115,0
D3202577,P001,922,1115,1
D3202577,P001,923,1115,89
D3202577,P001,924,1115,7
D3202577,P001,926,1115,12
D3202577,P001,936,1115,11.3
D3202577,P001,937,1115,8.1
D3202577,P002,922,1115,4
D3202577,P002,923,1115,94
D3202577,P002,924,1115,2
D3202577,P002,926,1115,14
D3202577,P002,936,1115,10.7
D3202577,P002,937,1115,8.1
R0500400,P003,911,1118,0
R9702160,P001,911,1118,10.1
R8500582,P001,911,1118,2.5
R8500582,P106,911,1118,1.1
R0503072,P001,911,1118,0
R0503072,P002,911,1118,0
R0503072,P003,911,1118,0
R0503072,P004,911,1118,0
D3202577,P001,911,1118,2.2
D3202577,P002,911,1118,2.2
R0500400,P003,911,1124,0
R9702160,P001,911,1124,10.3
R8500582,P001,911,1124,2.6
R8500582,P106,911,1124,1.2
R0503072,P001,911,1124,0
R0503072,P002,911,1124,0
R0503072,P003,911,1124,0
R0503072,P004,911,1124,0
D3202577,P001,911,1124,2.2
D3202577,P002,911,1124,2.3
R0500400,P003,911,1130,0
R0500400,P003,922,1130,0
R0500400,P003,923,1130,0
R0500400,P003,936,1130,0
R9702160,P001,911,1130,12.0
R9702160,P001,922,1130,27
R9702160,P001,923,1130,91
R9702160,P001,936,1130,3.6
R8500582,P001,911,1130,2.9
R8500582,P106,911,1130,1.2
R0503072,P001,911,1130,0
R0503072,P001,922,1130,0
R0503072,P001,923,1130,0
R0503072,P001,924,1130,0
R0503072,P001,936,1130,0
R0503072,P002,911,1130,0
R0503072,P002,922,1130,0
R0503072,P002,923,1130,0
R0503072,P002,924,1130,0
R0503072,P002,936,1130,0
R0503072,P003,911,1130,0
R0503072,P003,922,1130,0
R0503072,P003,923,1130,0
R0503072,P003,924,1130,0
R0503072,P003,936,1130,0
R0503072,P004,911,1130,0
R0503072,P004,922,1130,0
R0503072,P004,923,1130,0
R0503072,P004,924,1130,0
R0503072,P004,936,1130,0
D3202577,P001,911,1130,2.2
D3202577,P001,922,1130,2
D3202577,P001,923,1130,74
D3202577,P001,924,1130,9
D3202577,P001,926,1130,11
D3202577,P001,936,1130,11.2
D3202577,P001,937,1130,8.3
D3202577,P002,911,1130,2.2
D3202577,P002,922,1130,4
D3202577,P002,923,1130,84
D3202577,P002,924,1130,6
D3202577,P002,926,1130,13
D3202577,P002,936,1130,11.3
D3202577,P002,937,1130,8.0
R0500400,P003,911,1136,0
R9702160,P001,911,1136,10.8
R8500582,P001,911,1136,3.7
R8500582,P106,911,1136,1.1
R0503072,P001,911,1136,0
R0503072,P002,911,1136,0
R0503072,P003,911,1136,0
R0503072,P004,911,1136,0
D3202577,P001,911,1136,2.2
D3202577,P002,911,1136,2.2
R0500400,P003,911,1142,0
R9702160,P001,911,1142,10.2
R8500582,P001,911,1142,5.2
R8500582,P106,911,1142,1.1
R0503072,P001,911,1142,0
R0503072,P002,911,1142,0
R0503072,P003,911,1142,0
R0503072,P004,911,1142,0
D3202577,P001,911,1142,2.3
D3202577,P002,911,1142,2.2
R0500400,P003,922,1145,0
R0500400,P003,923,1145,0
R0500400,P003,936,1145,0
R9702160,P001,922,1145,38
R9702160,P001,923,1145,99
R9702160,P001,936,1145,3.5
R0503072,P001,922,1145,0
R0503072,P001,923,1145,0
R0503072,P001,924,1145,0
R0503072,P001,936,1145,0
R0503072,P002,922,1145,0
R0503072,P002,923,1145,0
R0503072,P002,924,1145,0
R0503072,P002,936,1145,0
R0503072,P003,922,1145,0
R0503072,P003,923,1145,0
R0503072,P003,924,1145,0
R0503072,P003,936,1145,0
R0503072,P004,922,1145,0
R0503072,P004,923,1145,0
R0503072,P004,924,1145,0
R0503072,P004,936,1145,0
D3202577,P001,922,1145,1
D3202577,P001,923,1145,95
D3202577,P001,924,1145,7
D3202577,P001,926,1145,13
D3202577,P001,936,1145,12.5
D3202577,P001,937,1145,8.5
D3202577,P002,922,1145,5
D3202577,P002,923,1145,65
D3202577,P002,924,1145,9
D3202577,P002,926,1145,11
D3202577,P002,936,1145,10.1
D3202577,P002,937,1145,7.6
R0500400,P003,911,1148,0
R9702160,P001,911,1148,9.8
R8500582,P001,911,1148,5.0
R8500582,P106,911,1148,1.1
R0503072,P001,911,1148,0
R0503072,P002,911,1148,0
R0503072,P003,911,1148,0
R0503072,P004,911,1148,0
D3202577,P001,911,1148,2.3
D3202577,P002,911,1148,2.2
R0500400,P003,911,1154,0
R9702160,P001,911,1154,7.9
R8500582,P001,911,1154,4.8
R8500582,P106,911,1154,1.1
R0503072,P001,911,1154,0
R0503072,P002,911,1154,0
R0503072,P003,911,1154,0
R0503072,P004,911,1154,0
D3202577,P001,911,1154,2.3
D3202577,P002,911,1154,2.2
R8500582,P001,911,1200,3.5
R8500582,P106,911,1200,1.1
R0503072,P001,911,1200,0
R0503072,P001,922,1200,0
R0503072,P001,923,1200,0
R0503072,P001,924,1200,0
R0503072,P001,936,1200,0
R0503072,P002,911,1200,0
R0503072,P002,922,1200,0
R0503072,P002,923,1200,0
R0503072,P002,924,1200,0
R0503072,P002,936,1200,0
R0503072,P003,911,1200,0
R0503072,P003,922,1200,0
R0503072,P003,923,1200,0
R0503072,P003,924,1200,0
R0503072,P003,936,1200,0
R0503072,P004,911,1200,0
R0503072,P004,922,1200,0
R0503072,P004,923,1200,0
R0503072,P004,924,1200,0
R0503072,P004,936,1200,0
D3202577,P001,911,1200,2.2
D3202577,P001,922,1200,1
D3202577,P001,923,1200,87
D3202577,P001,924,1200,9
D3202577,P001,926,1200,9
D3202577,P001,936,1200,11.9
D3202577,P001,937,1200,8.1
D3202577,P002,911,1200,2.2
D3202577,P002,922,1200,3
D3202577,P002,923,1200,90
D3202577,P002,924,1200,0
D3202577,P002,926,1200,13
D3202577,P002,936,1200,11.8
D3202577,P002,937,1200,8.3
R0500400,P003,911,1200,0
R0500400,P003,922,1200,0
R0500400,P003,923,1200,0
R0500400,P003,936,1200,0
R0500400,P003,948,1200,0
R0500400,P003,959,1200,0
R9702160,P001,911,1200,8.4
R9702160,P001,922,1200,36
R9702160,P001,923,1200,89
R9702160,P001,936,1200,3.6
R9702160,P001,948,1200,198326
R9702160,P001,959,1200,152
R0503072,P001,948,1200,0
R0503072,P001,959,1200,32
R0503072,P002,948,1200,0
R0503072,P002,959,1200,31
R0503072,P003,948,1200,0
R0503072,P003,959,1200,34
R0503072,P004,948,1200,0
R0503072,P004,959,1200,34
D3202577,P001,948,1200,70870
D3202577,P001,959,1200,132
D3202577,P002,948,1200,78802
D3202577,P002,959,1200,129
R0500400,P003,911,1206,0
R8500582,P001,911,1206,2.7
R8500582,P106,911,1206,1.1
R0503072,P001,911,1206,0
R0503072,P002,911,1206,0
R0503072,P003,911,1206,0
R0503072,P004,911,1206,0
D3202577,P001,911,1206,2.2
D3202577,P002,911,1206,2.2
R9702160,P001,911,1206,10.1
R0500400,P003,911,1212,0
R8500582,P001,911,1212,2.5
R8500582,P106,911,1212,1.1
R0503072,P001,911,1212,0
R0503072,P002,911,1212,0
R0503072,P003,911,1212,0
R0503072,P004,911,1212,0
D3202577,P001,911,1212,2.3
D3202577,P002,911,1212,2.2
R9702160,P001,911,1212,9.8
R0500400,P003,922,1215,0
R0500400,P003,923,1215,0
R0500400,P003,936,1215,0
R9702160,P001,922,1215,28
R9702160,P001,923,1215,110
R9702160,P001,936,1215,3.9
R0503072,P001,922,1215,0
R0503072,P001,923,1215,0
R0503072,P001,924,1215,0
R0503072,P001,936,1215,0
R0503072,P002,922,1215,0
R0503072,P002,923,1215,0
R0503072,P002,924,1215,0
R0503072,P002,936,1215,0
R0503072,P003,922,1215,0
R0503072,P003,923,1215,0
R0503072,P003,924,1215,0
R0503072,P003,936,1215,0
R0503072,P004,922,1215,0
R0503072,P004,923,1215,0
R0503072,P004,924,1215,0
R0503072,P004,936,1215,0
D3202577,P001,922,1215,2
D3202577,P001,923,1215,70
D3202577,P001,924,1215,12
D3202577,P001,926,1215,8
D3202577,P001,936,1215,10.7
D3202577,P001,937,1215,8.2
D3202577,P002,922,1215,3
D3202577,P002,923,1215,88
D3202577,P002,924,1215,1
D3202577,P002,926,1215,13
D3202577,P002,936,1215,11.1
D3202577,P002,937,1215,7.9
R0500400,P003,911,1218,0
R9702160,P001,911,1218,9.5
R8500582,P001,911,1218,2.5
R8500582,P106,911,1218,1.1
R0503072,P001,911,1218,0
R0503072,P002,911,1218,0
R0503072,P003,911,1218,0
R0503072,P004,911,1218,0
D3202577,P001,911,1218,2.3
D3202577,P002,911,1218,2.2
R0500400,P003,911,1224,0
R9702160,P001,911,1224,13.8
R8500582,P001,911,1224,2.7
R8500582,P106,911,1224,1.1
R0503072,P001,911,1224,0
R0503072,P002,911,1224,0
R0503072,P003,911,1224,0
R0503072,P004,911,1224,0
D3202577,P001,911,1224,2.3
D3202577,P002,911,1224,2.2
R0500400,P003,911,1230,0
R0500400,P003,922,1230,0
R0500400,P003,923,1230,0
R0500400,P003,936,1230,0
R9702160,P001,911,1230,8.2
R9702160,P001,922,1230,18
R9702160,P001,923,1230,85
R9702160,P001,936,1230,3.9
R8500582,P001,911,1230,2.7
R8500582,P106,911,1230,1.1
R0503072,P001,911,1230,0
R0503072,P001,922,1230,0
R0503072,P001,923,1230,0
R0503072,P001,924,1230,0
R0503072,P001,936,1230,0
R0503072,P002,911,1230,0
R0503072,P002,922,1230,0
R0503072,P002,923,1230,0
R0503072,P002,924,1230,0
R0503072,P002,936,1230,0
R0503072,P003,911,1230,0
R0503072,P003,922,1230,0
R0503072,P003,923,1230,0
R0503072,P003,924,1230,0
R0503072,P003,936,1230,0
R0503072,P004,911,1230,0
R0503072,P004,922,1230,0
R0503072,P004,923,1230,0
R0503072,P004,924,1230,0
R0503072,P004,936,1230,0
D3202577,P001,911,1230,2.3
D3202577,P001,922,1230,3
D3202577,P001,923,1230,83
D3202577,P001,924,1230,7
D3202577,P001,926,1230,14
D3202577,P001,936,1230,11.3
D3202577,P001,937,1230,8.7
D3202577,P002,911,1230,2.2
D3202577,P002,922,1230,3
D3202577,P002,923,1230,88
D3202577,P002,924,1230,2
D3202577,P002,926,1230,14
D3202577,P002,936,1230,11.1
D3202577,P002,937,1230,8.0
R0500400,P003,911,1236,0
R9702160,P001,911,1236,7.2
R8500582,P001,911,1236,3.0
R8500582,P106,911,1236,1.1
R0503072,P001,911,1236,0
R0503072,P002,911,1236,0
R0503072,P003,911,1236,0
R0503072,P004,911,1236,0
D3202577,P001,911,1236,2.3
D3202577,P002,911,1236,2.2
R0500400,P003,911,1242,0
R9702160,P001,911,1242,7.0
R8500582,P001,911,1242,3.1
R8500582,P106,911,1242,1.1
R0503072,P001,911,1242,0
R0503072,P002,911,1242,0
R0503072,P003,911,1242,0
R0503072,P004,911,1242,0
D3202577,P001,911,1242,2.2
D3202577,P002,911,1242,2.2
R0500400,P003,922,1245,0
R0500400,P003,923,1245,0
R0500400,P003,936,1245,0
R9702160,P001,922,1245,54
R9702160,P001,923,1245,69
R9702160,P001,936,1245,3.4
R0503072,P001,922,1245,0
R0503072,P001,923,1245,0
R0503072,P001,924,1245,0
R0503072,P001,936,1245,0
R0503072,P002,922,1245,0
R0503072,P002,923,1245,0
R0503072,P002,924,1245,0
R0503072,P002,936,1245,0
R0503072,P003,922,1245,0
R0503072,P003,923,1245,0
R0503072,P003,924,1245,0
R0503072,P003,936,1245,0
R0503072,P004,922,1245,0
R0503072,P004,923,1245,0
R0503072,P004,924,1245,0
R0503072,P004,936,1245,0
D3202577,P001,922,1245,2
D3202577,P001,923,1245,88
D3202577,P001,924,1245,4
D3202577,P001,926,1245,14
D3202577,P001,936,1245,11.6
D3202577,P001,937,1245,8.4
D3202577,P002,922,1245,2
D3202577,P002,923,1245,83
D3202577,P002,924,1245,1
D3202577,P002,926,1245,11
D3202577,P002,936,1245,11.1
D3202577,P002,937,1245,7.7
R0500400,P003,911,1248,0
R9702160,P001,911,1248,6.9
R8500582,P001,911,1248,3.4
R8500582,P106,911,1248,1.1
R0503072,P001,911,1248,0
R0503072,P002,911,1248,0
R0503072,P003,911,1248,0
R0503072,P004,911,1248,0
D3202577,P001,911,1248,2.3
D3202577,P002,911,1248,2.2
R0500400,P003,911,1254,0
R9702160,P001,911,1254,7.0
R8500582,P001,911,1254,4.0
R8500582,P106,911,1254,1.1
R0503072,P001,911,1254,0
R0503072,P002,911,1254,0
R0503072,P003,911,1254,0
R0503072,P004,911,1254,0
D3202577,P001,911,1254,2.2
D3202577,P002,911,1254,2.2
R9702160,P001,911,1300,7.1
R8500582,P001,911,1300,5.4
R8500582,P106,911,1300,1.1
R0503072,P001,911,1300,0
R0503072,P001,922,1300,0
R0503072,P001,923,1300,0
R0503072,P001,924,1300,0
R0503072,P001,936,1300,0
R0503072,P002,911,1300,0
R0503072,P002,922,1300,0
R0503072,P002,923,1300,0
R0503072,P002,924,1300,0
R0503072,P002,936,1300,0
R0503072,P003,911,1300,0
R0503072,P003,922,1300,0
R0503072,P003,923,1300,0
R0503072,P003,924,1300,0
R0503072,P003,936,1300,0
R0503072,P004,911,1300,0
R0503072,P004,922,1300,0
R0503072,P004,923,1300,0
R0503072,P004,924,1300,0
R0503072,P004,936,1300,0
D3202577,P001,911,1300,2.2
D3202577,P001,922,1300,4
D3202577,P001,923,1300,73
D3202577,P001,924,1300,2
D3202577,P001,926,1300,12
D3202577,P001,936,1300,10.7
D3202577,P001,937,1300,8.2
D3202577,P002,911,1300,2.2
D3202577,P002,922,1300,4
D3202577,P002,923,1300,94
D3202577,P002,924,1300,1
D3202577,P002,926,1300,14
D3202577,P002,936,1300,10.9
D3202577,P002,937,1300,8.0
R0500400,P003,911,1300,0
R0500400,P003,922,1300,0
R0500400,P003,923,1300,0
R0500400,P003,936,1300,0
R0500400,P003,948,1300,0
R0500400,P003,959,1300,0
R9702160,P001,922,1300,40
R9702160,P001,923,1300,81
R9702160,P001,936,1300,3.5
R9702160,P001,948,1300,198806
R9702160,P001,959,1300,150
R0503072,P001,948,1300,0
R0503072,P001,959,1300,31
R0503072,P002,948,1300,0
R0503072,P002,959,1300,30
R0503072,P003,948,1300,0
R0503072,P003,959,1300,33
R0503072,P004,948,1300,0
R0503072,P004,959,1300,33
D3202577,P001,948,1300,73922
D3202577,P001,959,1300,132
D3202577,P002,948,1300,79065
D3202577,P002,959,1300,130
R0500400,P003,911,1306,0
R8500582,P001,911,1306,5.2
R8500582,P106,911,1306,1.1
R0503072,P001,911,1306,0
R0503072,P002,911,1306,0
R0503072,P003,911,1306,0
R0503072,P004,911,1306,0
D3202577,P001,911,1306,2.2
D3202577,P002,911,1306,2.2
R9702160,P001,911,1306,6.9
R0500400,P003,911,1312,0
R8500582,P001,911,1312,4.1
R8500582,P106,911,1312,1.1
R0503072,P001,911,1312,0
R0503072,P002,911,1312,0
R0503072,P003,911,1312,0
R0503072,P004,911,1312,0
D3202577,P001,911,1312,2.3
D3202577,P002,911,1312,2.2
R9702160,P001,911,1312,7.3
R0500400,P003,922,1315,0
R0500400,P003,923,1315,0
R0500400,P003,936,1315,0
R9702160,P001,922,1315,50
R9702160,P001,923,1315,92
R9702160,P001,936,1315,3.5
R0503072,P001,922,1315,0
R0503072,P001,923,1315,0
R0503072,P001,924,1315,0
R0503072,P001,936,1315,0
R0503072,P002,922,1315,0
R0503072,P002,923,1315,0
R0503072,P002,924,1315,0
R0503072,P002,936,1315,0
R0503072,P003,922,1315,0
R0503072,P003,923,1315,0
R0503072,P003,924,1315,0
R0503072,P003,936,1315,0
R0503072,P004,922,1315,0
R0503072,P004,923,1315,0
R0503072,P004,924,1315,0
R0503072,P004,936,1315,0
D3202577,P001,922,1315,3
D3202577,P001,923,1315,77
D3202577,P001,924,1315,9
D3202577,P001,926,1315,14
D3202577,P001,936,1315,11.7
D3202577,P001,937,1315,8.4
D3202577,P002,922,1315,3
D3202577,P002,923,1315,91
D3202577,P002,924,1315,4
D3202577,P002,926,1315,14
D3202577,P002,936,1315,11.7
D3202577,P002,937,1315,8.1
R0500400,P003,911,1318,0
R9702160,P001,911,1318,7.1
R8500582,P001,911,1318,2.7
R8500582,P106,911,1318,1.0
R0503072,P001,911,1318,0
R0503072,P002,911,1318,0
R0503072,P003,911,1318,0
R0503072,P004,911,1318,0
D3202577,P001,911,1318,2.2
D3202577,P002,911,1318,2.2
R0500400,P003,911,1324,0
R9702160,P001,911,1324,7.1
R8500582,P001,911,1324,2.6
R8500582,P106,911,1324,1.1
R0503072,P001,911,1324,0
R0503072,P002,911,1324,0
R0503072,P003,911,1324,0
R0503072,P004,911,1324,0
D3202577,P001,911,1324,2.3
D3202577,P002,911,1324,2.2
R0500400,P003,911,1330,0
R0500400,P003,922,1330,0
R0500400,P003,923,1330,0
R0500400,P003,936,1330,0
R9702160,P001,911,1330,7.1
R9702160,P001,922,1330,41
R9702160,P001,923,1330,80
R9702160,P001,936,1330,3.4
R8500582,P001,911,1330,2.7
R8500582,P106,911,1330,1.1
R0503072,P001,911,1330,0
R0503072,P001,922,1330,0
R0503072,P001,923,1330,0
R0503072,P001,924,1330,0
R0503072,P001,936,1330,0
R0503072,P002,911,1330,0
R0503072,P002,922,1330,0
R0503072,P002,923,1330,0
R0503072,P002,924,1330,0
R0503072,P002,936,1330,0
R0503072,P003,911,1330,0
R0503072,P003,922,1330,0
R0503072,P003,923,1330,0
R0503072,P003,924,1330,0
R0503072,P003,936,1330,0
R0503072,P004,911,1330,0
R0503072,P004,922,1330,0
R0503072,P004,923,1330,0
R0503072,P004,924,1330,0
R0503072,P004,936,1330,0
D3202577,P001,911,1330,2.2
D3202577,P001,922,1330,2
D3202577,P001,923,1330,82
D3202577,P001,924,1330,6
D3202577,P001,926,1330,11
D3202577,P001,936,1330,11.0
D3202577,P001,937,1330,8.2
D3202577,P002,911,1330,2.2
D3202577,P002,922,1330,3
D3202577,P002,923,1330,94
D3202577,P002,924,1330,1
D3202577,P002,926,1330,14
D3202577,P002,936,1330,11.2
D3202577,P002,937,1330,8.0
R0500400,P003,911,1336,0
R9702160,P001,911,1336,7.2
R8500582,P001,911,1336,2.7
R8500582,P106,911,1336,1.1
R0503072,P001,911,1336,0
R0503072,P002,911,1336,0
R0503072,P003,911,1336,0
R0503072,P004,911,1336,0
D3202577,P001,911,1336,2.2
D3202577,P002,911,1336,2.2
R0500400,P003,911,1342,0
R9702160,P001,911,1342,7.0
R8500582,P001,911,1342,2.9
R8500582,P106,911,1342,1.1
R0503072,P001,911,1342,0
R0503072,P002,911,1342,0
R0503072,P003,911,1342,0
R0503072,P004,911,1342,0
D3202577,P001,911,1342,2.2
D3202577,P002,911,1342,2.2
R0500400,P003,922,1345,0
R0500400,P003,923,1345,0
R0500400,P003,936,1345,0
R9702160,P001,922,1345,35
R9702160,P001,923,1345,78
R9702160,P001,936,1345,3.5
R0503072,P001,922,1345,0
R0503072,P001,923,1345,0
R0503072,P001,924,1345,0
R0503072,P001,936,1345,0
R0503072,P002,922,1345,0
R0503072,P002,923,1345,0
R0503072,P002,924,1345,0
R0503072,P002,936,1345,0
R0503072,P003,922,1345,0
R0503072,P003,923,1345,0
R0503072,P003,924,1345,0
R0503072,P003,936,1345,0
R0503072,P004,922,1345,0
R0503072,P004,923,1345,0
R0503072,P004,924,1345,0
R0503072,P004,936,1345,0
D3202577,P001,922,1345,7
D3202577,P001,923,1345,75
D3202577,P001,924,1345,43
D3202577,P001,926,1345,15
D3202577,P001,936,1345,10.7
D3202577,P001,937,1345,8.3
D3202577,P002,922,1345,1
D3202577,P002,923,1345,93
D3202577,P002,924,1345,1
D3202577,P002,926,1345,10
D3202577,P002,936,1345,11.4
D3202577,P002,937,1345,8.0
R0500400,P003,911,1348,0
R9702160,P001,911,1348,7.1
R8500582,P001,911,1348,3.3
R8500582,P106,911,1348,1.1
R0503072,P001,911,1348,0
R0503072,P002,911,1348,0
R0503072,P003,911,1348,0
R0503072,P004,911,1348,0
D3202577,P001,911,1348,2.2
D3202577,P002,911,1348,2.2
R0500400,P003,911,1354,0
R9702160,P001,911,1354,7.1
R8500582,P001,911,1354,4.7
R8500582,P106,911,1354,1.1
R0503072,P001,911,1354,0
R0503072,P002,911,1354,0
R0503072,P003,911,1354,0
R0503072,P004,911,1354,0
D3202577,P001,911,1354,2.2
D3202577,P002,911,1354,2.2
R9702160,P001,911,1400,9.6
R8500582,P001,911,1400,5.0
R8500582,P106,911,1400,1.1
R0503072,P001,911,1400,0
R0503072,P001,922,1400,0
R0503072,P001,923,1400,0
R0503072,P001,924,1400,0
R0503072,P001,936,1400,0
R0503072,P002,911,1400,0
R0503072,P002,922,1400,0
R0503072,P002,923,1400,0
R0503072,P002,924,1400,0
R0503072,P002,936,1400,0
R0503072,P003,911,1400,0
R0503072,P003,922,1400,0
R0503072,P003,923,1400,0
R0503072,P003,924,1400,0
R0503072,P003,936,1400,0
R0503072,P004,911,1400,0
R0503072,P004,922,1400,0
R0503072,P004,923,1400,0
R0503072,P004,924,1400,0
R0503072,P004,936,1400,0
D3202577,P001,911,1400,2.3
D3202577,P001,922,1400,4
D3202577,P001,923,1400,75
D3202577,P001,924,1400,14
D3202577,P001,926,1400,12
D3202577,P001,936,1400,11.0
D3202577,P001,937,1400,8.4
D3202577,P002,911,1400,2.2
D3202577,P002,922,1400,5
D3202577,P002,923,1400,81
D3202577,P002,924,1400,3
D3202577,P002,926,1400,15
D3202577,P002,936,1400,10.9
D3202577,P002,937,1400,8.0
R0500400,P003,911,1406,0
R8500582,P001,911,1406,4.5
R8500582,P106,911,1406,1.1
R0503072,P001,911,1406,0
R0503072,P002,911,1406,0
R0503072,P003,911,1406,0
R0503072,P004,911,1406,0
D3202577,P001,911,1406,2.3
D3202577,P002,911,1406,2.2
R0500400,P003,911,1412,0
R8500582,P001,911,1412,4.2
R8500582,P106,911,1412,1.1
R0503072,P001,911,1412,0
R0503072,P002,911,1412,0
R0503072,P003,911,1412,0
R0503072,P004,911,1412,0
D3202577,P001,911,1412,2.2
D3202577,P002,911,1412,2.2
R0500400,P003,911,1418,0
