2016-12-26,1482681600,,,
F0501686,P001,911,0000,0.60
F0501686,P002,911,0000,1.30
F0701702,P001,911,0000,1.10
F0701702,P001,923,0000,0.00
F0701702,P002,911,0000,10.90
F0701702,P002,922,0000,27.00
F0703948,P001,922,0000,9.00
F0703948,P001,923,0000,96.00
F0703948,P002,922,0000,2.00
F0703948,P002,924,0000,8.00
F0501686,P001,923,0000,103.00
F0501686,P001,924,0000,18.00
F0501686,P002,922,0000,8.00
F0501686,P002,924,0000,27.00
F0701702,P001,922,0000,0.00
F0701702,P002,923,0000,85.00
F0703948,P001,911,0000,1.00
F0703948,P001,924,0000,13.00
F0703948,P002,923,0000,100.00
F1600491,P501,911,0000,0.00
F1700736,P601,923,0000,14.00
F1700736,P701,923,0000,1.00
F2300972,P101,911,0000,2.20
F0703948,P002,911,0000,1.90
F1600491,P501,922,0000,0.00
F1600491,P901,911,0000,10.30
F1700736,P601,922,0000,3.00
F1700736,P701,911,0000,3.60
F2300972,P101,922,0000,3.00
F0703948,P003,911,0000,1.60
F0703948,P003,922,0000,5.00
F0703948,P003,924,0000,14.00
F1600491,P501,923,0000,0.00
F1600491,P901,922,0000,30.00
F1700736,P601,911,0000,2.00
F2300972,P101,924,0000,2.00
F2300972,P201,924,0000,16.00
F2300972,P301,924,0000,2.00
F0501686,P001,922,0000,5.00
F0501686,P002,923,0000,56.00
F0703948,P003,923,0000,123.00
F1600491,P901,923,0000,69.00
F1700736,P701,922,0000,0.00
F2300972,P201,911,0000,2.20
F2300972,P201,923,0000,82.00
F2300972,P301,922,0000,10.00
F2300972,P101,923,0000,72.00
F2300972,P201,922,0000,6.00
F2300972,P301,911,0000,1.80
F2300972,P301,923,0000,90.00
F0501686,P001,911,0006,0.60
F0501686,P002,911,0006,1.30
F0701702,P001,911,0006,1.10
F0701702,P002,911,0006,10.90
F0703948,P001,911,0006,1.00
F1600491,P501,911,0006,0.00
F2300972,P101,911,0006,2.20
F0703948,P002,911,0006,1.70
F1600491,P901,911,0006,10.30
F1700736,P701,911,0006,3.60
F0703948,P003,911,0006,1.60
F1700736,P601,911,0006,2.00
F2300972,P201,911,0006,2.30
F2300972,P301,911,0006,1.80
F0501686,P001,911,0012,0.60
F0501686,P002,911,0012,1.40
F0701702,P001,911,0012,1.10
F0701702,P002,911,0012,10.90
F0703948,P001,911,0012,1.00
F1600491,P501,911,0012,0.00
F2300972,P101,911,0012,2.20
F0703948,P002,911,0012,1.80
F1600491,P901,911,0012,10.30
F1700736,P701,911,0012,3.60
F0703948,P003,911,0012,1.60
F1700736,P601,911,0012,1.90
F2300972,P201,911,0012,2.20
F2300972,P301,911,0012,1.90
F0701702,P001,923,0015,0.00
F0701702,P002,922,0015,26.00
F0703948,P001,922,0015,10.00
F0703948,P001,923,0015,92.00
F0703948,P002,922,0015,1.00
F0703948,P002,924,0015,7.00
F0501686,P001,923,0015,94.00
F0501686,P001,924,0015,19.00
F0501686,P002,922,0015,9.00
F0501686,P002,924,0015,32.00
F0701702,P001,922,0015,0.00
F0701702,P002,923,0015,79.00
F0703948,P001,924,0015,17.00
F0703948,P002,923,0015,102.00
F1700736,P601,923,0015,14.00
F1700736,P701,923,0015,1.00
F1600491,P501,922,0015,0.00
F1700736,P601,922,0015,3.00
F2300972,P101,922,0015,5.00
F0703948,P003,922,0015,7.00
F0703948,P003,924,0015,18.00
F1600491,P501,923,0015,0.00
F1600491,P901,922,0015,29.00
F2300972,P101,924,0015,2.00
F2300972,P201,924,0015,12.00
F2300972,P301,924,0015,2.00
F0501686,P001,922,0015,6.00
F0501686,P002,923,0015,60.00
F0703948,P003,923,0015,119.00
F1600491,P901,923,0015,72.00
F1700736,P701,922,0015,0.00
F2300972,P201,923,0015,83.00
F2300972,P301,922,0015,7.00
F2300972,P101,923,0015,73.00
F2300972,P201,922,0015,5.00
F2300972,P301,923,0015,95.00
F0501686,P001,911,0018,0.60
F0501686,P002,911,0018,1.40
F0701702,P001,911,0018,1.10
F0701702,P002,911,0018,10.90
F0703948,P001,911,0018,1.10
F1600491,P501,911,0018,0.00
F2300972,P101,911,0018,2.20
F0703948,P002,911,0018,2.70
F1600491,P901,911,0018,10.40
F1700736,P701,911,0018,3.60
F0703948,P003,911,0018,1.60
F1700736,P601,911,0018,1.90
F2300972,P201,911,0018,2.30
F2300972,P301,911,0018,1.80
F0501686,P001,911,0024,0.60
F0501686,P002,911,0024,1.30
F0701702,P001,911,0024,1.10
F0701702,P002,911,0024,11.00
F0703948,P001,911,0024,1.00
F1600491,P501,911,0024,0.00
F0703948,P002,911,0024,2.20
F1600491,P901,911,0024,10.40
F1700736,P701,911,0024,3.60
F0703948,P003,911,0024,1.60
F1700736,P601,911,0024,1.90
F2300972,P201,911,0024,2.10
F2300972,P101,911,0024,2.20
F2300972,P301,911,0024,1.90
F0501686,P001,911,0030,0.60
F0501686,P002,911,0030,1.40
F0701702,P001,911,0030,1.10
F0701702,P001,923,0030,0.00
F0701702,P002,911,0030,10.90
F0701702,P002,922,0030,27.00
F0703948,P001,922,0030,9.00
F0703948,P001,923,0030,106.00
F0703948,P002,922,0030,2.00
F0703948,P002,924,0030,18.00
F0501686,P001,923,0030,89.00
F0501686,P001,924,0030,18.00
F0501686,P002,922,0030,10.00
F0501686,P002,924,0030,76.00
F0701702,P001,922,0030,0.00
F0701702,P002,923,0030,83.00
F0703948,P001,911,0030,1.10
F0703948,P001,924,0030,16.00
F0703948,P002,923,0030,93.00
F1600491,P501,911,0030,0.00
F1700736,P601,923,0030,15.00
F1700736,P701,923,0030,1.00
F0703948,P002,911,0030,2.00
F1600491,P501,922,0030,0.00
F1600491,P901,911,0030,10.40
F1700736,P601,922,0030,3.00
F1700736,P701,911,0030,3.60
F2300972,P101,922,0030,4.00
F0703948,P003,911,0030,1.60
F0703948,P003,922,0030,12.00
F0703948,P003,924,0030,19.00
F1600491,P501,923,0030,0.00
F1600491,P901,922,0030,28.00
F1700736,P601,911,0030,1.90
F2300972,P101,924,0030,2.00
F2300972,P201,924,0030,2.00
F2300972,P301,924,0030,3.00
F0501686,P001,922,0030,6.00
F0501686,P002,923,0030,79.00
F0703948,P003,923,0030,116.00
F1600491,P901,923,0030,72.00
F1700736,P701,922,0030,0.00
F2300972,P201,911,0030,2.20
F2300972,P201,923,0030,84.00
F2300972,P301,922,0030,8.00
F2300972,P101,911,0030,2.20
F2300972,P101,923,0030,78.00
F2300972,P201,922,0030,7.00
F2300972,P301,911,0030,1.90
F2300972,P301,923,0030,92.00
F0501686,P001,911,0036,0.60
F0501686,P002,911,0036,1.50
F0701702,P001,911,0036,1.10
F0701702,P002,911,0036,10.90
F0703948,P001,911,0036,1.00
F1600491,P501,911,0036,0.00
F0703948,P002,911,0036,1.90
F1600491,P901,911,0036,10.40
F1700736,P701,911,0036,3.60
F0703948,P003,911,0036,1.60
F1700736,P601,911,0036,1.90
F2300972,P201,911,0036,2.20
F2300972,P101,911,0036,2.20
F2300972,P301,911,0036,1.90
F0501686,P001,911,0042,0.60
F0501686,P002,911,0042,1.40
F0701702,P001,911,0042,1.10
F0701702,P002,911,0042,10.90
F0703948,P001,911,0042,1.10
F1600491,P501,911,0042,0.00
F0703948,P002,911,0042,1.80
F1600491,P901,911,0042,10.40
F1700736,P701,911,0042,3.60
F0703948,P003,911,0042,1.60
F1700736,P601,911,0042,1.90
F2300972,P201,911,0042,2.30
F2300972,P101,911,0042,2.20
F2300972,P301,911,0042,1.90
F0701702,P001,923,0045,0.00
F0701702,P002,922,0045,26.00
F0703948,P001,922,0045,8.00
F0703948,P001,923,0045,162.00
F0703948,P002,922,0045,2.00
F0703948,P002,924,0045,23.00
F0501686,P001,923,0045,81.00
F0501686,P001,924,0045,20.00
F0501686,P002,922,0045,11.00
F0501686,P002,924,0045,47.00
F0701702,P001,922,0045,0.00
F0701702,P002,923,0045,82.00
F0703948,P001,924,0045,8.00
F0703948,P002,923,0045,89.00
F1700736,P601,923,0045,14.00
F1700736,P701,923,0045,1.00
F1600491,P501,922,0045,0.00
F1700736,P601,922,0045,3.00
F2300972,P101,922,0045,3.00
F0703948,P003,922,0045,11.00
F0703948,P003,924,0045,17.00
F1600491,P501,923,0045,0.00
F1600491,P901,922,0045,28.00
F2300972,P101,924,0045,1.00
F2300972,P201,924,0045,1.00
F2300972,P301,924,0045,2.00
F0501686,P001,922,0045,5.00
F0501686,P002,923,0045,73.00
F0703948,P003,923,0045,108.00
F1600491,P901,923,0045,66.00
F1700736,P701,922,0045,0.00
F2300972,P201,923,0045,89.00
F2300972,P301,922,0045,9.00
F2300972,P101,923,0045,75.00
F2300972,P201,922,0045,4.00
F2300972,P301,923,0045,93.00
F0501686,P001,911,0048,0.60
F0501686,P002,911,0048,1.20
F0701702,P001,911,0048,1.10
F0701702,P002,911,0048,10.90
F0703948,P001,911,0048,1.10
F1600491,P501,911,0048,0.00
F0703948,P002,911,0048,1.90
F1600491,P901,911,0048,10.40
F1700736,P701,911,0048,3.60
F0703948,P003,911,0048,1.60
F1700736,P601,911,0048,1.90
F2300972,P201,911,0048,2.30
F2300972,P101,911,0048,2.20
F2300972,P301,911,0048,1.90
F0501686,P001,911,0054,0.60
F0501686,P002,911,0054,1.30
F0701702,P001,911,0054,1.10
F0701702,P002,911,0054,10.90
F0703948,P001,911,0054,1.10
F1600491,P501,911,0054,0.00
F0703948,P002,911,0054,1.90
F1600491,P901,911,0054,10.40
F1700736,P701,911,0054,3.60
F0703948,P003,911,0054,1.60
F1700736,P601,911,0054,1.90
F2300972,P201,911,0054,2.20
F2300972,P101,911,0054,2.20
F2300972,P301,911,0054,1.90
F0501686,P001,911,0100,0.60
F0501686,P001,923,0100,84.00
F0701702,P001,911,0100,1.10
F0701702,P002,923,0100,84.00
F0703948,P001,911,0100,1.00
F0703948,P001,923,0100,74.00
F0703948,P003,923,0100,125.00
F1600491,P901,911,0100,10.30
F1700736,P601,922,0100,3.00
F1700736,P701,911,0100,3.60
F2300972,P101,922,0100,3.00
F0501686,P002,922,0100,8.00
F0703948,P001,922,0100,11.00
F0703948,P002,911,0100,1.70
F0703948,P002,924,0100,6.00
F0703948,P003,911,0100,1.60
F1600491,P501,911,0100,0.00
F1600491,P901,923,0100,69.00
F1700736,P701,922,0100,0.00
F2300972,P101,911,0100,2.20
F2300972,P101,923,0100,72.00
F2300972,P201,922,0100,4.00
F0501686,P001,924,0100,21.00
F0501686,P002,924,0100,24.00
F0701702,P001,923,0100,0.00
F0701702,P002,911,0100,10.90
F0701702,P002,922,0100,27.00
F0703948,P001,924,0100,16.00
F0703948,P002,922,0100,2.00
F1600491,P501,922,0100,0.00
F1600491,P901,922,0100,28.00
F1700736,P601,923,0100,14.00
F1700736,P701,923,0100,1.00
F2300972,P201,911,0100,2.30
F2300972,P201,923,0100,81.00
F2300972,P301,911,0100,1.90
F2300972,P201,924,0100,2.00
F2300972,P301,924,0100,2.00
F0501686,P001,922,0100,5.00
F0501686,P002,911,0100,1.30
F0501686,P002,923,0100,71.00
F0701702,P001,922,0100,0.00
F0703948,P002,923,0100,109.00
F0703948,P003,922,0100,8.00
F0703948,P003,924,0100,19.00
F1600491,P501,923,0100,0.00
F1700736,P601,911,0100,1.90
F2300972,P101,924,0100,2.00
F2300972,P301,922,0100,5.00
F2300972,P301,923,0100,97.00
F0501686,P001,911,0106,0.60
F0701702,P001,911,0106,1.10
F0703948,P001,911,0106,1.00
F1600491,P901,911,0106,10.30
F1700736,P701,911,0106,3.60
F0703948,P002,911,0106,1.80
F0703948,P003,911,0106,1.60
F1600491,P501,911,0106,0.00
F2300972,P101,911,0106,2.20
F0701702,P002,911,0106,10.90
F2300972,P201,911,0106,2.20
F2300972,P301,911,0106,1.80
F0501686,P002,911,0106,1.30
F1700736,P601,911,0106,1.90
F0501686,P001,911,0112,0.70
F0701702,P001,911,0112,1.10
F0703948,P001,911,0112,1.10
F1600491,P901,911,0112,10.30
F1700736,P701,911,0112,3.60
F0703948,P002,911,0112,1.90
F0703948,P003,911,0112,1.60
F1600491,P501,911,0112,0.00
F2300972,P101,911,0112,2.20
F0701702,P002,911,0112,10.90
F2300972,P201,911,0112,2.30
F2300972,P301,911,0112,1.80
F0501686,P002,911,0112,1.30
F1700736,P601,911,0112,1.90
F0701702,P002,923,0115,87.00
F0703948,P001,923,0115,100.00
F0703948,P003,923,0115,117.00
F1700736,P601,922,0115,3.00
F2300972,P101,922,0115,5.00
F0703948,P001,922,0115,11.00
F0703948,P002,924,0115,10.00
F1600491,P901,923,0115,68.00
F1700736,P701,922,0115,0.00
F2300972,P101,923,0115,74.00
F2300972,P201,922,0115,4.00
F0701702,P001,923,0115,0.00
F0701702,P002,922,0115,27.00
F0703948,P001,924,0115,19.00
F0703948,P002,922,0115,1.00
F1600491,P501,922,0115,0.00
F1600491,P901,922,0115,27.00
F1700736,P601,923,0115,14.00
F1700736,P701,923,0115,1.00
F2300972,P201,923,0115,83.00
F2300972,P201,924,0115,2.00
F2300972,P301,924,0115,2.00
F0701702,P001,922,0115,0.00
F0703948,P002,923,0115,121.00
F0703948,P003,922,0115,6.00
F0703948,P003,924,0115,21.00
F1600491,P501,923,0115,0.00
F2300972,P101,924,0115,3.00
F2300972,P301,922,0115,5.00
F2300972,P301,923,0115,98.00
F0501686,P001,911,0118,0.60
F0701702,P001,911,0118,1.10
F0703948,P001,911,0118,1.10
F1600491,P901,911,0118,10.30
F1700736,P701,911,0118,3.60
F0703948,P002,911,0118,1.70
F0703948,P003,911,0118,1.60
F1600491,P501,911,0118,0.00
F2300972,P101,911,0118,2.20
F0701702,P002,911,0118,10.90
F2300972,P201,911,0118,2.30
F2300972,P301,911,0118,1.80
F0501686,P002,911,0118,1.30
F1700736,P601,911,0118,1.90
F0701702,P001,911,0124,1.10
F0703948,P001,911,0124,1.10
F1600491,P901,911,0124,10.30
F1700736,P701,911,0124,3.60
F0703948,P002,911,0124,2.50
F0703948,P003,911,0124,1.60
F1600491,P501,911,0124,0.00
F2300972,P101,911,0124,2.20
F0701702,P002,911,0124,11.00
F2300972,P201,911,0124,2.30
F2300972,P301,911,0124,1.80
F1700736,P601,911,0124,1.90
F0701702,P001,911,0130,1.10
F0701702,P002,923,0130,79.00
F0703948,P001,911,0130,1.10
F0703948,P001,923,0130,92.00
F0703948,P003,923,0130,97.00
F1600491,P901,911,0130,10.30
F1700736,P601,922,0130,3.00
F1700736,P701,911,0130,3.60
F2300972,P101,922,0130,5.00
F0703948,P001,922,0130,11.00
F0703948,P002,911,0130,2.10
F0703948,P002,924,0130,11.00
F0703948,P003,911,0130,1.60
F1600491,P501,911,0130,0.00
F1600491,P901,923,0130,68.00
F1700736,P701,922,0130,0.00
F2300972,P101,911,0130,2.20
F2300972,P101,923,0130,69.00
F2300972,P201,922,0130,5.00
F0701702,P001,923,0130,0.00
F0701702,P002,911,0130,10.90
F0701702,P002,922,0130,26.00
F0703948,P001,924,0130,11.00
F0703948,P002,922,0130,1.00
F1600491,P501,922,0130,0.00
F1600491,P901,922,0130,29.00
F1700736,P601,923,0130,14.00
F1700736,P701,923,0130,1.00
F2300972,P201,911,0130,2.30
F2300972,P201,923,0130,83.00
F2300972,P301,911,0130,1.80
F2300972,P201,924,0130,1.00
F2300972,P301,924,0130,5.00
F0701702,P001,922,0130,0.00
F0703948,P002,923,0130,122.00
F0703948,P003,922,0130,6.00
F0703948,P003,924,0130,20.00
F1600491,P501,923,0130,0.00
F1700736,P601,911,0130,1.90
F2300972,P101,924,0130,50.00
F2300972,P301,922,0130,7.00
F2300972,P301,923,0130,88.00
F0701702,P001,911,0136,1.10
F0703948,P001,911,0136,1.00
F1600491,P901,911,0136,10.30
F1700736,P701,911,0136,3.60
F0703948,P002,911,0136,2.00
F0703948,P003,911,0136,1.60
F1600491,P501,911,0136,0.00
F2300972,P101,911,0136,2.20
F0701702,P002,911,0136,10.90
F2300972,P201,911,0136,2.30
F1700736,P601,911,0136,1.90
F2300972,P301,911,0136,1.80
F0701702,P001,911,0142,1.10
F0703948,P001,911,0142,1.00
F1600491,P901,911,0142,10.20
F1700736,P701,911,0142,3.60
F0703948,P002,911,0142,1.80
F0703948,P003,911,0142,1.60
F1600491,P501,911,0142,0.00
F2300972,P101,911,0142,2.20
F0701702,P002,911,0142,10.90
F2300972,P201,911,0142,2.30
F1700736,P601,911,0142,1.90
F2300972,P301,911,0142,1.80
F0701702,P002,923,0145,87.00
F0703948,P001,923,0145,117.00
F0703948,P003,923,0145,108.00
F1700736,P601,922,0145,3.00
F0703948,P001,922,0145,11.00
F0703948,P002,924,0145,9.00
F1600491,P901,923,0145,68.00
F1700736,P701,922,0145,0.00
F2300972,P101,923,0145,80.00
F0701702,P001,923,0145,0.00
F0701702,P002,922,0145,27.00
F0703948,P001,924,0145,19.00
F0703948,P002,922,0145,2.00
F1600491,P501,922,0145,0.00
F1600491,P901,922,0145,28.00
F1700736,P601,923,0145,14.00
F1700736,P701,923,0145,1.00
F2300972,P201,923,0145,77.00
F2300972,P101,922,0145,5.00
F2300972,P201,922,0145,7.00
F2300972,P201,924,0145,15.00
F2300972,P301,924,0145,65.00
F0701702,P001,922,0145,0.00
F0703948,P002,923,0145,114.00
F0703948,P003,922,0145,8.00
F0703948,P003,924,0145,24.00
F1600491,P501,923,0145,0.00
F2300972,P101,924,0145,3.00
F2300972,P301,922,0145,9.00
F2300972,P301,923,0145,74.00
F0701702,P001,911,0148,1.00
F0703948,P001,911,0148,1.00
F1600491,P901,911,0148,10.30
F1700736,P701,911,0148,3.60
F0703948,P002,911,0148,1.80
F0703948,P003,911,0148,1.60
F1600491,P501,911,0148,0.00
F2300972,P101,911,0148,2.20
F0701702,P002,911,0148,10.90
F2300972,P201,911,0148,2.20
F1700736,P601,911,0148,1.90
F2300972,P301,911,0148,1.70
F0701702,P001,911,0154,1.00
F0703948,P001,911,0154,1.00
F1600491,P901,911,0154,10.30
F1700736,P701,911,0154,3.60
F0703948,P002,911,0154,1.90
F0703948,P003,911,0154,1.60
F1600491,P501,911,0154,0.00
F2300972,P101,911,0154,2.20
F0701702,P002,911,0154,10.90
F2300972,P201,911,0154,2.30
F1700736,P601,911,0154,1.90
F2300972,P301,911,0154,1.80
F0501686,P001,911,0200,0.60
F0501686,P001,923,0200,85.00
F0501686,P002,922,0200,8.00
F0701702,P001,911,0200,1.10
F0701702,P002,911,0200,10.90
F0701702,P002,922,0200,26.00
F0703948,P001,924,0200,17.00
F0703948,P002,922,0200,2.00
F0703948,P003,923,0200,94.00
F1600491,P901,911,0200,10.30
F0501686,P001,922,0200,5.00
F0703948,P001,922,0200,9.00
F0703948,P002,911,0200,1.70
F0703948,P002,924,0200,7.00
F0703948,P003,911,0200,1.60
F1600491,P501,911,0200,0.00
F1700736,P601,923,0200,14.00
F1700736,P701,923,0200,1.00
F2300972,P101,911,0200,2.20
F2300972,P101,923,0200,79.00
F0501686,P001,924,0200,30.00
F0501686,P002,924,0200,19.00
F0701702,P001,922,0200,0.00
F0703948,P002,923,0200,116.00
F0703948,P003,922,0200,7.00
F0703948,P003,924,0200,20.00
F1600491,P501,923,0200,0.00
F1600491,P901,922,0200,29.00
F1700736,P601,911,0200,1.90
F2300972,P101,924,0200,7.00
F2300972,P201,924,0200,6.00
F2300972,P301,924,0200,2.00
F2300972,P201,922,0200,6.00
F2300972,P301,911,0200,1.80
F2300972,P301,923,0200,93.00
F0501686,P002,911,0200,1.30
F0501686,P002,923,0200,64.00
F0701702,P001,923,0200,0.00
F0701702,P002,923,0200,79.00
F0703948,P001,911,0200,1.00
F0703948,P001,923,0200,103.00
F1600491,P501,922,0200,0.00
F1700736,P701,922,0200,0.00
F2300972,P101,922,0200,9.00
F1600491,P901,923,0200,69.00
F1700736,P601,922,0200,3.00
F1700736,P701,911,0200,3.60
F2300972,P201,911,0200,2.30
F2300972,P201,923,0200,87.00
F2300972,P301,922,0200,9.00
F0501686,P001,911,0206,0.70
F0701702,P001,911,0206,1.00
F0701702,P002,911,0206,10.90
F1600491,P901,911,0206,10.30
F0703948,P002,911,0206,1.80
F0703948,P003,911,0206,1.60
F1600491,P501,911,0206,0.00
F2300972,P101,911,0206,2.20
F1700736,P601,911,0206,1.90
F2300972,P301,911,0206,1.80
F0501686,P002,911,0206,1.30
F0703948,P001,911,0206,1.00
F1700736,P701,911,0206,3.60
F2300972,P201,911,0206,2.30
F0501686,P001,911,0212,0.70
F0701702,P001,911,0212,1.00
F0701702,P002,911,0212,10.90
F1600491,P901,911,0212,10.30
F0703948,P002,911,0212,1.80
F0703948,P003,911,0212,1.60
F1600491,P501,911,0212,0.00
F2300972,P101,911,0212,2.20
F1700736,P601,911,0212,1.90
F2300972,P301,911,0212,1.80
F0501686,P002,911,0212,1.30
F0703948,P001,911,0212,1.10
F1700736,P701,911,0212,3.60
F2300972,P201,911,0212,2.20
F0501686,P001,923,0215,0.00
F0501686,P002,922,0215,8.00
F0701702,P002,922,0215,26.00
F0703948,P001,924,0215,15.00
F0703948,P002,922,0215,1.00
F0703948,P003,923,0215,102.00
F0501686,P001,922,0215,0.00
F0703948,P001,922,0215,7.00
F0703948,P002,924,0215,10.00
F1700736,P601,923,0215,14.00
F1700736,P701,923,0215,1.00
F2300972,P101,923,0215,76.00
F0501686,P001,924,0215,0.00
F0501686,P002,924,0215,19.00
F0701702,P001,922,0215,0.00
F0703948,P002,923,0215,103.00
F0703948,P003,922,0215,9.00
F0703948,P003,924,0215,19.00
F1600491,P501,923,0215,0.00
F1600491,P901,922,0215,30.00
F2300972,P101,924,0215,3.00
F2300972,P201,924,0215,1.00
F2300972,P301,924,0215,19.00
F2300972,P201,922,0215,5.00
F2300972,P301,923,0215,83.00
F0501686,P002,923,0215,78.00
F0701702,P001,923,0215,0.00
F0701702,P002,923,0215,86.00
F0703948,P001,923,0215,101.00
F1600491,P501,922,0215,0.00
F1700736,P701,922,0215,0.00
F2300972,P101,922,0215,8.00
F1600491,P901,923,0215,68.00
F1700736,P601,922,0215,3.00
F2300972,P201,923,0215,80.00
F2300972,P301,922,0215,7.00
F0501686,P001,911,0218,0.60
F0701702,P001,911,0218,1.10
F0701702,P002,911,0218,10.90
F1600491,P901,911,0218,10.30
F0703948,P002,911,0218,2.00
F0703948,P003,911,0218,1.60
F1600491,P501,911,0218,0.00
F2300972,P101,911,0218,2.20
F1700736,P601,911,0218,1.90
F2300972,P301,911,0218,1.60
F0501686,P002,911,0218,1.30
F0703948,P001,911,0218,1.00
F1700736,P701,911,0218,3.60
F2300972,P201,911,0218,2.20
F0501686,P001,911,0224,0.60
F0701702,P001,911,0224,1.00
F0701702,P002,911,0224,11.00
F1600491,P901,911,0224,10.30
F0703948,P002,911,0224,1.80
F0703948,P003,911,0224,1.60
F1600491,P501,911,0224,0.00
F2300972,P101,911,0224,2.20
F1700736,P601,911,0224,1.90
F2300972,P301,911,0224,1.50
F0501686,P002,911,0224,1.30
F0703948,P001,911,0224,1.00
F1700736,P701,911,0224,3.60
F2300972,P201,911,0224,2.30
F0501686,P001,911,0230,0.70
F0501686,P001,923,0230,108.00
F0501686,P002,922,0230,7.00
F0701702,P001,911,0230,1.00
F0701702,P002,911,0230,10.90
F0701702,P002,922,0230,26.00
F0703948,P001,924,0230,22.00
F0703948,P002,922,0230,1.00
F0703948,P003,923,0230,116.00
F1600491,P901,911,0230,10.30
F0501686,P001,922,0230,7.00
F0703948,P001,922,0230,5.00
F0703948,P002,911,0230,2.40
F0703948,P002,924,0230,6.00
F0703948,P003,911,0230,1.60
F1600491,P501,911,0230,0.00
F1700736,P601,923,0230,14.00
F1700736,P701,923,0230,0.00
F2300972,P101,911,0230,2.20
F2300972,P101,923,0230,73.00
F0501686,P001,924,0230,17.00
F0501686,P002,924,0230,18.00
F0701702,P001,922,0230,0.00
F0703948,P002,923,0230,101.00
F0703948,P003,922,0230,7.00
F0703948,P003,924,0230,24.00
F1600491,P501,923,0230,0.00
F1600491,P901,922,0230,29.00
F1700736,P601,911,0230,1.90
F2300972,P101,924,0230,1.00
F2300972,P201,924,0230,1.00
F2300972,P301,924,0230,12.00
F2300972,P201,922,0230,4.00
F2300972,P301,911,0230,1.40
F2300972,P301,923,0230,84.00
F0501686,P002,911,0230,1.30
F0501686,P002,923,0230,71.00
F0701702,P001,923,0230,0.00
F0701702,P002,923,0230,86.00
F0703948,P001,911,0230,1.10
F0703948,P001,923,0230,90.00
F1600491,P501,922,0230,0.00
F1700736,P701,922,0230,0.00
F2300972,P101,922,0230,9.00
F1600491,P901,923,0230,67.00
F1700736,P601,922,0230,3.00
F1700736,P701,911,0230,3.60
F2300972,P201,911,0230,2.30
F2300972,P201,923,0230,87.00
F2300972,P301,922,0230,5.00
F0501686,P001,911,0236,0.60
F0701702,P001,911,0236,1.00
F0701702,P002,911,0236,10.90
F1600491,P901,911,0236,10.30
F0703948,P002,911,0236,1.90
F0703948,P003,911,0236,1.60
F1600491,P501,911,0236,0.00
F2300972,P101,911,0236,2.20
F1700736,P601,911,0236,1.90
F2300972,P301,911,0236,1.50
F0501686,P002,911,0236,1.30
F0703948,P001,911,0236,1.00
F1700736,P701,911,0236,3.60
F2300972,P201,911,0236,2.20
F0501686,P001,911,0242,0.60
F0701702,P001,911,0242,1.00
F0701702,P002,911,0242,10.90
F1600491,P901,911,0242,10.30
F0703948,P002,911,0242,1.70
F0703948,P003,911,0242,1.60
F1600491,P501,911,0242,0.00
F2300972,P101,911,0242,2.20
F1700736,P601,911,0242,1.90
F2300972,P301,911,0242,1.40
F0501686,P002,911,0242,1.30
F0703948,P001,911,0242,1.10
F1700736,P701,911,0242,3.60
F2300972,P201,911,0242,2.20
F0501686,P001,923,0245,98.00
F0501686,P002,922,0245,7.00
F0701702,P002,922,0245,25.00
F0703948,P001,924,0245,22.00
F0703948,P002,922,0245,2.00
F0703948,P003,923,0245,134.00
F0501686,P001,922,0245,5.00
F0703948,P001,922,0245,7.00
F0703948,P002,924,0245,7.00
F1700736,P601,923,0245,14.00
F1700736,P701,923,0245,0.00
F2300972,P101,923,0245,54.00
F0501686,P001,924,0245,17.00
F0501686,P002,924,0245,16.00
F0701702,P001,922,0245,0.00
F0703948,P002,923,0245,111.00
F0703948,P003,922,0245,4.00
F0703948,P003,924,0245,20.00
F1600491,P501,923,0245,0.00
F1600491,P901,922,0245,29.00
F2300972,P101,924,0245,22.00
F2300972,P201,924,0245,1.00
F2300972,P301,924,0245,3.00
F2300972,P201,922,0245,4.00
F2300972,P301,923,0245,89.00
F0501686,P002,923,0245,78.00
F0701702,P001,923,0245,0.00
F0701702,P002,923,0245,82.00
F0703948,P001,923,0245,81.00
F1600491,P501,922,0245,0.00
F1700736,P701,922,0245,0.00
F2300972,P101,922,0245,11.00
F1600491,P901,923,0245,49.00
F1700736,P601,922,0245,3.00
F2300972,P201,923,0245,79.00
F2300972,P301,922,0245,17.00
F0501686,P001,911,0248,0.60
F0701702,P001,911,0248,1.00
F0701702,P002,911,0248,10.90
F1600491,P901,911,0248,10.30
F0703948,P002,911,0248,1.90
F0703948,P003,911,0248,1.60
F1600491,P501,911,0248,0.00
F2300972,P101,911,0248,2.20
F1700736,P601,911,0248,1.90
F2300972,P301,911,0248,1.30
F0501686,P002,911,0248,1.30
F0703948,P001,911,0248,1.10
F1700736,P701,911,0248,3.60
F2300972,P201,911,0248,2.10
F0501686,P001,911,0254,0.70
F0701702,P001,911,0254,1.10
F0701702,P002,911,0254,10.90
F1600491,P901,911,0254,10.30
F0703948,P002,911,0254,1.80
F0703948,P003,911,0254,1.60
F1600491,P501,911,0254,0.00
F2300972,P101,911,0254,2.20
F1700736,P601,911,0254,1.90
F2300972,P301,911,0254,1.50
F0501686,P002,911,0254,1.30
F0703948,P001,911,0254,1.20
F1700736,P701,911,0254,3.60
F2300972,P201,911,0254,2.30
F0501686,P001,911,0300,0.60
F0701702,P001,911,0300,1.00
F0701702,P002,911,0300,10.90
F0701702,P002,922,0300,26.00
F0703948,P001,924,0300,16.00
F0703948,P002,911,0300,1.70
F0703948,P002,924,0300,15.00
F0703948,P003,911,0300,1.60
F1600491,P501,911,0300,0.00
F0501686,P001,924,0300,16.00
F0501686,P002,911,0300,1.30
F0501686,P002,923,0300,74.00
F0701702,P001,922,0300,0.00
F0703948,P002,922,0300,2.00
F0703948,P003,923,0300,132.00
F1600491,P901,911,0300,10.30
F1700736,P601,911,0300,1.90
F1700736,P701,911,0300,3.60
F2300972,P101,922,0300,9.00
F0501686,P002,922,0300,7.00
F0701702,P002,923,0300,83.00
F0703948,P001,922,0300,5.00
F0703948,P002,923,0300,124.00
F0703948,P003,922,0300,7.00
F0703948,P003,924,0300,28.00
F1600491,P501,923,0300,0.00
F1600491,P901,922,0300,30.00
F1700736,P601,923,0300,14.00
F1700736,P701,923,0300,0.00
F2300972,P101,911,0300,2.20
F2300972,P301,924,0300,2.00
F0501686,P001,922,0300,5.00
F0501686,P001,923,0300,115.00
F0501686,P002,924,0300,14.00
F0701702,P001,923,0300,0.00
F0703948,P001,911,0300,1.00
F0703948,P001,923,0300,84.00
F1600491,P501,922,0300,0.00
F1700736,P701,922,0300,0.00
F2300972,P101,923,0300,67.00
F2300972,P201,922,0300,4.00
F2300972,P201,924,0300,1.00
F2300972,P301,922,0300,11.00
F1600491,P901,923,0300,52.00
F1700736,P601,922,0300,3.00
F2300972,P101,924,0300,13.00
F2300972,P201,911,0300,2.30
F2300972,P201,923,0300,85.00
F2300972,P301,911,0300,1.70
F2300972,P301,923,0300,94.00
F0501686,P001,911,0306,0.70
F0701702,P001,911,0306,1.00
F0701702,P002,911,0306,10.90
F0703948,P002,911,0306,1.60
F0703948,P003,911,0306,1.60
F1600491,P501,911,0306,0.00
F0501686,P002,911,0306,1.30
F1600491,P901,911,0306,10.30
F1700736,P601,911,0306,1.90
F1700736,P701,911,0306,3.60
F2300972,P101,911,0306,2.20
F0703948,P001,911,0306,1.10
F2300972,P201,911,0306,2.30
F2300972,P301,911,0306,1.70
F0501686,P001,911,0312,0.70
F0701702,P001,911,0312,1.00
F0701702,P002,911,0312,10.90
F0703948,P002,911,0312,2.00
F0703948,P003,911,0312,1.60
F0501686,P002,911,0312,1.30
F1600491,P901,911,0312,10.30
F1700736,P601,911,0312,1.90
F1700736,P701,911,0312,3.60
F2300972,P101,911,0312,2.20
F0703948,P001,911,0312,1.10
F1600491,P501,911,0312,0.00
F2300972,P201,911,0312,2.40
F2300972,P301,911,0312,1.70
F0701702,P002,922,0315,26.00
F0703948,P001,924,0315,18.00
F0703948,P002,924,0315,9.00
F0501686,P001,924,0315,15.00
F0501686,P002,923,0315,73.00
F0701702,P001,922,0315,0.00
F0703948,P002,922,0315,1.00
F0703948,P003,923,0315,115.00
F2300972,P101,922,0315,6.00
F0501686,P002,922,0315,7.00
F0701702,P002,923,0315,86.00
F0703948,P001,922,0315,7.00
F0703948,P002,923,0315,111.00
F0703948,P003,922,0315,6.00
F0703948,P003,924,0315,22.00
F1600491,P501,923,0315,0.00
F1600491,P901,922,0315,31.00
F1700736,P601,923,0315,14.00
F1700736,P701,923,0315,0.00
F2300972,P301,924,0315,5.00
F0501686,P001,922,0315,5.00
F0501686,P001,923,0315,104.00
F0501686,P002,924,0315,15.00
F0701702,P001,923,0315,0.00
F0703948,P001,923,0315,91.00
F1600491,P501,922,0315,0.00
F1700736,P701,922,0315,0.00
F2300972,P101,923,0315,74.00
F2300972,P201,922,0315,4.00
F2300972,P201,924,0315,1.00
F2300972,P301,922,0315,13.00
F1600491,P901,923,0315,54.00
F1700736,P601,922,0315,3.00
F2300972,P101,924,0315,2.00
F2300972,P201,923,0315,84.00
F2300972,P301,923,0315,82.00
F0501686,P001,911,0318,0.60
F0701702,P001,911,0318,0.90
F0701702,P002,911,0318,10.90
F0703948,P002,911,0318,2.20
F0703948,P003,911,0318,1.60
F0501686,P002,911,0318,1.30
F1600491,P901,911,0318,10.30
F1700736,P601,911,0318,1.90
F1700736,P701,911,0318,3.60
F2300972,P101,911,0318,2.20
F0703948,P001,911,0318,1.10
F1600491,P501,911,0318,0.00
F2300972,P201,911,0318,2.30
F2300972,P301,911,0318,1.70
F0501686,P001,911,0324,0.60
F0701702,P001,911,0324,0.90
F0701702,P002,911,0324,11.00
F0703948,P002,911,0324,2.00
F0703948,P003,911,0324,1.60
F0501686,P002,911,0324,1.30
F1600491,P901,911,0324,10.30
F1700736,P601,911,0324,1.90
F1700736,P701,911,0324,3.60
F2300972,P101,911,0324,2.20
F0703948,P001,911,0324,1.20
F1600491,P501,911,0324,0.00
F2300972,P201,911,0324,2.30
F2300972,P301,911,0324,1.70
F0501686,P001,911,0330,0.60
F0701702,P001,911,0330,0.90
F0701702,P002,911,0330,10.90
F0701702,P002,922,0330,26.00
F0703948,P001,924,0330,15.00
F0703948,P002,911,0330,1.80
F0703948,P002,924,0330,0.00
F0703948,P003,911,0330,1.60
F0501686,P001,924,0330,15.00
F0501686,P002,911,0330,1.30
F0501686,P002,923,0330,73.00
F0701702,P001,922,0330,0.00
F0703948,P002,922,0330,2.00
F0703948,P003,923,0330,123.00
F1600491,P901,911,0330,10.30
F1700736,P601,911,0330,1.90
F1700736,P701,911,0330,3.50
F2300972,P101,922,0330,4.00
F0501686,P002,922,0330,7.00
F0701702,P002,923,0330,81.00
F0703948,P001,922,0330,6.00
F0703948,P002,923,0330,119.00
F0703948,P003,922,0330,6.00
F0703948,P003,924,0330,24.00
F1600491,P501,923,0330,0.00
F1600491,P901,922,0330,30.00
F1700736,P601,923,0330,14.00
F1700736,P701,923,0330,1.00
F2300972,P101,911,0330,2.20
F2300972,P301,924,0330,25.00
F0501686,P001,922,0330,6.00
F0501686,P001,923,0330,107.00
F0501686,P002,924,0330,15.00
F0701702,P001,923,0330,0.00
F0703948,P001,911,0330,1.20
F0703948,P001,923,0330,100.00
F1600491,P501,922,0330,0.00
F1700736,P701,922,0330,0.00
F2300972,P101,923,0330,75.00
F2300972,P201,922,0330,4.00
F2300972,P201,924,0330,1.00
F2300972,P301,922,0330,18.00
F1600491,P501,911,0330,0.00
F1600491,P901,923,0330,65.00
F1700736,P601,922,0330,3.00
F2300972,P101,924,0330,1.00
F2300972,P201,911,0330,2.30
F2300972,P201,923,0330,80.00
F2300972,P301,911,0330,1.70
F2300972,P301,923,0330,79.00
F0501686,P001,911,0336,0.60
F0701702,P001,911,0336,0.90
F0701702,P002,911,0336,10.90
F0703948,P002,911,0336,2.40
F0703948,P003,911,0336,1.60
F0501686,P002,911,0336,1.20
F1600491,P901,911,0336,10.30
F1700736,P601,911,0336,1.90
F1700736,P701,911,0336,3.50
F2300972,P101,911,0336,2.20
F0703948,P001,911,0336,1.20
F1600491,P501,911,0336,0.00
F2300972,P201,911,0336,2.40
F2300972,P301,911,0336,1.70
F0501686,P001,911,0342,0.60
F0701702,P001,911,0342,0.90
F0701702,P002,911,0342,10.90
F0703948,P002,911,0342,1.90
F0703948,P003,911,0342,1.60
F0501686,P002,911,0342,1.20
F1600491,P901,911,0342,10.30
F1700736,P601,911,0342,1.90
F1700736,P701,911,0342,3.50
F2300972,P101,911,0342,2.20
F0703948,P001,911,0342,1.10
F1600491,P501,911,0342,0.00
F2300972,P201,911,0342,2.30
F2300972,P301,911,0342,1.70
F0701702,P002,922,0345,27.00
F0703948,P001,924,0345,24.00
F0703948,P002,924,0345,4.00
F0501686,P001,924,0345,16.00
F0501686,P002,923,0345,76.00
F0701702,P001,922,0345,0.00
F0703948,P002,922,0345,2.00
F0703948,P003,923,0345,135.00
F2300972,P101,922,0345,5.00
F0501686,P002,922,0345,7.00
F0701702,P002,923,0345,82.00
F0703948,P001,922,0345,12.00
F0703948,P002,923,0345,93.00
F0703948,P003,922,0345,6.00
F0703948,P003,924,0345,30.00
F1600491,P501,923,0345,0.00
F1600491,P901,922,0345,30.00
F1700736,P601,923,0345,13.00
F1700736,P701,923,0345,1.00
F2300972,P301,924,0345,6.00
F0501686,P001,922,0345,6.00
F0501686,P001,923,0345,101.00
F0501686,P002,924,0345,14.00
F0701702,P001,923,0345,0.00
F0703948,P001,923,0345,99.00
F1600491,P501,922,0345,0.00
F1700736,P701,922,0345,0.00
F2300972,P101,923,0345,73.00
F2300972,P201,922,0345,4.00
F2300972,P201,924,0345,1.00
F2300972,P301,922,0345,13.00
F1600491,P901,923,0345,71.00
F1700736,P601,922,0345,3.00
F2300972,P101,924,0345,1.00
F2300972,P201,923,0345,88.00
F2300972,P301,923,0345,79.00
F0501686,P001,911,0348,0.60
F0701702,P001,911,0348,0.90
F0701702,P002,911,0348,10.90
F0703948,P002,911,0348,1.80
F0703948,P003,911,0348,1.60
F0501686,P002,911,0348,1.30
F1600491,P901,911,0348,10.30
F1700736,P601,911,0348,1.90
F1700736,P701,911,0348,3.60
F2300972,P101,911,0348,2.20
F0703948,P001,911,0348,1.20
F1600491,P501,911,0348,0.00
F2300972,P201,911,0348,2.30
F2300972,P301,911,0348,1.80
F0501686,P001,911,0354,0.60
F0701702,P001,911,0354,0.90
F0701702,P002,911,0354,10.90
F0703948,P002,911,0354,2.20
F0703948,P003,911,0354,1.60
F0501686,P002,911,0354,1.30
F1600491,P901,911,0354,10.30
F1700736,P601,911,0354,1.90
F1700736,P701,911,0354,3.60
F2300972,P101,911,0354,2.20
F0703948,P001,911,0354,1.20
F1600491,P501,911,0354,0.00
F2300972,P201,911,0354,2.30
F2300972,P301,911,0354,1.70
F0501686,P001,911,0400,0.60
F0501686,P001,923,0400,83.00
F0501686,P002,911,0400,1.30
F0501686,P002,923,0400,71.00
F0703948,P001,922,0400,6.00
F0703948,P002,922,0400,2.00
F0703948,P003,911,0400,1.60
F0703948,P003,922,0400,11.00
F0703948,P003,924,0400,27.00
F1600491,P501,923,0400,0.00
F1600491,P901,911,0400,10.30
F0701702,P001,923,0400,0.00
F0701702,P002,923,0400,86.00
F0703948,P001,911,0400,1.20
F0703948,P001,923,0400,97.00
F1600491,P501,922,0400,0.00
F1600491,P901,923,0400,69.00
F1700736,P601,911,0400,1.90
F2300972,P101,924,0400,1.00
F2300972,P201,911,0400,2.40
F2300972,P201,923,0400,87.00
F2300972,P301,911,0400,1.80
F0501686,P001,922,0400,5.00
F0501686,P002,922,0400,8.00
F0701702,P001,911,0400,0.80
F0701702,P002,911,0400,11.00
F0701702,P002,922,0400,26.00
F0703948,P001,924,0400,25.00
F0703948,P002,911,0400,2.40
F0703948,P002,924,0400,17.00
F0703948,P003,923,0400,145.00
F1700736,P601,923,0400,14.00
F1700736,P701,923,0400,1.00
F2300972,P301,922,0400,19.00
F0501686,P001,924,0400,19.00
F0501686,P002,924,0400,18.00
F0701702,P001,922,0400,0.00
F0703948,P002,923,0400,91.00
F1600491,P501,911,0400,0.00
F1600491,P901,922,0400,31.00
F1700736,P601,922,0400,3.00
F1700736,P701,922,0400,0.00
F2300972,P101,911,0400,2.20
F2300972,P101,923,0400,71.00
F2300972,P201,922,0400,5.00
F2300972,P201,924,0400,2.00
F2300972,P301,924,0400,40.00
F1700736,P701,911,0400,3.60
F2300972,P101,922,0400,5.00
F2300972,P301,923,0400,74.00
F0501686,P001,911,0406,0.60
F0501686,P002,911,0406,1.30
F0703948,P003,911,0406,1.60
F1600491,P901,911,0406,10.30
F0703948,P001,911,0406,1.20
F1700736,P601,911,0406,1.90
F2300972,P201,911,0406,2.30
F2300972,P301,911,0406,1.80
F0701702,P001,911,0406,0.80
F0701702,P002,911,0406,10.90
F0703948,P002,911,0406,1.90
F1600491,P501,911,0406,0.00
F2300972,P101,911,0406,2.20
F1700736,P701,911,0406,3.50
F0501686,P001,911,0412,0.60
F0501686,P002,911,0412,1.30
F0703948,P003,911,0412,1.60
F1600491,P901,911,0412,10.30
F0703948,P001,911,0412,1.20
F1700736,P601,911,0412,1.90
F2300972,P201,911,0412,2.40
F2300972,P301,911,0412,1.80
F0701702,P001,911,0412,0.80
F0701702,P002,911,0412,10.90
F0703948,P002,911,0412,1.80
F1600491,P501,911,0412,0.00
F2300972,P101,911,0412,2.20
F1700736,P701,911,0412,3.50
F0501686,P001,923,0415,84.00
F0501686,P002,923,0415,0.00
F0703948,P001,922,0415,12.00
F0703948,P002,922,0415,3.00
F0703948,P003,922,0415,5.00
F0703948,P003,924,0415,19.00
F1600491,P501,923,0415,0.00
F0701702,P001,923,0415,0.00
F0701702,P002,923,0415,86.00
F0703948,P001,923,0415,96.00
F1600491,P501,922,0415,0.00
F1600491,P901,923,0415,72.00
F2300972,P101,924,0415,2.00
F2300972,P201,923,0415,87.00
F0501686,P001,922,0415,5.00
F0501686,P002,922,0415,0.00
F0701702,P002,922,0415,26.00
F0703948,P001,924,0415,32.00
F0703948,P002,924,0415,19.00
F0703948,P003,923,0415,108.00
F1700736,P601,923,0415,14.00
F1700736,P701,923,0415,1.00
F2300972,P301,922,0415,13.00
F0501686,P001,924,0415,17.00
F0501686,P002,924,0415,0.00
F0701702,P001,922,0415,0.00
F0703948,P002,923,0415,92.00
F1600491,P901,922,0415,31.00
F1700736,P601,922,0415,3.00
F1700736,P701,922,0415,0.00
F2300972,P101,923,0415,72.00
F2300972,P201,922,0415,4.00
F2300972,P201,924,0415,1.00
F2300972,P301,924,0415,28.00
F2300972,P101,922,0415,5.00
F2300972,P301,923,0415,74.00
F0501686,P001,911,0418,0.60
F0501686,P002,911,0418,1.30
F0703948,P003,911,0418,1.60
F1600491,P901,911,0418,10.30
F0703948,P001,911,0418,1.20
F1700736,P601,911,0418,1.90
F2300972,P201,911,0418,2.20
F2300972,P301,911,0418,1.70
F0701702,P001,911,0418,0.80
F0701702,P002,911,0418,10.90
F0703948,P002,911,0418,1.80
F1600491,P501,911,0418,0.00
F2300972,P101,911,0418,2.20
F1700736,P701,911,0418,3.50
F0501686,P001,911,0424,0.60
F0501686,P002,911,0424,1.30
F0703948,P003,911,0424,1.60
F1600491,P901,911,0424,10.30
F0703948,P001,911,0424,1.20
F1700736,P601,911,0424,1.90
F2300972,P201,911,0424,2.20
F2300972,P301,911,0424,1.80
F0701702,P001,911,0424,0.80
F0701702,P002,911,0424,11.00
F0703948,P002,911,0424,1.80
F1600491,P501,911,0424,0.00
F2300972,P101,911,0424,2.20
F1700736,P701,911,0424,3.50
F0501686,P001,911,0430,0.60
F0501686,P001,923,0430,97.00
F0501686,P002,911,0430,1.30
F0501686,P002,923,0430,64.00
F0703948,P001,922,0430,20.00
F0703948,P002,922,0430,5.00
F0703948,P003,911,0430,1.60
F0703948,P003,922,0430,16.00
F0703948,P003,924,0430,36.00
F1600491,P501,923,0430,0.00
F1600491,P901,911,0430,10.30
F0701702,P001,923,0430,0.00
F0701702,P002,923,0430,83.00
F0703948,P001,911,0430,1.30
F0703948,P001,923,0430,99.00
F1600491,P501,922,0430,0.00
F1600491,P901,923,0430,68.00
F1700736,P601,911,0430,1.80
F2300972,P101,924,0430,2.00
F2300972,P201,911,0430,2.30
F2300972,P201,923,0430,79.00
F2300972,P301,911,0430,1.80
F0501686,P001,922,0430,5.00
F0501686,P002,922,0430,8.00
F0701702,P001,911,0430,0.80
F0701702,P002,911,0430,10.90
F0701702,P002,922,0430,25.00
F0703948,P001,924,0430,19.00
F0703948,P002,911,0430,1.80
F0703948,P002,924,0430,26.00
F0703948,P003,923,0430,146.00
F1700736,P601,923,0430,14.00
F1700736,P701,923,0430,1.00
F0501686,P001,924,0430,16.00
F0501686,P002,924,0430,16.00
F0701702,P001,922,0430,0.00
F0703948,P002,923,0430,104.00
F1600491,P501,911,0430,0.00
F1600491,P901,922,0430,30.00
F1700736,P601,922,0430,3.00
F1700736,P701,922,0430,0.00
F2300972,P101,911,0430,2.20
F2300972,P101,923,0430,70.00
F2300972,P201,922,0430,5.00
F2300972,P201,924,0430,1.00
F2300972,P301,924,0430,6.00
F1700736,P701,911,0430,3.50
F2300972,P101,922,0430,5.00
F2300972,P301,922,0430,7.00
F2300972,P301,923,0430,81.00
F0501686,P001,911,0436,0.70
F0501686,P002,911,0436,1.20
F0703948,P003,911,0436,1.60
F0703948,P001,911,0436,1.20
F1700736,P601,911,0436,1.80
F2300972,P201,911,0436,2.30
F0701702,P001,911,0436,0.80
F0701702,P002,911,0436,10.90
F0703948,P002,911,0436,1.80
F1600491,P501,911,0436,0.00
F2300972,P101,911,0436,2.20
F1600491,P901,911,0436,10.30
F1700736,P701,911,0436,3.50
F2300972,P301,911,0436,1.70
F0501686,P001,911,0442,0.60
F0501686,P002,911,0442,1.30
F0703948,P003,911,0442,1.60
F0703948,P001,911,0442,1.10
F1700736,P601,911,0442,1.80
F2300972,P201,911,0442,2.30
F0701702,P001,911,0442,0.80
F0701702,P002,911,0442,10.90
F0703948,P002,911,0442,2.30
F1600491,P501,911,0442,0.00
F2300972,P101,911,0442,2.20
F1600491,P901,911,0442,10.30
F1700736,P701,911,0442,3.50
F2300972,P301,911,0442,1.70
F0501686,P001,923,0445,86.00
F0501686,P002,923,0445,65.00
F0703948,P001,922,0445,13.00
F0703948,P002,922,0445,6.00
F0703948,P003,922,0445,21.00
F0703948,P003,924,0445,42.00
F1600491,P501,923,0445,0.00
F0701702,P001,923,0445,0.00
F0701702,P002,923,0445,86.00
F0703948,P001,923,0445,117.00
F1600491,P501,922,0445,0.00
F1600491,P901,923,0445,69.00
F2300972,P101,924,0445,2.00
F2300972,P201,923,0445,78.00
F0501686,P001,922,0445,5.00
F0501686,P002,922,0445,8.00
F0701702,P002,922,0445,24.00
F0703948,P001,924,0445,9.00
F0703948,P002,924,0445,16.00
F0703948,P003,923,0445,141.00
F1700736,P601,923,0445,14.00
F1700736,P701,923,0445,1.00
F0501686,P001,924,0445,22.00
F0501686,P002,924,0445,16.00
F0701702,P001,922,0445,0.00
F0703948,P002,923,0445,126.00
F1600491,P901,922,0445,33.00
F1700736,P601,922,0445,3.00
F1700736,P701,922,0445,0.00
F2300972,P101,923,0445,71.00
F2300972,P201,922,0445,5.00
F2300972,P201,924,0445,2.00
F2300972,P301,924,0445,2.00
F2300972,P101,922,0445,3.00
F2300972,P301,922,0445,3.00
F2300972,P301,923,0445,83.00
F0501686,P001,911,0448,0.60
F0501686,P002,911,0448,1.30
F0703948,P003,911,0448,1.60
F0703948,P001,911,0448,1.20
F1700736,P601,911,0448,1.80
F2300972,P201,911,0448,2.30
F0701702,P001,911,0448,0.80
F0701702,P002,911,0448,10.90
F0703948,P002,911,0448,2.00
F1600491,P501,911,0448,0.00
F2300972,P101,911,0448,2.20
F1600491,P901,911,0448,10.30
F1700736,P701,911,0448,3.50
F2300972,P301,911,0448,1.70
F0501686,P001,911,0454,0.60
F0501686,P002,911,0454,1.30
F0703948,P003,911,0454,1.60
F0703948,P001,911,0454,1.20
F1700736,P601,911,0454,1.70
F2300972,P201,911,0454,2.40
F0701702,P001,911,0454,0.80
F0701702,P002,911,0454,10.90
F0703948,P002,911,0454,1.90
F1600491,P501,911,0454,0.00
F2300972,P101,911,0454,2.20
F1600491,P901,911,0454,10.30
F1700736,P701,911,0454,3.50
F2300972,P301,911,0454,1.70
F0501686,P001,923,0500,85.00
F0501686,P002,924,0500,14.00
F0701702,P001,923,0500,0.00
F0701702,P002,922,0500,26.00
F0703948,P001,922,0500,11.00
F0703948,P002,911,0500,1.80
F0703948,P003,924,0500,36.00
F1600491,P501,911,0500,0.00
F1600491,P901,922,0500,32.00
F1700736,P601,922,0500,3.00
F1700736,P701,922,0500,0.00
F2300972,P101,911,0500,2.20
F0501686,P002,922,0500,7.00
F0701702,P001,922,0500,0.00
F0701702,P002,923,0500,83.00
F0703948,P002,924,0500,12.00
F0703948,P003,911,0500,1.60
F0703948,P003,922,0500,14.00
F0703948,P003,923,0500,121.00
F1600491,P501,923,0500,0.00
F1700736,P601,911,0500,1.70
F1700736,P701,911,0500,3.50
F2300972,P201,911,0500,2.40
F0501686,P001,922,0500,5.00
F0501686,P002,911,0500,1.20
F0501686,P002,923,0500,69.00
F0703948,P001,911,0500,1.30
F0703948,P001,924,0500,29.00
F0703948,P002,923,0500,135.00
F1600491,P901,923,0500,70.00
F1700736,P601,923,0500,13.00
F1700736,P701,923,0500,1.00
F2300972,P101,922,0500,3.00
F2300972,P101,924,0500,3.00
F2300972,P201,924,0500,2.00
F2300972,P101,923,0500,70.00
F2300972,P201,922,0500,5.00
F2300972,P301,922,0500,7.00
F2300972,P301,924,0500,2.00
F0501686,P001,911,0500,0.60
F0501686,P001,924,0500,18.00
F0701702,P001,911,0500,0.80
F0701702,P002,911,0500,10.90
F0703948,P001,923,0500,132.00
F0703948,P002,922,0500,8.00
F1600491,P501,922,0500,0.00
F1600491,P901,911,0500,10.30
F2300972,P201,923,0500,83.00
F2300972,P301,911,0500,1.60
F2300972,P301,923,0500,78.00
F0703948,P002,911,0506,1.90
F1600491,P501,911,0506,0.00
F2300972,P101,911,0506,2.20
F0703948,P003,911,0506,1.60
F1700736,P601,911,0506,1.70
F1700736,P701,911,0506,3.50
F2300972,P201,911,0506,2.30
F0501686,P002,911,0506,1.30
F0703948,P001,911,0506,1.30
F0501686,P001,911,0506,0.60
F0701702,P001,911,0506,0.80
F0701702,P002,911,0506,10.90
F1600491,P901,911,0506,10.30
F2300972,P301,911,0506,1.50
F0703948,P002,911,0512,1.80
F1600491,P501,911,0512,0.00
F2300972,P101,911,0512,2.20
F0703948,P003,911,0512,1.60
F1700736,P601,911,0512,1.60
F1700736,P701,911,0512,3.50
F2300972,P201,911,0512,2.40
F0501686,P002,911,0512,1.30
F0703948,P001,911,0512,1.30
F0501686,P001,911,0512,0.60
F0701702,P001,911,0512,0.80
F0701702,P002,911,0512,10.90
F1600491,P901,911,0512,10.30
F2300972,P301,911,0512,1.60
F0501686,P001,923,0515,108.00
F0501686,P002,924,0515,17.00
F0701702,P001,923,0515,0.00
F0701702,P002,922,0515,26.00
F0703948,P001,922,0515,15.00
F0703948,P003,924,0515,41.00
F1600491,P901,922,0515,33.00
F1700736,P601,922,0515,3.00
F1700736,P701,922,0515,0.00
F0501686,P002,922,0515,7.00
F0701702,P001,922,0515,0.00
F0701702,P002,923,0515,81.00
F0703948,P002,924,0515,7.00
F0703948,P003,922,0515,13.00
F0703948,P003,923,0515,94.00
F1600491,P501,923,0515,0.00
F0501686,P001,922,0515,5.00
F0501686,P002,923,0515,64.00
F0703948,P001,924,0515,16.00
F0703948,P002,923,0515,104.00
F1600491,P901,923,0515,68.00
F1700736,P601,923,0515,13.00
F1700736,P701,923,0515,1.00
F2300972,P101,922,0515,0.00
F2300972,P101,924,0515,0.00
F2300972,P201,924,0515,7.00
F2300972,P101,923,0515,0.00
F2300972,P201,922,0515,3.00
F2300972,P301,922,0515,13.00
F2300972,P301,924,0515,3.00
F0501686,P001,924,0515,16.00
F0703948,P001,923,0515,117.00
F0703948,P002,922,0515,5.00
F1600491,P501,922,0515,0.00
F2300972,P201,923,0515,75.00
F2300972,P301,923,0515,93.00
F0703948,P002,911,0518,1.80
F1600491,P501,911,0518,0.00
F2300972,P101,911,0518,2.20
F0703948,P003,911,0518,1.60
F1700736,P601,911,0518,1.60
F1700736,P701,911,0518,3.50
F2300972,P201,911,0518,2.10
F0501686,P002,911,0518,1.20
F0703948,P001,911,0518,1.30
F0501686,P001,911,0518,0.60
F0701702,P001,911,0518,0.80
F0701702,P002,911,0518,10.90
F1600491,P901,911,0518,10.30
F2300972,P301,911,0518,1.60
F0703948,P002,911,0524,1.70
F1600491,P501,911,0524,0.00
F2300972,P101,911,0524,2.20
F0703948,P003,911,0524,1.60
F1700736,P601,911,0524,1.60
F1700736,P701,911,0524,3.50
F2300972,P201,911,0524,2.30
F0501686,P002,911,0524,1.20
F0703948,P001,911,0524,1.30
F0501686,P001,911,0524,0.60
F0701702,P001,911,0524,0.80
F0701702,P002,911,0524,11.00
F1600491,P901,911,0524,10.30
F2300972,P301,911,0524,1.70
F0501686,P001,923,0530,114.00
F0501686,P002,924,0530,16.00
F0701702,P001,923,0530,0.00
F0701702,P002,922,0530,26.00
F0703948,P001,922,0530,12.00
F0703948,P002,911,0530,1.70
F0703948,P003,924,0530,26.00
F1600491,P501,911,0530,0.00
F1600491,P901,922,0530,31.00
F1700736,P601,922,0530,3.00
F1700736,P701,922,0530,0.00
F2300972,P101,911,0530,2.20
F0501686,P002,922,0530,7.00
F0701702,P001,922,0530,0.00
F0701702,P002,923,0530,85.00
F0703948,P002,924,0530,18.00
F0703948,P003,911,0530,1.60
F0703948,P003,922,0530,13.00
F0703948,P003,923,0530,100.00
F1600491,P501,923,0530,275.00
F1700736,P601,911,0530,1.60
F1700736,P701,911,0530,3.50
F2300972,P201,911,0530,2.30
F0501686,P001,922,0530,5.00
F0501686,P002,911,0530,1.20
F0501686,P002,923,0530,70.00
F0703948,P001,911,0530,1.40
F0703948,P001,924,0530,16.00
F0703948,P002,923,0530,111.00
F1600491,P901,923,0530,70.00
F1700736,P601,923,0530,13.00
F1700736,P701,923,0530,1.00
F2300972,P101,922,0530,3.00
F2300972,P101,924,0530,2.00
F2300972,P201,924,0530,3.00
F2300972,P101,923,0530,82.00
F2300972,P201,922,0530,4.00
F2300972,P301,922,0530,16.00
F2300972,P301,924,0530,3.00
F0501686,P001,911,0530,0.60
F0501686,P001,924,0530,14.00
F0701702,P001,911,0530,0.80
F0701702,P002,911,0530,10.90
F0703948,P001,923,0530,95.00
F0703948,P002,922,0530,6.00
F1600491,P501,922,0530,105.00
F1600491,P901,911,0530,10.30
F2300972,P201,923,0530,83.00
F2300972,P301,911,0530,1.70
F2300972,P301,923,0530,83.00
F0703948,P002,911,0536,1.70
F1600491,P501,911,0536,0.00
F2300972,P101,911,0536,2.20
F0703948,P003,911,0536,1.60
F1700736,P601,911,0536,1.50
F1700736,P701,911,0536,3.50
F0501686,P002,911,0536,1.30
F0703948,P001,911,0536,1.30
F0501686,P001,911,0536,0.60
F0701702,P001,911,0536,0.70
F0701702,P002,911,0536,10.90
F1600491,P901,911,0536,10.30
F2300972,P201,911,0536,2.40
F2300972,P301,911,0536,1.60
F0703948,P002,911,0542,1.60
F1600491,P501,911,0542,0.00
F2300972,P101,911,0542,2.20
F0703948,P003,911,0542,1.60
F1700736,P601,911,0542,1.40
F1700736,P701,911,0542,3.50
F0501686,P002,911,0542,1.30
F0703948,P001,911,0542,1.40
F0501686,P001,911,0542,0.60
F0701702,P001,911,0542,0.80
F0701702,P002,911,0542,10.90
F1600491,P901,911,0542,10.30
F2300972,P201,911,0542,2.40
F2300972,P301,911,0542,1.60
F0501686,P001,923,0545,88.00
F0501686,P002,924,0545,14.00
F0701702,P001,923,0545,0.00
F0701702,P002,922,0545,26.00
F0703948,P001,922,0545,9.00
F0703948,P003,924,0545,26.00
F1600491,P901,922,0545,32.00
F1700736,P601,922,0545,3.00
F1700736,P701,922,0545,0.00
F0501686,P002,922,0545,7.00
F0701702,P001,922,0545,0.00
F0701702,P002,923,0545,83.00
F0703948,P002,924,0545,8.00
F0703948,P003,922,0545,9.00
F0703948,P003,923,0545,96.00
F1600491,P501,923,0545,0.00
F0501686,P001,922,0545,5.00
F0501686,P002,923,0545,63.00
F0703948,P001,924,0545,20.00
F0703948,P002,923,0545,102.00
F1600491,P901,923,0545,79.00
F1700736,P601,923,0545,13.00
F1700736,P701,923,0545,1.00
F2300972,P101,922,0545,5.00
F2300972,P101,924,0545,43.00
F2300972,P201,924,0545,1.00
F2300972,P101,923,0545,69.00
F2300972,P201,922,0545,4.00
F2300972,P301,922,0545,26.00
F2300972,P301,924,0545,4.00
F0501686,P001,924,0545,17.00
F0703948,P001,923,0545,93.00
F0703948,P002,922,0545,4.00
F1600491,P501,922,0545,2.00
F2300972,P201,923,0545,85.00
F2300972,P301,923,0545,71.00
F0703948,P002,911,0548,2.00
F1600491,P501,911,0548,0.00
F0703948,P003,911,0548,1.60
F1700736,P601,911,0548,1.40
F1700736,P701,911,0548,3.50
F0501686,P002,911,0548,1.30
F0703948,P001,911,0548,1.40
F2300972,P101,911,0548,2.20
F0501686,P001,911,0548,0.60
F0701702,P001,911,0548,0.80
F0701702,P002,911,0548,10.90
F1600491,P901,911,0548,10.30
F2300972,P201,911,0548,2.40
F2300972,P301,911,0548,1.70
F0703948,P002,911,0554,1.80
F1600491,P501,911,0554,0.00
F0703948,P003,911,0554,1.60
F1700736,P601,911,0554,1.40
F1700736,P701,911,0554,3.50
F0501686,P002,911,0554,1.30
F0703948,P001,911,0554,1.40
F2300972,P101,911,0554,2.20
F0501686,P001,911,0554,0.60
F0701702,P001,911,0554,0.80
F0701702,P002,911,0554,11.00
F1600491,P901,911,0554,10.30
F2300972,P201,911,0554,2.30
F2300972,P301,911,0554,1.70
F0701702,P001,911,0600,0.80
F0701702,P002,922,0600,25.00
F0703948,P001,924,0600,15.00
F0703948,P002,911,0600,1.70
F0703948,P002,924,0600,9.00
F0703948,P003,911,0600,1.60
F1600491,P501,922,0600,0.00
F1600491,P901,922,0600,33.00
F1700736,P601,911,0600,1.30
F1700736,P701,911,0600,3.50
F0501686,P001,924,0600,19.00
F0501686,P002,911,0600,1.20
F0501686,P002,923,0600,71.00
F0701702,P002,911,0600,10.90
F0703948,P001,922,0600,9.00
F0703948,P002,922,0600,5.00
F0703948,P003,923,0600,92.00
F1600491,P901,911,0600,10.30
F1700736,P701,922,0600,0.00
F2300972,P101,922,0600,6.00
F2300972,P201,911,0600,2.40
F0501686,P001,911,0600,0.60
F0501686,P001,923,0600,90.00
F0501686,P002,924,0600,15.00
F0701702,P001,923,0600,0.00
F0701702,P002,923,0600,82.00
F0703948,P001,911,0600,1.30
F0703948,P001,923,0600,109.00
F1600491,P501,923,0600,5.00
F1700736,P601,923,0600,13.00
F1700736,P701,923,0600,1.00
F2300972,P101,911,0600,2.20
F2300972,P201,924,0600,1.00
F2300972,P201,923,0600,91.00
F2300972,P301,922,0600,14.00
F0501686,P001,922,0600,5.00
F0501686,P002,922,0600,7.00
F0701702,P001,922,0600,0.00
F0703948,P002,923,0600,100.00
F0703948,P003,922,0600,10.00
F0703948,P003,924,0600,21.00
F1600491,P501,911,0600,0.00
F1600491,P901,923,0600,61.00
F1700736,P601,922,0600,3.00
F2300972,P101,924,0600,5.00
F2300972,P301,924,0600,3.00
F2300972,P101,923,0600,78.00
F2300972,P201,922,0600,3.00
F2300972,P301,911,0600,1.70
F2300972,P301,923,0600,85.00
F0701702,P001,911,0606,0.80
F0703948,P002,911,0606,1.70
F0703948,P003,911,0606,1.70
F1700736,P601,911,0606,1.40
F1700736,P701,911,0606,3.50
F0501686,P002,911,0606,1.20
F0701702,P002,911,0606,10.90
F1600491,P901,911,0606,10.30
F2300972,P201,911,0606,2.30
F0501686,P001,911,0606,0.60
F0703948,P001,911,0606,1.30
F2300972,P101,911,0606,2.20
F1600491,P501,911,0606,0.00
F2300972,P301,911,0606,1.70
F0701702,P001,911,0612,0.70
F0703948,P002,911,0612,1.60
F0703948,P003,911,0612,1.70
F1700736,P601,911,0612,1.30
F1700736,P701,911,0612,3.40
F0501686,P002,911,0612,1.30
F0701702,P002,911,0612,10.90
F1600491,P901,911,0612,10.30
F2300972,P201,911,0612,2.20
F0501686,P001,911,0612,0.60
F0703948,P001,911,0612,1.40
F2300972,P101,911,0612,2.20
F1600491,P501,911,0612,0.00
F2300972,P301,911,0612,1.60
F0701702,P002,922,0615,26.00
F0703948,P001,924,0615,16.00
F0703948,P002,924,0615,21.00
F1600491,P501,922,0615,0.00
F1600491,P901,922,0615,31.00
F0501686,P001,924,0615,17.00
F0501686,P002,923,0615,58.00
F0703948,P001,922,0615,6.00
F0703948,P002,922,0615,2.00
F0703948,P003,923,0615,100.00
F1700736,P701,922,0615,0.00
F2300972,P101,922,0615,5.00
F0501686,P001,923,0615,93.00
F0501686,P002,924,0615,20.00
F0701702,P001,923,0615,0.00
F0701702,P002,923,0615,85.00
F0703948,P001,923,0615,109.00
F1600491,P501,923,0615,4.00
F1700736,P601,923,0615,13.00
F1700736,P701,923,0615,1.00
F2300972,P201,924,0615,2.00
F2300972,P201,923,0615,88.00
F2300972,P301,922,0615,9.00
F0501686,P001,922,0615,5.00
F0501686,P002,922,0615,7.00
F0701702,P001,922,0615,0.00
F0703948,P002,923,0615,96.00
F0703948,P003,922,0615,8.00
F0703948,P003,924,0615,31.00
F1600491,P901,923,0615,54.00
F1700736,P601,922,0615,3.00
F2300972,P101,924,0615,2.00
F2300972,P301,924,0615,21.00
F2300972,P101,923,0615,84.00
F2300972,P201,922,0615,5.00
F2300972,P301,923,0615,84.00
F0701702,P001,911,0618,0.80
F0703948,P002,911,0618,1.50
F0703948,P003,911,0618,1.70
F1700736,P601,911,0618,1.30
F1700736,P701,911,0618,3.40
F0501686,P002,911,0618,1.30
F0701702,P002,911,0618,10.90
F1600491,P901,911,0618,10.30
F2300972,P201,911,0618,2.30
F0501686,P001,911,0618,0.60
F0703948,P001,911,0618,1.40
F2300972,P101,911,0618,2.20
F1600491,P501,911,0618,0.00
F2300972,P301,911,0618,1.60
F0701702,P001,911,0624,0.80
F0703948,P002,911,0624,1.60
F0703948,P003,911,0624,1.70
F1700736,P601,911,0624,1.30
F0501686,P002,911,0624,1.20
F0701702,P002,911,0624,11.00
F1600491,P901,911,0624,10.30
F2300972,P201,911,0624,2.30
F0501686,P001,911,0624,0.60
F0703948,P001,911,0624,1.40
F2300972,P101,911,0624,2.20
F1600491,P501,911,0624,0.00
F1700736,P701,911,0624,3.40
F2300972,P301,911,0624,1.70
F0701702,P001,911,0630,0.80
F0701702,P002,922,0630,26.00
F0703948,P001,924,0630,19.00
F0703948,P002,911,0630,1.60
F0703948,P002,924,0630,4.00
F0703948,P003,911,0630,1.60
F1600491,P501,922,0630,0.00
F1600491,P901,922,0630,32.00
F1700736,P601,911,0630,1.30
F0501686,P001,924,0630,16.00
F0501686,P002,911,0630,1.20
F0501686,P002,923,0630,58.00
F0701702,P002,911,0630,10.90
F0703948,P001,922,0630,10.00
F0703948,P002,922,0630,5.00
F0703948,P003,923,0630,106.00
F1600491,P901,911,0630,10.20
F1700736,P701,922,0630,0.00
F2300972,P101,922,0630,5.00
F2300972,P201,911,0630,2.30
F0501686,P001,911,0630,0.60
F0501686,P001,923,0630,98.00
F0501686,P002,924,0630,19.00
F0701702,P001,923,0630,0.00
F0701702,P002,923,0630,82.00
F0703948,P001,911,0630,1.40
F0703948,P001,923,0630,82.00
F1600491,P501,923,0630,2.00
F1700736,P601,923,0630,13.00
F1700736,P701,923,0630,0.00
F2300972,P101,911,0630,2.20
F2300972,P201,924,0630,2.00
F2300972,P201,923,0630,87.00
F2300972,P301,922,0630,11.00
F0501686,P001,922,0630,5.00
F0501686,P002,922,0630,7.00
F0701702,P001,922,0630,0.00
F0703948,P002,923,0630,110.00
F0703948,P003,922,0630,11.00
F0703948,P003,924,0630,30.00
F1600491,P501,911,0630,0.00
F1600491,P901,923,0630,61.00
F1700736,P601,922,0630,3.00
F2300972,P101,924,0630,1.00
F2300972,P301,924,0630,3.00
F1700736,P701,911,0630,3.50
F2300972,P101,923,0630,86.00
F2300972,P201,922,0630,9.00
F2300972,P301,911,0630,1.60
F2300972,P301,923,0630,83.00
F0701702,P001,911,0636,0.70
F0703948,P002,911,0636,1.60
F0703948,P003,911,0636,1.70
F1700736,P601,911,0636,1.30
F0501686,P002,911,0636,1.20
F0701702,P002,911,0636,10.90
F1600491,P901,911,0636,10.30
F0501686,P001,911,0636,0.60
F0703948,P001,911,0636,1.40
F2300972,P101,911,0636,2.20
F2300972,P201,911,0636,2.40
F1600491,P501,911,0636,0.00
F1700736,P701,911,0636,3.40
F2300972,P301,911,0636,1.60
F0701702,P001,911,0642,0.70
F0703948,P002,911,0642,1.60
F0703948,P003,911,0642,1.60
F1700736,P601,911,0642,1.30
F0501686,P002,911,0642,1.30
F0701702,P002,911,0642,10.90
F1600491,P901,911,0642,10.20
F0501686,P001,911,0642,0.50
F0703948,P001,911,0642,1.40
F2300972,P101,911,0642,2.20
F2300972,P201,911,0642,2.40
F1600491,P501,911,0642,0.00
F1700736,P701,911,0642,3.50
F2300972,P301,911,0642,1.60
F0701702,P002,922,0645,27.00
F0703948,P001,924,0645,19.00
F0703948,P002,924,0645,33.00
F1600491,P501,922,0645,0.00
F1600491,P901,922,0645,30.00
F0501686,P001,924,0645,16.00
F0501686,P002,923,0645,77.00
F0703948,P001,922,0645,23.00
F0703948,P002,922,0645,3.00
F0703948,P003,923,0645,99.00
F1700736,P701,922,0645,0.00
F2300972,P101,922,0645,4.00
F0501686,P001,923,0645,99.00
F0501686,P002,924,0645,13.00
F0701702,P001,923,0645,0.00
F0701702,P002,923,0645,78.00
F0703948,P001,923,0645,86.00
F1600491,P501,923,0645,0.00
F1700736,P601,923,0645,14.00
F1700736,P701,923,0645,0.00
F2300972,P201,924,0645,1.00
F2300972,P201,923,0645,97.00
F2300972,P301,922,0645,15.00
F0501686,P001,922,0645,5.00
F0501686,P002,922,0645,7.00
F0701702,P001,922,0645,0.00
F0703948,P002,923,0645,111.00
F0703948,P003,922,0645,13.00
F0703948,P003,924,0645,26.00
F1600491,P901,923,0645,62.00
F1700736,P601,922,0645,3.00
F2300972,P101,924,0645,1.00
F2300972,P301,924,0645,15.00
F2300972,P101,923,0645,88.00
F2300972,P201,922,0645,5.00
F2300972,P301,923,0645,72.00
F0701702,P001,911,0648,0.70
F0703948,P002,911,0648,1.50
F0703948,P003,911,0648,1.60
F1700736,P601,911,0648,1.20
F0501686,P002,911,0648,1.20
F0701702,P002,911,0648,10.90
F1600491,P901,911,0648,10.20
F0501686,P001,911,0648,0.60
F0703948,P001,911,0648,1.40
F2300972,P101,911,0648,2.20
F2300972,P201,911,0648,2.30
F1600491,P501,911,0648,0.00
F1700736,P701,911,0648,3.40
F2300972,P301,911,0648,1.60
F0701702,P001,911,0654,0.70
F0703948,P002,911,0654,2.10
F0703948,P003,911,0654,1.60
F1700736,P601,911,0654,1.20
F0501686,P002,911,0654,1.20
F0701702,P002,911,0654,11.00
F1600491,P901,911,0654,10.20
F0501686,P001,911,0654,0.60
F0703948,P001,911,0654,1.40
F2300972,P101,911,0654,2.20
F2300972,P201,911,0654,2.30
F1600491,P501,911,0654,0.00
F1700736,P701,911,0654,3.40
F2300972,P301,911,0654,1.60
F0501686,P001,911,0700,0.60
F0501686,P001,923,0700,90.00
F0501686,P002,924,0700,17.00
F0701702,P001,923,0700,0.00
F0701702,P002,923,0700,81.00
F0703948,P001,911,0700,1.30
F0703948,P001,923,0700,75.00
F1600491,P501,922,0700,0.00
F1600491,P901,922,0700,30.00
F1700736,P601,911,0700,1.20
F1700736,P701,911,0700,3.40
F0501686,P001,922,0700,4.00
F0501686,P002,922,0700,7.00
F0701702,P001,911,0700,0.80
F0701702,P002,911,0700,11.00
F0701702,P002,922,0700,33.00
F0703948,P001,924,0700,20.00
F0703948,P002,922,0700,4.00
F0703948,P003,923,0700,117.00
F1600491,P901,911,0700,10.20
F1700736,P601,923,0700,14.00
F1700736,P701,923,0700,0.00
F2300972,P101,922,0700,4.00
F0501686,P001,924,0700,16.00
F0501686,P002,911,0700,1.30
F0501686,P002,923,0700,65.00
F0701702,P001,922,0700,0.00
F0703948,P002,911,0700,1.90
F0703948,P002,924,0700,5.00
F0703948,P003,911,0700,1.60
F1600491,P501,911,0700,0.00
F1700736,P701,922,0700,0.00
F2300972,P101,911,0700,2.20
F2300972,P301,924,0700,7.00
F0703948,P001,922,0700,11.00
F0703948,P002,923,0700,117.00
F0703948,P003,922,0700,10.00
F0703948,P003,924,0700,26.00
F1600491,P501,923,0700,0.00
F1600491,P901,923,0700,81.00
F1700736,P601,922,0700,2.00
F2300972,P101,924,0700,2.00
F2300972,P201,922,0700,5.00
F2300972,P201,924,0700,1.00
F2300972,P301,922,0700,14.00
F2300972,P201,911,0700,2.40
F2300972,P201,923,0700,92.00
F2300972,P301,911,0700,1.60
F2300972,P101,923,0700,83.00
F2300972,P301,923,0700,85.00
F0501686,P001,911,0706,0.60
F0703948,P001,911,0706,1.40
F1700736,P601,911,0706,1.20
F1700736,P701,911,0706,3.40
F0701702,P001,911,0706,0.80
F0701702,P002,911,0706,11.00
F1600491,P901,911,0706,10.30
F0501686,P002,911,0706,1.20
F0703948,P002,911,0706,1.80
F0703948,P003,911,0706,1.70
F1600491,P501,911,0706,0.00
F2300972,P101,911,0706,2.20
F2300972,P201,911,0706,2.40
F2300972,P301,911,0706,1.60
F0501686,P001,911,0712,0.60
F0703948,P001,911,0712,1.30
F1700736,P601,911,0712,1.20
F1700736,P701,911,0712,3.40
F0701702,P001,911,0712,0.80
F0701702,P002,911,0712,10.90
F1600491,P901,911,0712,10.20
F0501686,P002,911,0712,1.20
F0703948,P002,911,0712,1.70
F0703948,P003,911,0712,1.60
F1600491,P501,911,0712,0.00
F2300972,P101,911,0712,2.20
F2300972,P201,911,0712,2.40
F2300972,P301,911,0712,1.60
F0501686,P001,923,0715,82.00
F0501686,P002,924,0715,18.00
F0701702,P001,923,0715,0.00
F0701702,P002,923,0715,86.00
F0703948,P001,923,0715,75.00
F1600491,P501,922,0715,0.00
F1600491,P901,922,0715,30.00
F0501686,P001,922,0715,5.00
F0501686,P002,922,0715,7.00
F0701702,P002,922,0715,36.00
F0703948,P001,924,0715,14.00
F0703948,P002,922,0715,2.00
F0703948,P003,923,0715,114.00
F1700736,P601,923,0715,14.00
F1700736,P701,923,0715,1.00
F2300972,P101,922,0715,5.00
F0501686,P001,924,0715,18.00
F0501686,P002,923,0715,64.00
F0701702,P001,922,0715,0.00
F0703948,P002,924,0715,0.00
F1700736,P701,922,0715,0.00
F2300972,P301,924,0715,0.00
F0703948,P001,922,0715,7.00
F0703948,P002,923,0715,76.00
F0703948,P003,922,0715,9.00
F0703948,P003,924,0715,11.00
F1600491,P501,923,0715,0.00
F1600491,P901,923,0715,76.00
F1700736,P601,922,0715,3.00
F2300972,P101,924,0715,3.00
F2300972,P201,922,0715,5.00
F2300972,P201,924,0715,1.00
F2300972,P301,922,0715,0.00
F2300972,P201,923,0715,93.00
F2300972,P101,923,0715,77.00
F2300972,P301,923,0715,0.00
F0501686,P001,911,0718,0.60
F0703948,P001,911,0718,1.30
F1700736,P601,911,0718,1.20
F1700736,P701,911,0718,3.40
F0701702,P001,911,0718,0.80
F0701702,P002,911,0718,10.90
F1600491,P901,911,0718,10.30
F0501686,P002,911,0718,1.20
F0703948,P002,911,0718,1.60
F0703948,P003,911,0718,1.60
F1600491,P501,911,0718,0.00
F2300972,P101,911,0718,2.20
F2300972,P201,911,0718,2.30
F2300972,P301,911,0718,1.60
F0501686,P001,911,0724,0.60
F0703948,P001,911,0724,1.30
F1700736,P601,911,0724,1.20
F1700736,P701,911,0724,3.40
F0701702,P001,911,0724,0.80
F0701702,P002,911,0724,11.00
F1600491,P901,911,0724,10.20
F0501686,P002,911,0724,1.30
F0703948,P002,911,0724,1.70
F0703948,P003,911,0724,1.60
F1600491,P501,911,0724,0.00
F2300972,P201,911,0724,2.40
F2300972,P301,911,0724,1.60
F2300972,P101,911,0724,2.20
F0501686,P001,911,0730,0.60
F0501686,P001,923,0730,94.00
F0501686,P002,924,0730,16.00
F0701702,P001,923,0730,0.00
F0701702,P002,923,0730,102.00
F0703948,P001,911,0730,1.40
F0703948,P001,923,0730,70.00
F1600491,P501,922,0730,0.00
F1600491,P901,922,0730,30.00
F1700736,P601,911,0730,1.20
F1700736,P701,911,0730,3.50
F0501686,P001,922,0730,5.00
F0501686,P002,922,0730,7.00
F0701702,P001,911,0730,0.80
F0701702,P002,911,0730,11.00
F0701702,P002,922,0730,40.00
F0703948,P001,924,0730,18.00
F0703948,P002,922,0730,4.00
F0703948,P003,923,0730,115.00
F1600491,P901,911,0730,10.20
F1700736,P601,923,0730,13.00
F1700736,P701,923,0730,0.00
F0501686,P001,924,0730,17.00
F0501686,P002,911,0730,1.30
F0501686,P002,923,0730,62.00
F0701702,P001,922,0730,0.00
F0703948,P002,911,0730,1.70
F0703948,P002,924,0730,2.00
F0703948,P003,911,0730,1.60
F1600491,P501,911,0730,0.00
F1700736,P701,922,0730,0.00
F2300972,P101,922,0730,7.00
F2300972,P301,924,0730,2.00
F0703948,P001,922,0730,6.00
F0703948,P002,923,0730,69.00
F0703948,P003,922,0730,9.00
F0703948,P003,924,0730,18.00
F1600491,P501,923,0730,0.00
F1600491,P901,923,0730,58.00
F1700736,P601,922,0730,2.00
F2300972,P101,924,0730,23.00
F2300972,P201,922,0730,5.00
F2300972,P201,924,0730,8.00
F2300972,P301,922,0730,8.00
F2300972,P201,911,0730,2.40
F2300972,P201,923,0730,87.00
F2300972,P301,911,0730,1.60
F2300972,P101,911,0730,2.20
F2300972,P101,923,0730,71.00
F2300972,P301,923,0730,90.00
F0501686,P001,911,0736,0.60
F0703948,P001,911,0736,1.40
F1700736,P601,911,0736,1.30
F0701702,P001,911,0736,0.90
F0701702,P002,911,0736,11.00
F1600491,P901,911,0736,10.30
F0501686,P002,911,0736,1.30
F0703948,P002,911,0736,1.70
F0703948,P003,911,0736,1.70
F1600491,P501,911,0736,0.00
F1700736,P701,911,0736,3.50
F2300972,P201,911,0736,2.50
F2300972,P301,911,0736,1.60
F2300972,P101,911,0736,2.20
F0501686,P001,911,0742,0.60
F0703948,P001,911,0742,1.30
F1700736,P601,911,0742,1.30
F0701702,P001,911,0742,0.90
F0701702,P002,911,0742,10.90
F1600491,P901,911,0742,10.30
F0501686,P002,911,0742,1.30
F0703948,P002,911,0742,1.80
F0703948,P003,911,0742,1.70
F1600491,P501,911,0742,0.00
F1700736,P701,911,0742,3.50
F2300972,P201,911,0742,2.40
F2300972,P301,911,0742,1.60
F2300972,P101,911,0742,2.20
F0501686,P001,923,0745,94.00
F0501686,P002,924,0745,15.00
F0701702,P001,923,0745,0.00
F0701702,P002,923,0745,87.00
F0703948,P001,923,0745,72.00
F1600491,P501,922,0745,0.00
F1600491,P901,922,0745,30.00
F0501686,P001,922,0745,5.00
F0501686,P002,922,0745,7.00
F0701702,P002,922,0745,43.00
F0703948,P001,924,0745,15.00
F0703948,P002,922,0745,7.00
F0703948,P003,923,0745,117.00
F1700736,P601,923,0745,13.00
F1700736,P701,923,0745,1.00
F0501686,P001,924,0745,18.00
F0501686,P002,923,0745,59.00
F0701702,P001,922,0745,0.00
F0703948,P002,924,0745,12.00
F1700736,P701,922,0745,0.00
F2300972,P101,922,0745,5.00
F2300972,P301,924,0745,2.00
F0703948,P001,922,0745,5.00
F0703948,P002,923,0745,70.00
F0703948,P003,922,0745,3.00
F0703948,P003,924,0745,17.00
F1600491,P501,923,0745,18.00
F1600491,P901,923,0745,67.00
F1700736,P601,922,0745,2.00
F2300972,P101,924,0745,2.00
F2300972,P201,922,0745,5.00
F2300972,P201,924,0745,2.00
F2300972,P301,922,0745,12.00
F2300972,P201,923,0745,94.00
F2300972,P101,923,0745,80.00
F2300972,P301,923,0745,94.00
F0501686,P001,911,0748,0.60
F0703948,P001,911,0748,1.30
F1700736,P601,911,0748,1.30
F0701702,P001,911,0748,1.00
F0701702,P002,911,0748,10.90
F1600491,P901,911,0748,10.30
F0501686,P002,911,0748,1.30
F0703948,P002,911,0748,1.80
F0703948,P003,911,0748,1.70
F1600491,P501,911,0748,0.00
F1700736,P701,911,0748,3.50
F2300972,P201,911,0748,2.40
F2300972,P301,911,0748,1.60
F2300972,P101,911,0748,2.20
F0501686,P001,911,0754,0.60
F0703948,P001,911,0754,1.40
F1700736,P601,911,0754,1.30
F0701702,P001,911,0754,1.00
F0701702,P002,911,0754,10.90
F1600491,P901,911,0754,10.20
F0501686,P002,911,0754,1.30
F0703948,P002,911,0754,1.70
F0703948,P003,911,0754,1.70
F1600491,P501,911,0754,0.00
F1700736,P701,911,0754,3.50
F2300972,P201,911,0754,2.40
F2300972,P301,911,0754,1.60
F2300972,P101,911,0754,2.20
F0501686,P002,922,0800,7.00
F0701702,P001,911,0800,1.00
F0701702,P002,911,0800,10.90
F0701702,P002,922,0800,40.00
F0703948,P001,924,0800,24.00
F0703948,P002,911,0800,2.20
F0703948,P002,924,0800,2.00
F0703948,P003,911,0800,1.70
F1600491,P501,922,0800,154.00
F1600491,P901,922,0800,29.00
F0501686,P001,911,0800,0.60
F0501686,P001,923,0800,129.00
F0501686,P002,924,0800,16.00
F0701702,P001,923,0800,0.00
F0701702,P002,923,0800,92.00
F0703948,P001,911,0800,0.00
F0703948,P001,923,0800,75.00
F1600491,P501,911,0800,0.00
F1600491,P901,923,0800,76.00
F1700736,P601,911,0800,1.40
F0501686,P001,924,0800,17.00
F0501686,P002,911,0800,1.30
F0501686,P002,923,0800,64.00
F0701702,P001,922,0800,0.00
F0703948,P002,923,0800,109.00
F0703948,P003,922,0800,7.00
F0703948,P003,924,0800,14.00
F1600491,P501,923,0800,325.00
F1700736,P601,922,0800,3.00
F2300972,P101,924,0800,2.00
F2300972,P201,911,0800,2.30
F2300972,P201,923,0800,94.00
F2300972,P301,922,0800,16.00
F1700736,P601,923,0800,14.00
F1700736,P701,923,0800,1.00
F2300972,P101,911,0800,2.20
F2300972,P101,923,0800,77.00
F2300972,P201,922,0800,4.00
F2300972,P201,924,0800,1.00
F1700736,P701,911,0800,3.50
F2300972,P101,922,0800,3.00
F2300972,P301,924,0800,17.00
F0501686,P001,922,0800,6.00
F0703948,P001,922,0800,9.00
F0703948,P002,922,0800,9.00
F0703948,P003,923,0800,125.00
F1600491,P901,911,0800,10.30
F1700736,P701,922,0800,0.00
F2300972,P301,911,0800,1.60
F2300972,P301,923,0800,83.00
F0701702,P001,911,0806,1.10
F0701702,P002,911,0806,10.80
F0703948,P002,911,0806,0.00
F0703948,P003,911,0806,1.70
F0501686,P001,911,0806,0.60
F0703948,P001,911,0806,0.00
F1600491,P501,911,0806,0.00
F1700736,P601,911,0806,1.40
F0501686,P002,911,0806,1.30
F2300972,P201,911,0806,2.40
F2300972,P101,911,0806,2.20
F1700736,P701,911,0806,3.50
F1600491,P901,911,0806,10.40
F2300972,P301,911,0806,1.60
F0701702,P001,911,0812,1.10
F0701702,P002,911,0812,10.80
F0703948,P002,911,0812,0.00
F0703948,P003,911,0812,1.70
F0501686,P001,911,0812,0.60
F0703948,P001,911,0812,0.00
F1600491,P501,911,0812,0.00
F1700736,P601,911,0812,1.40
F0501686,P002,911,0812,1.30
F2300972,P201,911,0812,2.40
F2300972,P101,911,0812,2.20
F1700736,P701,911,0812,3.50
F1600491,P901,911,0812,10.20
F2300972,P301,911,0812,1.60
F0501686,P002,922,0815,7.00
F0701702,P002,922,0815,42.00
F0703948,P001,924,0815,21.00
F0703948,P002,924,0815,18.00
F1600491,P501,922,0815,1.00
F1600491,P901,922,0815,31.00
F0501686,P001,923,0815,103.00
F0501686,P002,924,0815,16.00
F0701702,P001,923,0815,0.00
F0701702,P002,923,0815,91.00
F0703948,P001,923,0815,77.00
F1600491,P901,923,0815,76.00
F0501686,P001,924,0815,17.00
F0501686,P002,923,0815,59.00
F0701702,P001,922,0815,0.00
F0703948,P002,923,0815,101.00
F0703948,P003,922,0815,9.00
F0703948,P003,924,0815,22.00
F1600491,P501,923,0815,1.00
F1700736,P601,922,0815,3.00
F2300972,P101,924,0815,2.00
F2300972,P201,923,0815,92.00
F2300972,P301,922,0815,11.00
F1700736,P601,923,0815,14.00
F1700736,P701,923,0815,1.00
F2300972,P101,923,0815,82.00
F2300972,P201,922,0815,5.00
F2300972,P201,924,0815,2.00
F2300972,P101,922,0815,3.00
F2300972,P301,924,0815,51.00
F0501686,P001,922,0815,5.00
F0703948,P001,922,0815,10.00
F0703948,P002,922,0815,4.00
F0703948,P003,923,0815,113.00
F1700736,P701,922,0815,0.00
F2300972,P301,923,0815,87.00
F0701702,P001,911,0818,1.10
F0701702,P002,911,0818,10.80
F0703948,P002,911,0818,1.70
F0703948,P003,911,0818,1.70
F0501686,P001,911,0818,0.60
F0703948,P001,911,0818,1.00
F1600491,P501,911,0818,0.00
F1700736,P601,911,0818,1.40
F0501686,P002,911,0818,1.30
F2300972,P201,911,0818,2.30
F2300972,P101,911,0818,2.20
F1700736,P701,911,0818,3.50
F1600491,P901,911,0818,10.20
F2300972,P301,911,0818,1.60
F0701702,P001,911,0824,1.10
F0701702,P002,911,0824,10.90
F0703948,P002,911,0824,1.70
F0703948,P003,911,0824,1.70
F0501686,P001,911,0824,0.70
F0703948,P001,911,0824,1.00
F1600491,P501,911,0824,0.00
F1700736,P601,911,0824,1.40
F0501686,P002,911,0824,1.30
F2300972,P201,911,0824,2.30
F2300972,P101,911,0824,2.20
F1700736,P701,911,0824,3.50
F1600491,P901,911,0824,10.20
F2300972,P301,911,0824,1.60
F0501686,P002,922,0830,7.00
F0701702,P001,911,0830,1.20
F0701702,P002,911,0830,10.90
F0701702,P002,922,0830,38.00
F0703948,P001,924,0830,17.00
F0703948,P002,911,0830,1.70
F0703948,P002,924,0830,19.00
F0703948,P003,911,0830,1.70
F1600491,P501,922,0830,0.00
F1600491,P901,922,0830,31.00
F0501686,P001,911,0830,0.60
F0501686,P001,923,0830,95.00
F0501686,P002,924,0830,16.00
F0701702,P001,923,0830,0.00
F0701702,P002,923,0830,92.00
F0703948,P001,911,0830,1.00
F0703948,P001,923,0830,69.00
F1600491,P501,911,0830,0.00
F1600491,P901,923,0830,65.00
F1700736,P601,911,0830,1.50
F0501686,P001,924,0830,16.00
F0501686,P002,911,0830,1.30
F0501686,P002,923,0830,63.00
F0701702,P001,922,0830,0.00
F0703948,P002,923,0830,70.00
F0703948,P003,922,0830,8.00
F0703948,P003,924,0830,13.00
F1600491,P501,923,0830,4.00
F1700736,P601,922,0830,3.00
F2300972,P101,924,0830,28.00
F2300972,P201,911,0830,2.40
F2300972,P201,923,0830,95.00
F2300972,P301,922,0830,14.00
F1700736,P601,923,0830,14.00
F1700736,P701,923,0830,1.00
F2300972,P101,911,0830,2.20
F2300972,P101,923,0830,79.00
F2300972,P201,922,0830,4.00
F2300972,P201,924,0830,1.00
F1700736,P701,911,0830,3.60
F2300972,P101,922,0830,3.00
F2300972,P301,924,0830,12.00
F0501686,P001,922,0830,5.00
F0703948,P001,922,0830,10.00
F0703948,P002,922,0830,2.00
F0703948,P003,923,0830,111.00
F1600491,P901,911,0830,10.20
F1700736,P701,922,0830,0.00
F2300972,P301,911,0830,1.60
F2300972,P301,923,0830,84.00
F0701702,P001,911,0836,1.20
F0701702,P002,911,0836,10.80
F0703948,P002,911,0836,1.70
F0703948,P003,911,0836,1.70
F0501686,P001,911,0836,0.70
F0703948,P001,911,0836,1.00
F1600491,P501,911,0836,0.00
F1700736,P601,911,0836,1.50
F0501686,P002,911,0836,1.40
F2300972,P201,911,0836,2.30
F2300972,P101,911,0836,2.20
F1700736,P701,911,0836,3.60
F1600491,P901,911,0836,10.20
F2300972,P301,911,0836,1.60
F0701702,P001,911,0842,1.30
F0701702,P002,911,0842,10.90
F0703948,P002,911,0842,1.60
F0703948,P003,911,0842,1.70
F0501686,P001,911,0842,0.60
F0703948,P001,911,0842,1.00
F1600491,P501,911,0842,0.00
F1700736,P601,911,0842,1.50
F0501686,P002,911,0842,1.30
F2300972,P201,911,0842,2.30
F2300972,P101,911,0842,2.20
F1700736,P701,911,0842,3.60
F1600491,P901,911,0842,10.10
F2300972,P301,911,0842,1.60
F0501686,P002,922,0845,7.00
F0701702,P002,922,0845,104.00
F0703948,P001,924,0845,18.00
F0703948,P002,924,0845,13.00
F1600491,P501,922,0845,0.00
F1600491,P901,922,0845,30.00
F0501686,P001,923,0845,86.00
F0501686,P002,924,0845,11.00
F0701702,P001,923,0845,0.00
F0701702,P002,923,0845,129.00
F0703948,P001,923,0845,76.00
F1600491,P901,923,0845,64.00
F0501686,P001,924,0845,17.00
F0501686,P002,923,0845,76.00
F0701702,P001,922,0845,0.00
F0703948,P002,923,0845,94.00
F0703948,P003,922,0845,9.00
F0703948,P003,924,0845,18.00
F1600491,P501,923,0845,3.00
F1700736,P601,922,0845,3.00
F2300972,P101,924,0845,2.00
F2300972,P201,923,0845,93.00
F2300972,P301,922,0845,11.00
F1700736,P601,923,0845,14.00
F1700736,P701,923,0845,1.00
F2300972,P101,923,0845,89.00
F2300972,P201,922,0845,5.00
F2300972,P201,924,0845,1.00
F2300972,P101,922,0845,3.00
F2300972,P301,924,0845,7.00
F0501686,P001,922,0845,6.00
F0703948,P001,922,0845,10.00
F0703948,P002,922,0845,3.00
F0703948,P003,923,0845,96.00
F1700736,P701,922,0845,0.00
F2300972,P301,923,0845,95.00
F0701702,P001,911,0848,1.30
F0701702,P002,911,0848,10.90
F0703948,P002,911,0848,1.60
F0703948,P003,911,0848,1.70
F0501686,P001,911,0848,0.60
F0703948,P001,911,0848,1.00
F1600491,P501,911,0848,0.00
F1700736,P601,911,0848,1.50
F0501686,P002,911,0848,1.40
F2300972,P201,911,0848,2.30
F2300972,P101,911,0848,2.20
F1700736,P701,911,0848,3.60
F1600491,P901,911,0848,10.20
F2300972,P301,911,0848,1.60
F0701702,P001,911,0854,1.30
F0701702,P002,911,0854,11.00
F0703948,P002,911,0854,1.70
F0703948,P003,911,0854,1.70
F0501686,P001,911,0854,0.60
F0703948,P001,911,0854,0.90
F1600491,P501,911,0854,0.00
F1700736,P601,911,0854,1.60
F0501686,P002,911,0854,1.30
F2300972,P201,911,0854,2.30
F2300972,P101,911,0854,2.20
F1700736,P701,911,0854,3.60
F1600491,P901,911,0854,10.20
F2300972,P301,911,0854,1.60
F0501686,P001,911,0900,0.60
F0501686,P001,923,0900,87.00
F0701702,P001,911,0900,1.40
F0701702,P002,911,0900,10.90
F0701702,P002,922,0900,42.00
F0703948,P001,911,0900,0.90
F0703948,P001,923,0900,0.00
F1600491,P501,922,0900,0.00
F1600491,P901,922,0900,32.00
F1700736,P601,911,0900,1.60
F0501686,P001,924,0900,16.00
F0501686,P002,924,0900,13.00
F0701702,P001,923,0900,0.00
F0701702,P002,923,0900,91.00
F0703948,P001,924,0900,0.00
F0703948,P002,911,0900,1.60
F0703948,P002,924,0900,0.00
F0703948,P003,911,0900,1.70
F1600491,P501,923,0900,3.00
F1600491,P901,911,0900,10.20
F1700736,P601,923,0900,14.00
F1700736,P701,923,0900,1.00
F0501686,P001,922,0900,5.00
F0501686,P002,923,0900,70.00
F0701702,P001,922,0900,0.00
F0703948,P001,922,0900,0.00
F0703948,P002,923,0900,0.00
F0703948,P003,922,0900,0.00
F0703948,P003,924,0900,0.00
F1600491,P501,911,0900,0.00
F1600491,P901,923,0900,63.00
F1700736,P701,922,0900,0.00
F2300972,P101,922,0900,4.00
F2300972,P201,924,0900,1.00
F2300972,P301,924,0900,2.00
F1700736,P701,911,0900,3.70
F2300972,P101,911,0900,2.20
F2300972,P101,923,0900,80.00
F2300972,P201,922,0900,4.00
F2300972,P301,922,0900,13.00
F0501686,P002,911,0900,1.30
F0501686,P002,922,0900,8.00
F0703948,P002,922,0900,0.00
F0703948,P003,923,0900,0.00
F1700736,P601,922,0900,3.00
F2300972,P101,924,0900,3.00
F2300972,P201,911,0900,2.20
F2300972,P201,923,0900,89.00
F2300972,P301,911,0900,1.60
F2300972,P301,923,0900,91.00
F0501686,P001,911,0906,0.60
F0701702,P001,911,0906,1.40
F0701702,P002,911,0906,10.90
F0703948,P001,911,0906,0.90
F1700736,P601,911,0906,1.60
F0703948,P002,911,0906,1.90
F0703948,P003,911,0906,0.00
F1600491,P901,911,0906,10.10
F1600491,P501,911,0906,0.00
F1700736,P701,911,0906,3.70
F2300972,P101,911,0906,2.20
F0501686,P002,911,0906,1.30
F2300972,P201,911,0906,2.30
F2300972,P301,911,0906,1.60
F0501686,P001,911,0912,0.60
F0701702,P001,911,0912,1.40
F0701702,P002,911,0912,10.90
F0703948,P001,911,0912,0.90
F1700736,P601,911,0912,1.60
F0703948,P002,911,0912,1.70
F0703948,P003,911,0912,0.00
F1600491,P901,911,0912,10.10
F1600491,P501,911,0912,0.00
F1700736,P701,911,0912,3.70
F2300972,P101,911,0912,2.20
F0501686,P002,911,0912,1.30
F2300972,P201,911,0912,2.20
F2300972,P301,911,0912,1.60
F0501686,P001,923,0915,86.00
F0701702,P002,922,0915,41.00
F0703948,P001,923,0915,111.00
F1600491,P501,922,0915,0.00
F1600491,P901,922,0915,32.00
F0501686,P001,924,0915,17.00
F0501686,P002,924,0915,13.00
F0701702,P001,923,0915,0.00
F0701702,P002,923,0915,93.00
F0703948,P001,924,0915,5.00
F0703948,P002,924,0915,5.00
F1600491,P501,923,0915,3.00
F1700736,P601,923,0915,14.00
F1700736,P701,923,0915,2.00
F0501686,P001,922,0915,5.00
F0501686,P002,923,0915,66.00
F0701702,P001,922,0915,0.00
F0703948,P001,922,0915,8.00
F0703948,P002,923,0915,110.00
F0703948,P003,922,0915,13.00
F0703948,P003,924,0915,19.00
F1600491,P901,923,0915,42.00
F1700736,P701,922,0915,0.00
F2300972,P101,922,0915,4.00
F2300972,P201,924,0915,47.00
F2300972,P301,924,0915,2.00
F2300972,P101,923,0915,74.00
F2300972,P201,922,0915,6.00
F2300972,P301,922,0915,9.00
F0501686,P002,922,0915,8.00
F0703948,P002,922,0915,4.00
F0703948,P003,923,0915,82.00
F1700736,P601,922,0915,3.00
F2300972,P101,924,0915,2.00
F2300972,P201,923,0915,78.00
F2300972,P301,923,0915,105.00
F0501686,P001,911,0918,0.60
F0701702,P001,911,0918,1.40
F0701702,P002,911,0918,10.80
F0703948,P001,911,0918,0.80
F1700736,P601,911,0918,1.60
F0703948,P002,911,0918,1.60
F0703948,P003,911,0918,1.60
F1600491,P901,911,0918,10.20
F1600491,P501,911,0918,0.00
F1700736,P701,911,0918,3.70
F2300972,P101,911,0918,2.20
F0501686,P002,911,0918,1.30
F2300972,P201,911,0918,2.30
F2300972,P301,911,0918,1.60
F0501686,P001,911,0924,0.60
F0701702,P001,911,0924,1.40
F0701702,P002,911,0924,11.00
F0703948,P001,911,0924,1.30
F0703948,P002,911,0924,1.70
F0703948,P003,911,0924,1.60
F1600491,P901,911,0924,10.30
F1600491,P501,911,0924,0.00
F1700736,P601,911,0924,1.70
F1700736,P701,911,0924,3.70
F2300972,P101,911,0924,2.20
F0501686,P002,911,0924,1.30
F2300972,P201,911,0924,2.40
F2300972,P301,911,0924,1.60
F0501686,P001,911,0930,0.70
F0501686,P001,923,0930,98.00
F0701702,P001,911,0930,1.40
F0701702,P002,911,0930,10.80
F0701702,P002,922,0930,41.00
F0703948,P001,911,0930,1.30
F0703948,P001,923,0930,94.00
F1600491,P501,922,0930,0.00
F1600491,P901,922,0930,33.00
F0501686,P001,924,0930,16.00
F0501686,P002,924,0930,12.00
F0701702,P001,923,0930,1.00
F0701702,P002,923,0930,81.00
F0703948,P001,924,0930,12.00
F0703948,P002,911,0930,1.60
F0703948,P002,924,0930,22.00
F0703948,P003,911,0930,1.60
F1600491,P501,923,0930,3.00
F1600491,P901,911,0930,13.50
F1700736,P601,923,0930,14.00
F0501686,P001,922,0930,5.00
F0501686,P002,923,0930,66.00
F0701702,P001,922,0930,0.00
F0703948,P001,922,0930,12.00
F0703948,P002,923,0930,88.00
F0703948,P003,922,0930,8.00
F0703948,P003,924,0930,17.00
F1600491,P501,911,0930,0.00
F1600491,P901,923,0930,67.00
F1700736,P701,922,0930,0.00
F1700736,P701,923,0930,1.00
F2300972,P101,922,0930,4.00
F2300972,P201,924,0930,6.00
F2300972,P301,924,0930,37.00
F1700736,P601,911,0930,1.70
F1700736,P701,911,0930,3.80
F2300972,P101,911,0930,2.20
F2300972,P101,923,0930,79.00
F2300972,P201,922,0930,5.00
F2300972,P301,922,0930,15.00
F0501686,P002,911,0930,1.30
F0501686,P002,922,0930,7.00
F0703948,P002,922,0930,5.00
F0703948,P003,923,0930,120.00
F1700736,P601,922,0930,3.00
F2300972,P101,924,0930,2.00
F2300972,P201,911,0930,2.40
F2300972,P201,923,0930,94.00
F2300972,P301,911,0930,1.60
F2300972,P301,923,0930,82.00
F0501686,P001,911,0936,0.60
F0701702,P001,911,0936,6.30
F0701702,P002,911,0936,10.90
F0703948,P001,911,0936,1.30
F0703948,P002,911,0936,1.60
F0703948,P003,911,0936,1.60
F1600491,P901,911,0936,10.50
F1600491,P501,911,0936,0.00
F1700736,P601,911,0936,1.70
F1700736,P701,911,0936,3.80
F2300972,P101,911,0936,2.20
F0501686,P002,911,0936,1.40
F2300972,P201,911,0936,2.40
F2300972,P301,911,0936,1.60
F0501686,P001,911,0942,0.60
F0701702,P001,911,0942,4.90
F0701702,P002,911,0942,10.90
F0703948,P001,911,0942,1.40
F0703948,P002,911,0942,1.60
F0703948,P003,911,0942,1.60
F1600491,P901,911,0942,10.30
F1600491,P501,911,0942,0.00
F1700736,P601,911,0942,1.80
F1700736,P701,911,0942,3.80
F2300972,P101,911,0942,2.20
F0501686,P002,911,0942,1.40
F2300972,P201,911,0942,2.30
F2300972,P301,911,0942,1.60
F0501686,P001,923,0945,92.00
F0701702,P002,922,0945,40.00
F0703948,P001,923,0945,94.00
F1600491,P501,922,0945,0.00
F1600491,P901,922,0945,31.00
F0501686,P001,924,0945,17.00
F0501686,P002,924,0945,13.00
F0701702,P001,923,0945,130.00
F0701702,P002,923,0945,82.00
F0703948,P001,924,0945,12.00
F0703948,P002,924,0945,22.00
F1600491,P501,923,0945,0.00
F1700736,P601,923,0945,14.00
F0501686,P001,922,0945,5.00
F0501686,P002,923,0945,63.00
F0701702,P001,922,0945,127.00
F0703948,P001,922,0945,11.00
F0703948,P002,923,0945,78.00
F0703948,P003,922,0945,7.00
F0703948,P003,924,0945,10.00
F1600491,P901,923,0945,81.00
F1700736,P701,922,0945,0.00
F1700736,P701,923,0945,1.00
F2300972,P101,922,0945,4.00
F2300972,P201,924,0945,1.00
F2300972,P301,924,0945,5.00
F2300972,P101,923,0945,79.00
F2300972,P201,922,0945,4.00
F2300972,P301,922,0945,12.00
F0501686,P002,922,0945,7.00
F0703948,P002,922,0945,6.00
F0703948,P003,923,0945,121.00
F1700736,P601,922,0945,3.00
F2300972,P101,924,0945,1.00
F2300972,P201,923,0945,96.00
F2300972,P301,923,0945,90.00
F0501686,P001,911,0948,0.60
F0701702,P001,911,0948,1.30
F0701702,P002,911,0948,10.80
F0703948,P001,911,0948,1.30
F0703948,P002,911,0948,1.60
F0703948,P003,911,0948,1.60
F1600491,P901,911,0948,10.30
F1600491,P501,911,0948,0.00
F1700736,P601,911,0948,1.80
F1700736,P701,911,0948,3.80
F2300972,P101,911,0948,2.20
F0501686,P002,911,0948,1.40
F2300972,P201,911,0948,2.30
F2300972,P301,911,0948,1.50
F0501686,P001,911,0954,0.60
F0701702,P001,911,0954,1.40
F0701702,P002,911,0954,11.00
F0703948,P001,911,0954,1.20
F0703948,P002,911,0954,1.60
F0703948,P003,911,0954,1.60
F1600491,P901,911,0954,10.40
F1600491,P501,911,0954,0.00
F1700736,P601,911,0954,1.80
F1700736,P701,911,0954,3.80
F2300972,P101,911,0954,2.20
F0501686,P002,911,0954,1.30
F2300972,P201,911,0954,2.30
F2300972,P301,911,0954,1.50
F0501686,P001,924,1000,17.00
F0501686,P002,922,1000,7.00
F0701702,P001,911,1000,1.30
F0701702,P002,911,1000,10.80
F0701702,P002,922,1000,39.00
F0703948,P001,924,1000,0.00
F0703948,P002,922,1000,0.00
F0703948,P003,911,1000,1.60
F1600491,P501,911,1000,0.00
F1600491,P901,922,1000,32.00
F0501686,P002,911,1000,1.30
F0501686,P002,923,1000,64.00
F0701702,P002,923,1000,83.00
F0703948,P001,911,1000,1.30
F0703948,P001,923,1000,0.00
F1600491,P501,922,1000,0.00
F1600491,P901,911,1000,10.40
F1700736,P701,911,1000,3.90
F2300972,P101,922,1000,4.00
F2300972,P201,911,1000,2.30
F0501686,P001,922,1000,5.00
F0501686,P002,924,1000,15.00
F0701702,P001,923,1000,2.00
F0703948,P002,911,1000,1.50
F0703948,P002,924,1000,0.00
F0703948,P003,923,1000,0.00
F1700736,P601,923,1000,14.00
F1700736,P701,923,1000,1.00
F2300972,P101,911,1000,2.20
F2300972,P101,923,1000,78.00
F2300972,P201,922,1000,3.00
F2300972,P301,911,1000,1.50
F0501686,P001,911,1000,0.60
F0501686,P001,923,1000,83.00
F0701702,P001,922,1000,2.00
F0703948,P001,922,1000,0.00
F0703948,P002,923,1000,0.00
F0703948,P003,922,1000,0.00
F0703948,P003,924,1000,0.00
F1600491,P501,923,1000,0.00
F1600491,P901,923,1000,63.00
F1700736,P601,922,1000,3.00
F1700736,P701,922,1000,0.00
F2300972,P301,924,1000,3.00
F2300972,P201,923,1000,87.00
F2300972,P301,922,1000,8.00
F1700736,P601,911,1000,1.90
F2300972,P101,924,1000,9.00
F2300972,P201,924,1000,1.00
F2300972,P301,923,1000,93.00
F0701702,P001,911,1006,1.30
F0701702,P002,911,1006,10.80
F0703948,P003,911,1006,1.60
F1600491,P501,911,1006,0.00
F0501686,P002,911,1006,1.40
F0703948,P001,911,1006,1.30
F1600491,P901,911,1006,10.30
F1700736,P701,911,1006,3.90
F2300972,P201,911,1006,2.30
F0703948,P002,911,1006,1.50
F2300972,P101,911,1006,2.20
F2300972,P301,911,1006,1.60
F0501686,P001,911,1006,0.60
F1700736,P601,911,1006,1.90
F0701702,P001,911,1012,1.40
F0701702,P002,911,1012,10.80
F0703948,P003,911,1012,1.60
F1600491,P501,911,1012,0.00
F0501686,P002,911,1012,1.40
F0703948,P001,911,1012,1.20
F1600491,P901,911,1012,10.30
F1700736,P701,911,1012,3.80
F2300972,P201,911,1012,2.40
F0703948,P002,911,1012,2.00
F2300972,P101,911,1012,2.20
F2300972,P301,911,1012,1.60
F0501686,P001,911,1012,0.60
F1700736,P601,911,1012,1.90
F0501686,P001,924,1015,18.00
F0501686,P002,922,1015,8.00
F0701702,P002,922,1015,40.00
F0703948,P001,924,1015,22.00
F0703948,P002,922,1015,3.00
F1600491,P901,922,1015,30.00
F0501686,P002,923,1015,60.00
F0701702,P002,923,1015,82.00
F0703948,P001,923,1015,60.00
F1600491,P501,922,1015,0.00
F2300972,P101,922,1015,4.00
F0501686,P001,922,1015,5.00
F0501686,P002,924,1015,15.00
F0701702,P001,923,1015,0.00
F0703948,P002,924,1015,8.00
F0703948,P003,923,1015,82.00
F1700736,P601,923,1015,13.00
F1700736,P701,923,1015,1.00
F2300972,P101,923,1015,86.00
F2300972,P201,922,1015,3.00
F0501686,P001,923,1015,92.00
F0701702,P001,922,1015,0.00
F0703948,P001,922,1015,5.00
F0703948,P002,923,1015,113.00
F0703948,P003,922,1015,5.00
F0703948,P003,924,1015,9.00
F1600491,P501,923,1015,0.00
F1600491,P901,923,1015,72.00
F1700736,P601,922,1015,3.00
F1700736,P701,922,1015,0.00
F2300972,P301,924,1015,2.00
F2300972,P201,923,1015,94.00
F2300972,P301,922,1015,9.00
F2300972,P101,924,1015,4.00
F2300972,P201,924,1015,1.00
F2300972,P301,923,1015,104.00
F0701702,P001,911,1018,1.40
F0701702,P002,911,1018,10.80
F0703948,P003,911,1018,1.60
F1600491,P501,911,1018,0.00
F0501686,P002,911,1018,1.30
F0703948,P001,911,1018,1.10
F1600491,P901,911,1018,10.70
F1700736,P701,911,1018,3.90
F2300972,P201,911,1018,2.30
F0703948,P002,911,1018,1.70
F2300972,P101,911,1018,2.20
F2300972,P301,911,1018,1.60
F0501686,P001,911,1018,0.60
F1700736,P601,911,1018,2.00
F0701702,P001,911,1024,1.40
F0701702,P002,911,1024,10.90
F0703948,P003,911,1024,1.60
F1600491,P501,911,1024,0.00
F0501686,P002,911,1024,1.40
F0703948,P001,911,1024,1.30
F1600491,P901,911,1024,10.60
F1700736,P701,911,1024,3.90
F0703948,P002,911,1024,1.80
F2300972,P101,911,1024,2.20
F2300972,P301,911,1024,1.60
F0501686,P001,911,1024,0.70
F2300972,P201,911,1024,2.30
F1700736,P601,911,1024,2.00
F0501686,P001,924,1030,17.00
F0501686,P002,922,1030,8.00
F0701702,P001,911,1030,1.40
F0701702,P002,911,1030,10.80
F0701702,P002,922,1030,42.00
F0703948,P001,924,1030,14.00
F0703948,P002,922,1030,3.00
F0703948,P003,911,1030,1.60
F1600491,P501,911,1030,0.00
F1600491,P901,922,1030,32.00
F0501686,P002,911,1030,1.40
F0501686,P002,923,1030,57.00
F0701702,P002,923,1030,82.00
F0703948,P001,911,1030,1.20
F0703948,P001,923,1030,95.00
F1600491,P501,922,1030,0.00
F1600491,P901,911,1030,10.60
F1700736,P701,911,1030,3.90
F2300972,P101,922,1030,3.00
F0501686,P001,922,1030,5.00
F0501686,P002,924,1030,13.00
F0701702,P001,923,1030,0.00
F0703948,P002,911,1030,1.80
F0703948,P002,924,1030,8.00
F0703948,P003,923,1030,94.00
F1700736,P601,923,1030,14.00
F1700736,P701,923,1030,2.00
F2300972,P101,911,1030,2.20
F2300972,P101,923,1030,86.00
F2300972,P201,922,1030,3.00
F2300972,P301,911,1030,1.60
F0501686,P001,911,1030,0.60
F0501686,P001,923,1030,95.00
F0701702,P001,922,1030,0.00
F0703948,P001,922,1030,6.00
F0703948,P002,923,1030,70.00
F0703948,P003,922,1030,3.00
F0703948,P003,924,1030,13.00
F1600491,P501,923,1030,0.00
F1600491,P901,923,1030,59.00
F1700736,P601,922,1030,3.00
F1700736,P701,922,1030,0.00
F2300972,P301,924,1030,2.00
F2300972,P201,911,1030,2.30
F2300972,P201,923,1030,101.00
F2300972,P301,922,1030,8.00
F1700736,P601,911,1030,2.00
F2300972,P101,924,1030,1.00
F2300972,P201,924,1030,1.00
F2300972,P301,923,1030,100.00
F0701702,P001,911,1036,1.40
F0701702,P002,911,1036,10.80
F0703948,P003,911,1036,1.60
F1600491,P501,911,1036,0.00
F0501686,P002,911,1036,1.40
F0703948,P001,911,1036,1.10
F1600491,P901,911,1036,10.50
F1700736,P701,911,1036,3.90
F0703948,P002,911,1036,1.80
F2300972,P101,911,1036,2.20
F2300972,P301,911,1036,1.50
F0501686,P001,911,1036,0.70
F2300972,P201,911,1036,2.20
F1700736,P601,911,1036,2.00
F0701702,P001,911,1042,1.40
F0701702,P002,911,1042,10.80
F0703948,P003,911,1042,1.60
F1600491,P501,911,1042,0.00
F0501686,P002,911,1042,1.30
F0703948,P001,911,1042,1.10
F1600491,P901,911,1042,10.90
F1700736,P701,911,1042,3.90
F0703948,P002,911,1042,1.80
F2300972,P101,911,1042,2.20
F2300972,P301,911,1042,1.40
F0501686,P001,911,1042,0.60
F2300972,P201,911,1042,2.20
F1700736,P601,911,1042,2.00
F0501686,P001,924,1045,18.00
F0501686,P002,922,1045,8.00
F0701702,P002,922,1045,40.00
F0703948,P001,924,1045,18.00
F0703948,P002,922,1045,5.00
F1600491,P901,922,1045,33.00
F0501686,P002,923,1045,54.00
F0701702,P002,923,1045,88.00
F0703948,P001,923,1045,94.00
F1600491,P501,922,1045,0.00
F2300972,P101,922,1045,3.00
F0501686,P001,922,1045,5.00
F0501686,P002,924,1045,15.00
F0701702,P001,923,1045,0.00
F0703948,P002,924,1045,2.00
F0703948,P003,923,1045,97.00
F1700736,P601,923,1045,14.00
F1700736,P701,923,1045,1.00
F2300972,P101,923,1045,81.00
F2300972,P201,922,1045,3.00
F0501686,P001,923,1045,93.00
F0701702,P001,922,1045,1.00
F0703948,P001,922,1045,5.00
F0703948,P002,923,1045,77.00
F0703948,P003,922,1045,3.00
F0703948,P003,924,1045,11.00
F1600491,P501,923,1045,0.00
F1600491,P901,923,1045,83.00
F1700736,P601,922,1045,3.00
F1700736,P701,922,1045,0.00
F2300972,P301,924,1045,25.00
F2300972,P201,923,1045,97.00
F2300972,P301,922,1045,10.00
F2300972,P101,924,1045,1.00
F2300972,P201,924,1045,1.00
F2300972,P301,923,1045,84.00
F0701702,P001,911,1048,1.40
F0701702,P002,911,1048,10.80
F0703948,P003,911,1048,1.60
F1600491,P501,911,1048,0.00
F0501686,P002,911,1048,1.40
F0703948,P001,911,1048,1.10
F1600491,P901,911,1048,10.70
F1700736,P701,911,1048,3.90
F0703948,P002,911,1048,1.80
F2300972,P101,911,1048,2.20
F0501686,P001,911,1048,0.60
F2300972,P201,911,1048,2.10
F1700736,P601,911,1048,2.10
F2300972,P301,911,1048,1.50
F0701702,P001,911,1054,1.40
F0701702,P002,911,1054,10.90
F0703948,P003,911,1054,1.60
F1600491,P501,911,1054,0.00
F0501686,P002,911,1054,1.30
F0703948,P001,911,1054,1.20
F1600491,P901,911,1054,10.40
F1700736,P701,911,1054,3.90
F0703948,P002,911,1054,1.80
F2300972,P101,911,1054,2.20
F0501686,P001,911,1054,0.60
F2300972,P201,911,1054,2.30
F1700736,P601,911,1054,2.10
F2300972,P301,911,1054,1.60
F0501686,P001,922,1100,6.00
F0501686,P002,922,1100,7.00
F0701702,P001,911,1100,1.40
F0701702,P002,911,1100,10.80
F0701702,P002,922,1100,41.00
F0703948,P001,924,1100,0.00
F0703948,P002,922,1100,0.00
F1600491,P501,923,1100,0.00
F1600491,P901,923,1100,77.00
F1700736,P601,911,1100,2.10
F1700736,P701,911,1100,3.90
F0501686,P001,911,1100,0.60
F0501686,P001,923,1100,94.00
F0501686,P002,911,1100,1.30
F0501686,P002,923,1100,46.00
F0701702,P001,923,1100,0.00
F0703948,P001,922,1100,0.00
F0703948,P002,923,1100,0.00
F0703948,P003,911,1100,1.60
F1600491,P501,922,1100,0.00
F1600491,P901,922,1100,31.00
F1700736,P601,922,1100,3.00
F2300972,P101,924,1100,1.00
F0501686,P001,924,1100,19.00
F0501686,P002,924,1100,21.00
F0701702,P001,922,1100,0.00
F0703948,P002,911,1100,1.80
F0703948,P002,924,1100,0.00
F0703948,P003,923,1100,0.00
F1600491,P901,911,1100,10.30
F1700736,P701,922,1100,0.00
F2300972,P101,911,1100,2.20
F2300972,P101,923,1100,87.00
F2300972,P201,924,1100,1.00
F2300972,P301,922,1100,9.00
F0701702,P002,923,1100,82.00
F0703948,P001,911,1100,1.10
F0703948,P001,923,1100,0.00
F0703948,P003,922,1100,0.00
F0703948,P003,924,1100,0.00
F1600491,P501,911,1100,0.00
F1700736,P601,923,1100,14.00
F1700736,P701,923,1100,1.00
F2300972,P201,922,1100,3.00
F2300972,P301,924,1100,2.00
F2300972,P101,922,1100,2.00
F2300972,P201,911,1100,2.20
F2300972,P201,923,1100,97.00
F2300972,P301,911,1100,1.50
F2300972,P301,923,1100,96.00
F0701702,P001,911,1106,1.40
F0701702,P002,911,1106,10.80
F1700736,P601,911,1106,2.10
F1700736,P701,911,1106,3.90
F0501686,P001,911,1106,0.70
F0501686,P002,911,1106,1.30
F0703948,P003,911,1106,1.60
F0703948,P002,911,1106,1.70
F1600491,P901,911,1106,10.30
F2300972,P101,911,1106,2.20
F0703948,P001,911,1106,1.20
F1600491,P501,911,1106,0.00
F2300972,P201,911,1106,2.10
F2300972,P301,911,1106,1.60
F0701702,P001,911,1112,1.40
F0701702,P002,911,1112,10.70
F1700736,P601,911,1112,2.10
F1700736,P701,911,1112,3.90
F0501686,P001,911,1112,0.70
F0501686,P002,911,1112,1.30
F0703948,P003,911,1112,1.60
F0703948,P002,911,1112,1.70
F1600491,P901,911,1112,10.40
F2300972,P101,911,1112,2.30
F0703948,P001,911,1112,1.10
F1600491,P501,911,1112,0.00
F2300972,P201,911,1112,2.20
F2300972,P301,911,1112,1.60
F0501686,P001,922,1115,6.00
F0501686,P002,922,1115,7.00
F0701702,P002,922,1115,41.00
F0703948,P001,924,1115,16.00
F0703948,P002,922,1115,6.00
F1600491,P501,923,1115,0.00
F1600491,P901,923,1115,58.00
F0501686,P001,923,1115,84.00
F0501686,P002,923,1115,49.00
F0701702,P001,923,1115,0.00
F0703948,P001,922,1115,2.00
F0703948,P002,923,1115,72.00
F1600491,P501,922,1115,0.00
F1600491,P901,922,1115,32.00
F1700736,P601,922,1115,4.00
F2300972,P101,924,1115,1.00
F0501686,P001,924,1115,25.00
F0501686,P002,924,1115,18.00
F0701702,P001,922,1115,0.00
F0703948,P002,924,1115,5.00
F0703948,P003,923,1115,89.00
F1700736,P701,922,1115,0.00
F2300972,P101,923,1115,84.00
F2300972,P201,924,1115,1.00
F2300972,P301,922,1115,7.00
F0701702,P002,923,1115,87.00
F0703948,P001,923,1115,92.00
F0703948,P003,922,1115,3.00
F0703948,P003,924,1115,7.00
F1700736,P601,923,1115,14.00
F1700736,P701,923,1115,1.00
F2300972,P201,922,1115,3.00
F2300972,P301,924,1115,2.00
F2300972,P101,922,1115,2.00
F2300972,P201,923,1115,102.00
F2300972,P301,923,1115,105.00
F0701702,P001,911,1118,1.50
F0701702,P002,911,1118,10.80
F1700736,P601,911,1118,2.20
F1700736,P701,911,1118,3.90
F0501686,P001,911,1118,0.60
F0501686,P002,911,1118,1.30
F0703948,P003,911,1118,1.60
F0703948,P002,911,1118,2.20
F1600491,P901,911,1118,10.30
F2300972,P101,911,1118,2.20
F0703948,P001,911,1118,1.10
F1600491,P501,911,1118,0.00
F2300972,P201,911,1118,2.20
F2300972,P301,911,1118,1.60
F0701702,P001,911,1124,1.50
F0701702,P002,911,1124,10.90
F1700736,P601,911,1124,2.20
F1700736,P701,911,1124,3.90
F0501686,P001,911,1124,0.70
F0501686,P002,911,1124,1.40
F0703948,P003,911,1124,1.60
F0703948,P002,911,1124,2.00
F1600491,P901,911,1124,10.30
F2300972,P101,911,1124,2.20
F0703948,P001,911,1124,1.10
F1600491,P501,911,1124,0.00
F2300972,P201,911,1124,2.30
F2300972,P301,911,1124,1.50
F0501686,P001,922,1130,7.00
F0501686,P002,922,1130,7.00
F0701702,P001,911,1130,1.50
F0701702,P002,911,1130,10.80
F0701702,P002,922,1130,41.00
F0703948,P001,924,1130,8.00
F0703948,P002,922,1130,9.00
F1600491,P501,923,1130,0.00
F1600491,P901,923,1130,50.00
F1700736,P601,911,1130,2.20
F1700736,P701,911,1130,3.90
F0501686,P001,911,1130,0.60
F0501686,P001,923,1130,88.00
F0501686,P002,911,1130,1.30
F0501686,P002,923,1130,58.00
F0701702,P001,923,1130,0.00
F0703948,P001,922,1130,2.00
F0703948,P002,923,1130,81.00
F0703948,P003,911,1130,1.60
F1600491,P501,922,1130,0.00
F1600491,P901,922,1130,32.00
F1700736,P601,922,1130,3.00
F0501686,P001,924,1130,21.00
F0501686,P002,924,1130,15.00
F0701702,P001,922,1130,0.00
F0703948,P002,911,1130,2.40
F0703948,P002,924,1130,16.00
F0703948,P003,923,1130,85.00
F1600491,P901,911,1130,10.30
F1700736,P701,922,1130,0.00
F2300972,P101,911,1130,2.20
F2300972,P101,923,1130,83.00
F2300972,P201,924,1130,1.00
F0701702,P002,923,1130,81.00
F0703948,P001,911,1130,1.10
F0703948,P001,923,1130,95.00
F0703948,P003,922,1130,3.00
F0703948,P003,924,1130,10.00
F1600491,P501,911,1130,0.00
F1700736,P601,923,1130,14.00
F1700736,P701,923,1130,1.00
F2300972,P201,922,1130,3.00
F2300972,P301,924,1130,11.00
F2300972,P101,922,1130,2.00
F2300972,P201,911,1130,2.20
F2300972,P201,923,1130,98.00
F2300972,P301,911,1130,1.60
F2300972,P301,923,1130,99.00
F2300972,P301,922,1130,8.00
F2300972,P101,924,1130,2.00
F0701702,P001,911,1136,1.50
F0701702,P002,911,1136,10.80
F1700736,P601,911,1136,2.20
F0501686,P001,911,1136,0.60
F0501686,P002,911,1136,1.30
F0703948,P003,911,1136,1.60
F0703948,P002,911,1136,1.90
F1600491,P901,911,1136,10.40
F2300972,P101,911,1136,2.30
F0703948,P001,911,1136,1.10
F1600491,P501,911,1136,0.00
F1700736,P701,911,1136,4.00
F2300972,P201,911,1136,2.10
F2300972,P301,911,1136,1.60
F0701702,P001,911,1142,1.50
F0701702,P002,911,1142,10.80
F1700736,P601,911,1142,2.20
F0501686,P001,911,1142,0.60
F0501686,P002,911,1142,1.30
F0703948,P003,911,1142,1.60
F0703948,P002,911,1142,1.90
F1600491,P901,911,1142,10.40
F2300972,P101,911,1142,2.20
F0703948,P001,911,1142,1.10
F1600491,P501,911,1142,0.00
F1700736,P701,911,1142,4.00
F2300972,P201,911,1142,2.00
F2300972,P301,911,1142,1.50
F0501686,P001,922,1145,7.00
F0501686,P002,922,1145,7.00
F0701702,P002,922,1145,41.00
F0703948,P001,924,1145,20.00
F0703948,P002,922,1145,6.00
F1600491,P501,923,1145,0.00
F1600491,P901,923,1145,39.00
F0501686,P001,923,1145,98.00
F0501686,P002,923,1145,62.00
F0701702,P001,923,1145,0.00
F0703948,P001,922,1145,2.00
F0703948,P002,923,1145,81.00
F1600491,P501,922,1145,0.00
F1600491,P901,922,1145,33.00
F1700736,P601,922,1145,3.00
F0501686,P001,924,1145,18.00
F0501686,P002,924,1145,12.00
F0701702,P001,922,1145,0.00
F0703948,P002,924,1145,2.00
F0703948,P003,923,1145,130.00
F1700736,P701,922,1145,0.00
F2300972,P101,923,1145,88.00
F2300972,P201,924,1145,1.00
F0701702,P002,923,1145,89.00
F0703948,P001,923,1145,66.00
F0703948,P003,922,1145,2.00
F0703948,P003,924,1145,16.00
F1700736,P601,923,1145,14.00
F1700736,P701,923,1145,1.00
F2300972,P201,922,1145,3.00
F2300972,P301,924,1145,59.00
F2300972,P101,922,1145,2.00
F2300972,P201,923,1145,96.00
F2300972,P301,923,1145,82.00
F2300972,P301,922,1145,13.00
F2300972,P101,924,1145,1.00
F0701702,P001,911,1148,1.50
F0701702,P002,911,1148,10.80
F1700736,P601,911,1148,2.30
F0501686,P001,911,1148,0.60
F0501686,P002,911,1148,1.40
F0703948,P003,911,1148,1.60
F0703948,P002,911,1148,1.70
F1600491,P901,911,1148,10.40
F2300972,P101,911,1148,2.30
F0703948,P001,911,1148,1.00
F1600491,P501,911,1148,0.00
F1700736,P701,911,1148,4.00
F2300972,P201,911,1148,2.00
F2300972,P301,911,1148,1.60
F0701702,P001,911,1154,1.50
F0701702,P002,911,1154,10.90
F1700736,P601,911,1154,2.30
F0501686,P001,911,1154,0.60
F0501686,P002,911,1154,1.30
F0703948,P003,911,1154,1.60
F0703948,P002,911,1154,1.70
F1600491,P901,911,1154,10.50
F2300972,P101,911,1154,2.20
F0703948,P001,911,1154,1.00
F1600491,P501,911,1154,0.00
F1700736,P701,911,1154,4.00
F2300972,P201,911,1154,2.00
F2300972,P301,911,1154,1.60
