2017-05-03,1493740800,,,
J5901658,P201,911,0000,11.61
J5901658,P201,922,0000,29.76
J5901658,P201,923,0000,65.71
J5901658,P201,936,0000,7.27
J5901658,P201,948,0000,156015.00
J5901658,P201,959,0000,54.26
J6000230,P202,911,0000,0.10
J6000230,P205,911,0000,0.00
J6000230,P202,923,0000,0.00
J6000230,P202,936,0000,20.70
J5601064,P001,923,0000,0.00
J5601064,P001,936,0000,21.00
J5601064,P002,923,0000,0.00
J5601064,P002,936,0000,21.10
J5601064,P003,923,0000,0.00
J5601064,P003,936,0000,20.90
J6000230,P202,948,0000,0.00
J6000230,P202,959,0000,27.80
J5901658,P201,911,0006,10.61
J6000230,P202,911,0006,0.10
J6000230,P205,911,0006,0.00
J5901658,P201,911,0012,11.28
J6000230,P202,911,0012,0.10
J6000230,P205,911,0012,0.00
J5901658,P201,922,0015,31.40
J5901658,P201,923,0015,67.23
J5901658,P201,936,0015,7.20
J6000230,P202,923,0015,0.00
J6000230,P202,936,0015,20.70
J5601064,P001,923,0015,0.00
J5601064,P001,936,0015,21.00
J5601064,P002,923,0015,0.00
J5601064,P002,936,0015,21.10
J5601064,P003,923,0015,0.00
J5601064,P003,936,0015,20.90
J5901658,P201,911,0018,10.89
J6000230,P202,911,0018,0.10
J6000230,P205,911,0018,0.00
J5901658,P201,911,0024,11.86
J6000230,P202,911,0024,0.10
J6000230,P205,911,0024,0.00
J5901658,P201,911,0030,11.31
J5901658,P201,922,0030,32.49
J5901658,P201,923,0030,66.17
J5901658,P201,936,0030,7.13
J6000230,P202,911,0030,0.10
J6000230,P205,911,0030,0.00
J6000230,P202,923,0030,0.00
J6000230,P202,936,0030,20.70
J5601064,P001,923,0030,0.00
J5601064,P001,936,0030,21.00
J5601064,P002,923,0030,0.00
J5601064,P002,936,0030,21.10
J5601064,P003,923,0030,0.00
J5601064,P003,936,0030,20.90
J5901658,P201,911,0036,11.03
J6000230,P202,911,0036,0.10
J6000230,P205,911,0036,0.00
J5901658,P201,911,0042,11.58
J6000230,P202,911,0042,0.10
J6000230,P205,911,0042,0.00
J5901658,P201,922,0045,31.37
J5901658,P201,923,0045,64.86
J5901658,P201,936,0045,7.20
J6000230,P202,923,0045,0.00
J6000230,P202,936,0045,20.70
J5601064,P001,923,0045,0.00
J5601064,P001,936,0045,21.00
J5601064,P002,923,0045,0.00
J5601064,P002,936,0045,21.10
J5601064,P003,923,0045,0.00
J5601064,P003,936,0045,20.90
J5601064,P001,948,0045,0.00
J5601064,P001,959,0045,36.00
J5601064,P002,948,0045,0.00
J5601064,P002,959,0045,37.00
J5601064,P003,948,0045,0.00
J5601064,P003,959,0045,49.00
J6000230,P202,911,0048,0.10
J6000230,P205,911,0048,0.00
J5901658,P201,911,0048,10.72
J6000230,P202,911,0054,0.10
J6000230,P205,911,0054,0.00
J5901658,P201,911,0054,11.69
J5901658,P201,911,0100,10.44
J5901658,P201,922,0100,28.65
J5901658,P201,923,0100,60.87
J5901658,P201,936,0100,7.27
J5901658,P201,948,0100,152077.00
J5901658,P201,959,0100,53.95
J6000230,P202,911,0100,0.10
J6000230,P205,911,0100,0.00
J6000230,P202,923,0100,0.00
J6000230,P202,936,0100,20.70
J5601064,P001,923,0100,0.00
J5601064,P001,936,0100,21.00
J5601064,P002,923,0100,0.00
J5601064,P002,936,0100,21.10
J5601064,P003,923,0100,0.00
J5601064,P003,936,0100,20.90
J6000230,P202,948,0100,0.00
J6000230,P202,959,0100,27.50
J5901658,P201,911,0106,13.56
J6000230,P202,911,0106,0.10
J6000230,P205,911,0106,0.00
J6000230,P202,911,0112,0.10
J6000230,P205,911,0112,0.00
J5901658,P201,922,0115,30.84
J5901658,P201,923,0115,60.96
J5901658,P201,936,0115,7.21
J6000230,P202,923,0115,0.00
J6000230,P202,936,0115,20.70
J5601064,P001,923,0115,0.00
J5601064,P001,936,0115,21.00
J5601064,P002,923,0115,0.00
J5601064,P002,936,0115,21.10
J5601064,P003,923,0115,0.00
J5601064,P003,936,0115,20.90
J5901658,P201,911,0118,12.06
J6000230,P202,911,0118,0.10
J6000230,P205,911,0118,0.00
J5901658,P201,911,0124,11.33
J6000230,P202,911,0124,0.10
J6000230,P205,911,0124,0.00
J5901658,P201,911,0130,11.28
J5901658,P201,922,0130,32.92
J5901658,P201,923,0130,62.42
J5901658,P201,936,0130,7.35
J6000230,P202,911,0130,0.10
J6000230,P205,911,0130,0.00
J6000230,P202,923,0130,0.00
J6000230,P202,936,0130,20.70
J5601064,P001,923,0130,0.00
J5601064,P001,936,0130,21.00
J5601064,P002,923,0130,0.00
J5601064,P002,936,0130,21.10
J5601064,P003,923,0130,0.00
J5601064,P003,936,0130,20.90
J5901658,P201,911,0136,11.67
J6000230,P202,911,0136,0.10
J6000230,P205,911,0136,0.00
J5901658,P201,911,0142,11.67
J6000230,P202,911,0142,0.10
J6000230,P205,911,0142,0.00
J5901658,P201,922,0145,31.68
J5901658,P201,923,0145,62.35
J5901658,P201,936,0145,7.35
J6000230,P202,923,0145,0.00
J6000230,P202,936,0145,20.70
J5601064,P001,923,0145,0.00
J5601064,P001,936,0145,21.00
J5601064,P002,923,0145,0.00
J5601064,P002,936,0145,21.10
J5601064,P003,923,0145,0.00
J5601064,P003,936,0145,20.90
J5601064,P001,948,0145,0.00
J5601064,P001,959,0145,36.00
J5601064,P002,948,0145,0.00
J5601064,P002,959,0145,37.00
J5601064,P003,948,0145,4.00
J5601064,P003,959,0145,48.00
J6000230,P202,911,0148,0.10
J6000230,P205,911,0148,0.00
J5901658,P201,911,0148,12.19
J6000230,P202,911,0154,0.10
J6000230,P205,911,0154,0.00
J5901658,P201,911,0154,11.53
J5901658,P201,911,0200,11.75
J5901658,P201,922,0200,30.55
J5901658,P201,923,0200,55.36
J5901658,P201,936,0200,7.30
J5901658,P201,948,0200,150372.00
J5901658,P201,959,0200,54.16
J6000230,P202,911,0200,0.10
J6000230,P205,911,0200,0.00
J6000230,P202,923,0200,0.00
J6000230,P202,936,0200,20.70
J5601064,P001,923,0200,0.00
J5601064,P001,936,0200,21.00
J5601064,P002,923,0200,0.00
J5601064,P002,936,0200,21.10
J5601064,P003,923,0200,0.00
J5601064,P003,936,0200,20.90
J6000230,P202,948,0200,0.00
J6000230,P202,959,0200,27.60
J5901658,P201,911,0206,11.50
J6000230,P202,911,0206,0.10
J6000230,P205,911,0206,0.00
J5901658,P201,911,0212,11.83
J6000230,P202,911,0212,0.10
J6000230,P205,911,0212,0.00
J5901658,P201,922,0215,28.32
J5901658,P201,923,0215,50.83
J5901658,P201,936,0215,7.34
J6000230,P202,923,0215,0.00
J6000230,P202,936,0215,20.70
J5601064,P001,923,0215,0.00
J5601064,P001,936,0215,21.00
J5601064,P002,923,0215,0.00
J5601064,P002,936,0215,21.10
J5601064,P003,923,0215,0.00
J5601064,P003,936,0215,20.90
J6000230,P202,911,0218,0.10
J6000230,P205,911,0218,0.00
J5901658,P201,911,0218,11.67
J5901658,P201,911,0224,10.97
J6000230,P202,911,0224,0.10
J6000230,P205,911,0224,0.00
J5901658,P201,911,0230,12.00
J5901658,P201,922,0230,28.78
J5901658,P201,923,0230,53.65
J5901658,P201,936,0230,7.27
J6000230,P202,911,0230,0.10
J6000230,P205,911,0230,0.00
J6000230,P202,923,0230,0.00
J6000230,P202,936,0230,20.70
J5601064,P001,923,0230,0.00
J5601064,P001,936,0230,21.00
J5601064,P002,923,0230,0.00
J5601064,P002,936,0230,21.10
J5601064,P003,923,0230,0.00
J5601064,P003,936,0230,20.90
J5901658,P201,911,0236,11.75
J6000230,P202,911,0236,0.10
J6000230,P205,911,0236,0.00
J5901658,P201,911,0242,11.92
J6000230,P202,911,0242,0.10
J6000230,P205,911,0242,0.00
J5901658,P201,922,0245,27.87
J5901658,P201,923,0245,57.00
J5901658,P201,936,0245,7.38
J6000230,P202,923,0245,0.00
J6000230,P202,936,0245,20.70
J5601064,P001,923,0245,0.00
J5601064,P001,936,0245,21.00
J5601064,P002,923,0245,0.00
J5601064,P002,936,0245,21.10
J5601064,P003,923,0245,0.00
J5601064,P003,936,0245,20.90
J5601064,P001,948,0245,0.00
J5601064,P001,959,0245,36.00
J5601064,P002,948,0245,0.00
J5601064,P002,959,0245,37.00
J5601064,P003,948,0245,0.00
J5601064,P003,959,0245,49.00
J5901658,P201,911,0248,9.94
J6000230,P202,911,0254,0.10
J6000230,P205,911,0254,0.00
J5901658,P201,911,0254,11.97
J5901658,P201,911,0300,10.31
J5901658,P201,922,0300,27.33
J5901658,P201,923,0300,58.39
J5901658,P201,936,0300,7.37
J5901658,P201,948,0300,149270.00
J5901658,P201,959,0300,54.48
J6000230,P202,911,0300,0.10
J6000230,P205,911,0300,0.00
J6000230,P202,923,0300,0.00
J6000230,P202,936,0300,20.70
J5601064,P001,923,0300,0.00
J5601064,P001,936,0300,21.00
J5601064,P002,923,0300,0.00
J5601064,P002,936,0300,21.10
J5601064,P003,923,0300,0.00
J5601064,P003,936,0300,20.90
J6000230,P202,948,0300,0.00
J6000230,P202,959,0300,27.00
J5901658,P201,911,0306,10.89
J6000230,P202,911,0306,0.10
J6000230,P205,911,0306,0.00
J5901658,P201,911,0312,10.86
J6000230,P202,911,0312,0.10
J6000230,P205,911,0312,0.00
J5901658,P201,922,0315,24.65
J5901658,P201,923,0315,58.65
J5901658,P201,936,0315,7.39
J6000230,P202,923,0315,0.00
J6000230,P202,936,0315,20.70
J5601064,P001,923,0315,0.00
J5601064,P001,936,0315,21.00
J5601064,P002,923,0315,0.00
J5601064,P002,936,0315,21.10
J5601064,P003,923,0315,0.00
J5601064,P003,936,0315,20.90
J6000230,P202,911,0318,0.10
J6000230,P205,911,0318,0.00
J5901658,P201,911,0318,9.92
J5901658,P201,911,0324,11.25
J6000230,P202,911,0324,0.10
J6000230,P205,911,0324,0.00
J5901658,P201,911,0330,10.22
J5901658,P201,922,0330,24.44
J5901658,P201,923,0330,55.64
J5901658,P201,936,0330,7.34
J6000230,P202,911,0330,0.10
J6000230,P205,911,0330,0.00
J6000230,P202,923,0330,0.00
J6000230,P202,936,0330,20.70
J5601064,P001,923,0330,0.00
J5601064,P001,936,0330,21.00
J5601064,P002,923,0330,0.00
J5601064,P002,936,0330,21.10
J5601064,P003,923,0330,0.00
J5601064,P003,936,0330,20.90
J5901658,P201,911,0336,11.31
J6000230,P202,911,0336,0.10
J6000230,P205,911,0336,0.00
J6000230,P202,911,0342,0.10
J6000230,P205,911,0342,0.00
J5901658,P201,911,0342,10.08
J5901658,P201,922,0345,24.73
J5901658,P201,923,0345,59.34
J5901658,P201,936,0345,7.33
J6000230,P202,923,0345,0.00
J6000230,P202,936,0345,20.70
J5601064,P001,923,0345,0.00
J5601064,P001,936,0345,21.00
J5601064,P002,923,0345,0.00
J5601064,P002,936,0345,21.10
J5601064,P003,923,0345,0.00
J5601064,P003,936,0345,20.90
J5601064,P001,948,0345,0.00
J5601064,P001,959,0345,37.00
J5601064,P002,948,0345,0.00
J5601064,P002,959,0345,37.00
J5601064,P003,948,0345,0.00
J5601064,P003,959,0345,48.00
J5901658,P201,911,0348,11.44
J6000230,P202,911,0348,0.10
J6000230,P205,911,0348,0.00
J5901658,P201,911,0354,10.75
J6000230,P202,911,0354,0.10
J6000230,P205,911,0354,0.00
J5901658,P201,911,0400,11.25
J5901658,P201,922,0400,23.58
J5901658,P201,923,0400,62.25
J5901658,P201,936,0400,7.37
J5901658,P201,948,0400,148207.00
J5901658,P201,959,0400,54.06
J6000230,P202,911,0400,0.10
J6000230,P205,911,0400,0.00
J6000230,P202,923,0400,0.00
J6000230,P202,936,0400,20.70
J5601064,P001,923,0400,13.00
J5601064,P001,936,0400,7.60
J5601064,P002,923,0400,0.00
J5601064,P002,936,0400,21.10
J5601064,P003,923,0400,0.00
J5601064,P003,936,0400,20.90
J6000230,P202,948,0400,0.00
J6000230,P202,959,0400,26.80
J5901658,P201,911,0406,11.14
J6000230,P202,911,0406,0.00
J6000230,P205,911,0406,0.00
J6000230,P202,911,0412,0.00
J6000230,P205,911,0412,0.00
J5901658,P201,911,0412,11.42
J5901658,P201,922,0415,22.26
J5901658,P201,923,0415,59.52
J5901658,P201,936,0415,7.29
J6000230,P202,923,0415,0.00
J6000230,P202,936,0415,20.70
J5601064,P001,923,0415,41.00
J5601064,P001,936,0415,4.10
J5601064,P002,923,0415,1.00
J5601064,P002,936,0415,7.90
J5601064,P003,923,0415,0.00
J5601064,P003,936,0415,20.90
J6000230,P202,911,0418,0.00
J6000230,P205,911,0418,0.00
J5901658,P201,911,0418,11.22
J5901658,P201,911,0424,10.17
J6000230,P202,911,0424,0.10
J6000230,P205,911,0424,0.00
J5901658,P201,911,0430,11.78
J5901658,P201,922,0430,22.70
J5901658,P201,923,0430,59.47
J5901658,P201,936,0430,7.25
J6000230,P202,911,0430,0.00
J6000230,P205,911,0430,0.00
J6000230,P202,923,0430,0.00
J6000230,P202,936,0430,20.70
J5601064,P001,923,0430,0.00
J5601064,P001,936,0430,21.00
J5601064,P002,923,0430,34.00
J5601064,P002,936,0430,8.60
J5601064,P003,923,0430,1.00
J5601064,P003,936,0430,8.60
J6000230,P202,911,0436,0.00
J6000230,P205,911,0436,0.00
J5901658,P201,911,0436,10.08
J6000230,P202,911,0442,0.00
J6000230,P205,911,0442,0.00
J5901658,P201,911,0442,12.17
J5901658,P201,922,0445,22.78
J5901658,P201,923,0445,57.30
J5901658,P201,936,0445,7.16
J6000230,P202,923,0445,0.00
J6000230,P202,936,0445,20.70
J5601064,P001,923,0445,0.00
J5601064,P001,936,0445,21.00
J5601064,P002,923,0445,0.00
J5601064,P002,936,0445,21.10
J5601064,P003,923,0445,23.00
J5601064,P003,936,0445,7.50
J5601064,P001,948,0445,0.00
J5601064,P001,959,0445,36.00
J5601064,P002,948,0445,0.00
J5601064,P002,959,0445,37.00
J5601064,P003,948,0445,0.00
J5601064,P003,959,0445,52.00
J5901658,P201,911,0448,11.08
J6000230,P202,911,0448,0.00
J6000230,P205,911,0448,0.00
J5901658,P201,911,0454,11.03
J6000230,P202,911,0454,0.00
J6000230,P205,911,0454,0.00
J5901658,P201,911,0500,11.25
J5901658,P201,922,0500,22.04
J5901658,P201,923,0500,56.85
J5901658,P201,936,0500,7.21
J5901658,P201,948,0500,147327.00
J5901658,P201,959,0500,53.92
J6000230,P202,911,0500,0.00
J6000230,P205,911,0500,0.00
J6000230,P202,923,0500,0.00
J6000230,P202,936,0500,20.70
J5601064,P001,923,0500,0.00
J5601064,P001,936,0500,21.00
J5601064,P002,923,0500,0.00
J5601064,P002,936,0500,21.10
J5601064,P003,923,0500,0.00
J5601064,P003,936,0500,20.90
J6000230,P202,948,0500,0.00
J6000230,P202,959,0500,27.40
J5901658,P201,911,0506,10.25
J6000230,P202,911,0506,0.00
J6000230,P205,911,0506,0.00
J6000230,P202,911,0512,0.10
J6000230,P205,911,0512,0.00
J5901658,P201,911,0512,11.22
J5901658,P201,922,0515,21.38
J5901658,P201,923,0515,57.35
J5901658,P201,936,0515,7.22
J6000230,P202,923,0515,0.00
J6000230,P202,936,0515,20.70
J5601064,P001,923,0515,0.00
J5601064,P001,936,0515,21.00
J5601064,P002,923,0515,0.00
J5601064,P002,936,0515,21.10
J5601064,P003,923,0515,0.00
J5601064,P003,936,0515,20.90
J6000230,P202,911,0518,0.10
J6000230,P205,911,0518,0.00
J5901658,P201,911,0518,10.78
J5901658,P201,911,0524,12.53
J6000230,P202,911,0524,0.00
J6000230,P205,911,0524,0.00
J5901658,P201,911,0530,11.61
J5901658,P201,922,0530,21.82
J5901658,P201,923,0530,57.01
J5901658,P201,936,0530,7.17
J6000230,P202,911,0530,0.00
J6000230,P205,911,0530,0.00
J6000230,P202,923,0530,0.00
J6000230,P202,936,0530,20.70
J5601064,P001,923,0530,0.00
J5601064,P001,936,0530,21.00
J5601064,P002,923,0530,0.00
J5601064,P002,936,0530,21.10
J5601064,P003,923,0530,0.00
J5601064,P003,936,0530,20.90
J5901658,P201,911,0536,12.47
J6000230,P202,911,0536,0.00
J6000230,P205,911,0536,0.00
J6000230,P202,911,0542,0.00
J6000230,P205,911,0542,0.00
J5901658,P201,911,0542,12.31
J5901658,P201,922,0545,21.83
J5901658,P201,923,0545,58.29
J5901658,P201,936,0545,7.18
J6000230,P202,923,0545,0.00
J6000230,P202,936,0545,20.70
J5601064,P001,923,0545,0.00
J5601064,P001,936,0545,21.00
J5601064,P002,923,0545,0.00
J5601064,P002,936,0545,21.10
J5601064,P003,923,0545,0.00
J5601064,P003,936,0545,20.90
J5601064,P001,948,0545,10716.00
J5601064,P001,959,0545,45.00
J5601064,P002,948,0545,11972.00
J5601064,P002,959,0545,37.00
J5601064,P003,948,0545,12690.00
J5601064,P003,959,0545,58.00
J5901658,P201,911,0548,11.69
J6000230,P202,911,0548,0.00
J6000230,P205,911,0548,0.00
J5901658,P201,911,0554,12.08
J6000230,P202,911,0554,0.00
J6000230,P205,911,0554,0.00
J5901658,P201,911,0600,11.28
J5901658,P201,922,0600,21.21
J5901658,P201,923,0600,55.94
J5901658,P201,936,0600,7.17
J5901658,P201,948,0600,147108.00
J5901658,P201,959,0600,54.21
J6000230,P202,911,0600,0.00
J6000230,P205,911,0600,0.00
J6000230,P202,923,0600,0.00
J6000230,P202,936,0600,20.70
J5601064,P001,923,0600,0.00
J5601064,P001,936,0600,21.00
J5601064,P002,923,0600,0.00
J5601064,P002,936,0600,21.10
J5601064,P003,923,0600,0.00
J5601064,P003,936,0600,20.90
J6000230,P202,948,0600,0.00
J6000230,P202,959,0600,27.40
J5901658,P201,911,0606,12.69
J6000230,P202,911,0606,0.00
J6000230,P205,911,0606,0.00
J5901658,P201,911,0612,11.44
J6000230,P202,911,0612,0.00
J6000230,P205,911,0612,0.00
J5901658,P201,922,0615,20.31
J5901658,P201,923,0615,52.89
J5901658,P201,936,0615,7.25
J6000230,P202,923,0615,0.00
J6000230,P202,936,0615,20.70
J5601064,P001,923,0615,0.00
J5601064,P001,936,0615,21.00
J5601064,P002,923,0615,0.00
J5601064,P002,936,0615,21.10
J5601064,P003,923,0615,0.00
J5601064,P003,936,0615,20.90
J5901658,P201,911,0618,12.50
J6000230,P202,911,0618,0.00
J6000230,P205,911,0618,0.00
J5901658,P201,911,0624,12.83
J6000230,P202,911,0624,0.00
J6000230,P205,911,0624,0.00
J5901658,P201,911,0630,12.64
J5901658,P201,922,0630,20.81
J5901658,P201,923,0630,49.24
J5901658,P201,936,0630,7.10
J6000230,P202,911,0630,0.00
J6000230,P205,911,0630,0.00
J6000230,P202,923,0630,0.00
J6000230,P202,936,0630,20.70
J5601064,P001,923,0630,0.00
J5601064,P001,936,0630,21.00
J5601064,P002,923,0630,0.00
J5601064,P002,936,0630,21.10
J5601064,P003,923,0630,0.00
J5601064,P003,936,0630,20.90
J5901658,P201,911,0636,11.97
J6000230,P202,911,0636,0.00
J6000230,P205,911,0636,0.00
J6000230,P202,911,0642,0.00
J6000230,P205,911,0642,0.00
J5901658,P201,911,0642,11.83
J5901658,P201,922,0645,20.22
J5901658,P201,923,0645,50.88
J5901658,P201,936,0645,7.20
J6000230,P202,923,0645,0.00
J6000230,P202,936,0645,20.70
J5601064,P001,923,0645,0.00
J5601064,P001,936,0645,21.00
J5601064,P002,923,0645,0.00
J5601064,P002,936,0645,21.10
J5601064,P003,923,0645,0.00
J5601064,P003,936,0645,20.90
J5601064,P001,948,0645,0.00
J5601064,P001,959,0645,53.00
J5601064,P002,948,0645,0.00
J5601064,P002,959,0645,36.00
J5601064,P003,948,0645,0.00
J5601064,P003,959,0645,65.00
J6000230,P202,911,0648,0.00
J6000230,P205,911,0648,0.00
J5901658,P201,911,0648,12.50
J5901658,P201,911,0654,11.75
J6000230,P202,911,0654,0.00
J6000230,P205,911,0654,0.00
J5901658,P201,911,0700,12.89
J5901658,P201,922,0700,18.99
J5901658,P201,923,0700,52.24
J5901658,P201,936,0700,7.32
J5901658,P201,948,0700,146347.00
J5901658,P201,959,0700,54.58
J6000230,P202,911,0700,0.00
J6000230,P205,911,0700,0.00
J6000230,P202,923,0700,0.00
J6000230,P202,936,0700,20.70
J5601064,P001,923,0700,0.00
J5601064,P001,936,0700,21.00
J5601064,P002,923,0700,0.00
J5601064,P002,936,0700,21.10
J5601064,P003,923,0700,0.00
J5601064,P003,936,0700,20.90
J6000230,P202,948,0700,0.00
J6000230,P202,959,0700,27.60
J6000230,P202,911,0706,0.00
J6000230,P205,911,0706,0.00
J5901658,P201,911,0706,11.78
J6000230,P202,911,0712,0.00
J6000230,P205,911,0712,0.00
J5901658,P201,911,0712,13.69
J5901658,P201,922,0715,21.35
J5901658,P201,923,0715,54.26
J5901658,P201,936,0715,7.06
J6000230,P202,923,0715,0.00
J6000230,P202,936,0715,20.70
J5601064,P001,923,0715,0.00
J5601064,P001,936,0715,21.00
J5601064,P002,923,0715,0.00
J5601064,P002,936,0715,21.10
J5601064,P003,923,0715,0.00
J5601064,P003,936,0715,20.90
J5901658,P201,911,0718,11.44
J6000230,P202,911,0718,0.00
J6000230,P205,911,0718,0.00
J5901658,P201,911,0724,12.64
J6000230,P202,911,0724,0.00
J6000230,P205,911,0724,0.00
J5901658,P201,911,0730,13.06
J5901658,P201,922,0730,22.54
J5901658,P201,923,0730,58.89
J5901658,P201,936,0730,7.06
J6000230,P202,911,0730,0.00
J6000230,P205,911,0730,0.00
J6000230,P202,923,0730,0.00
J6000230,P202,936,0730,20.70
J5601064,P001,923,0730,0.00
J5601064,P001,936,0730,21.00
J5601064,P002,923,0730,0.00
J5601064,P002,936,0730,21.10
J5601064,P003,923,0730,0.00
J5601064,P003,936,0730,20.90
J5901658,P201,911,0736,12.94
J6000230,P202,911,0736,0.00
J6000230,P205,911,0736,0.00
J6000230,P202,911,0742,0.00
J6000230,P205,911,0742,0.00
J5901658,P201,911,0742,14.22
J5901658,P201,922,0745,22.87
J5901658,P201,923,0745,58.02
J5901658,P201,936,0745,6.99
J6000230,P202,923,0745,0.00
J6000230,P202,936,0745,20.70
J5601064,P001,923,0745,0.00
J5601064,P001,936,0745,21.00
J5601064,P002,923,0745,0.00
J5601064,P002,936,0745,21.10
J5601064,P003,923,0745,0.00
J5601064,P003,936,0745,20.80
J5601064,P001,948,0745,0.00
J5601064,P001,959,0745,50.00
J5601064,P002,948,0745,0.00
J5601064,P002,959,0745,36.00
J5601064,P003,948,0745,2183.00
J5601064,P003,959,0745,71.00
J6000230,P202,911,0748,0.00
J6000230,P205,911,0748,0.00
J5901658,P201,911,0748,13.44
J5901658,P201,911,0754,15.03
J6000230,P202,911,0754,0.00
J6000230,P205,911,0754,0.00
J5901658,P201,911,0800,13.03
J5901658,P201,922,0800,24.99
J5901658,P201,923,0800,61.31
J5901658,P201,936,0800,6.86
J5901658,P201,948,0800,148216.00
J5901658,P201,959,0800,54.52
J6000230,P202,911,0800,0.10
J6000230,P205,911,0800,0.00
J6000230,P202,923,0800,47.00
J6000230,P202,936,0800,11.40
J5601064,P001,923,0800,0.00
J5601064,P001,936,0800,21.00
J5601064,P002,923,0800,0.00
J5601064,P002,936,0800,21.10
J5601064,P003,923,0800,25.00
J5601064,P003,936,0800,16.40
J6000230,P202,948,0800,9158.00
J6000230,P202,959,0800,27.90
J6000230,P202,911,0806,8.60
J6000230,P205,911,0806,6.40
J5901658,P201,911,0806,14.83
J6000230,P202,911,0812,1.40
J6000230,P205,911,0812,1.20
J5901658,P201,911,0812,13.92
J5901658,P201,922,0815,27.66
J5901658,P201,923,0815,58.89
J5901658,P201,936,0815,6.68
J6000230,P202,923,0815,137.00
J6000230,P202,936,0815,15.60
J5601064,P001,923,0815,2.00
J5601064,P001,936,0815,20.20
J5601064,P002,923,0815,0.00
J5601064,P002,936,0815,21.10
J5601064,P003,923,0815,30.00
J5601064,P003,936,0815,15.30
J5901658,P201,911,0818,13.64
J6000230,P202,911,0818,0.10
J6000230,P205,911,0818,0.00
J5901658,P201,911,0824,13.47
J6000230,P202,911,0824,0.10
J6000230,P205,911,0824,0.00
J5901658,P201,911,0830,12.47
J5901658,P201,922,0830,28.29
J5901658,P201,923,0830,66.65
J5901658,P201,936,0830,6.69
J6000230,P202,911,0830,0.10
J6000230,P205,911,0830,0.00
J6000230,P202,923,0830,0.00
J6000230,P202,936,0830,20.70
J5601064,P001,923,0830,21.00
J5601064,P001,936,0830,16.50
J5601064,P002,923,0830,0.00
J5601064,P002,936,0830,21.10
J5601064,P003,923,0830,28.00
J5601064,P003,936,0830,15.30
J5901658,P201,911,0836,13.47
J6000230,P202,911,0836,0.10
J6000230,P205,911,0836,0.00
J6000230,P202,911,0842,0.10
J6000230,P205,911,0842,0.00
J5901658,P201,911,0842,7.36
J5901658,P201,922,0845,28.52
J5901658,P201,923,0845,68.61
J5901658,P201,936,0845,6.73
J6000230,P202,923,0845,0.00
J6000230,P202,936,0845,20.70
J5601064,P001,923,0845,16.00
J5601064,P001,936,0845,13.50
J5601064,P002,923,0845,0.00
J5601064,P002,936,0845,21.10
J5601064,P003,923,0845,18.00
J5601064,P003,936,0845,13.70
J5601064,P001,948,0845,396762.00
J5601064,P001,959,0845,81.00
J5601064,P002,948,0845,0.00
J5601064,P002,959,0845,38.00
J5601064,P003,948,0845,735965.00
J5601064,P003,959,0845,120.00
J6000230,P202,911,0848,0.10
J6000230,P205,911,0848,0.00
J5901658,P201,911,0848,7.75
J5901658,P201,911,0854,6.89
J6000230,P202,911,0854,0.10
J6000230,P205,911,0854,0.00
J5901658,P201,911,0900,8.64
J5901658,P201,922,0900,35.91
J5901658,P201,923,0900,1.67
J5901658,P201,936,0900,5.03
J5901658,P201,948,0900,155889.00
J5901658,P201,959,0900,54.83
J6000230,P202,911,0900,0.10
J6000230,P205,911,0900,0.00
J6000230,P202,923,0900,0.00
J6000230,P202,936,0900,20.70
J5601064,P001,923,0900,9.00
J5601064,P001,936,0900,13.40
J5601064,P002,923,0900,0.00
J5601064,P002,936,0900,21.10
J5601064,P003,923,0900,9.00
J5601064,P003,936,0900,13.50
J6000230,P202,948,0900,0.00
J6000230,P202,959,0900,29.30
J6000230,P202,911,0906,0.10
J6000230,P205,911,0906,0.00
J5901658,P201,911,0912,6.61
J6000230,P202,911,0912,0.10
J6000230,P205,911,0912,0.00
J5901658,P201,922,0915,12.87
J5901658,P201,923,0915,14.59
J5901658,P201,936,0915,6.29
J6000230,P202,923,0915,0.00
J6000230,P202,936,0915,20.70
J5601064,P001,923,0915,9.00
J5601064,P001,936,0915,13.40
J5601064,P002,923,0915,0.00
J5601064,P002,936,0915,21.00
J5601064,P003,923,0915,9.00
J5601064,P003,936,0915,13.60
J5901658,P201,911,0918,7.81
J6000230,P202,911,0918,0.10
J6000230,P205,911,0918,0.00
J5901658,P201,911,0924,6.97
J6000230,P202,911,0924,0.10
J6000230,P205,911,0924,0.00
J5901658,P201,911,0930,7.92
J5901658,P201,922,0930,13.95
J5901658,P201,923,0930,0.69
J5901658,P201,936,0930,2.12
J6000230,P202,911,0930,0.10
J6000230,P205,911,0930,0.00
J6000230,P202,923,0930,0.00
J6000230,P202,936,0930,20.70
J5601064,P001,923,0930,9.00
J5601064,P001,936,0930,13.40
J5601064,P002,923,0930,0.00
J5601064,P002,936,0930,21.00
J5601064,P003,923,0930,8.00
J5601064,P003,936,0930,13.60
J5901658,P201,911,0936,7.08
J6000230,P202,911,0936,0.10
J6000230,P205,911,0936,0.00
J6000230,P202,911,0942,0.10
J6000230,P205,911,0942,0.00
J5901658,P201,911,0942,7.89
J5901658,P201,922,0945,73.09
J5901658,P201,923,0945,55.37
J5901658,P201,936,0945,2.73
J6000230,P202,923,0945,0.00
J6000230,P202,936,0945,20.70
J5601064,P001,923,0945,9.00
J5601064,P001,936,0945,13.40
J5601064,P002,923,0945,0.00
J5601064,P002,936,0945,21.00
J5601064,P003,923,0945,8.00
J5601064,P003,936,0945,13.60
J5601064,P001,948,0945,1052892.00
J5601064,P001,959,0945,92.00
J5601064,P002,948,0945,0.00
J5601064,P002,959,0945,38.00
J5601064,P003,948,0945,1009959.00
J5601064,P003,959,0945,109.00
J6000230,P202,911,0948,0.10
J6000230,P205,911,0948,0.00
J5901658,P201,911,0948,7.31
J5901658,P201,911,0954,7.83
J6000230,P202,911,0954,0.10
J6000230,P205,911,0954,0.00
J5901658,P201,911,1000,7.97
J5901658,P201,922,1000,39.68
J5901658,P201,923,1000,59.47
J5901658,P201,936,1000,6.21
J5901658,P201,948,1000,161113.00
J5901658,P201,959,1000,55.11
J6000230,P202,911,1000,0.10
J6000230,P205,911,1000,0.00
J6000230,P202,923,1000,0.00
J6000230,P202,936,1000,20.80
J5601064,P001,923,1000,8.00
J5601064,P001,936,1000,13.40
J5601064,P002,923,1000,0.00
J5601064,P002,936,1000,21.00
J5601064,P003,923,1000,8.00
J5601064,P003,936,1000,13.60
J6000230,P202,948,1000,0.00
J6000230,P202,959,1000,31.40
J6000230,P202,911,1006,0.10
J6000230,P205,911,1006,0.00
J5901658,P201,911,1012,7.83
J6000230,P202,911,1012,0.10
J6000230,P205,911,1012,0.00
J5901658,P201,922,1015,39.02
J5901658,P201,923,1015,51.37
J5901658,P201,936,1015,5.88
J6000230,P202,923,1015,0.00
J6000230,P202,936,1015,20.70
J5601064,P001,923,1015,8.00
J5601064,P001,936,1015,13.40
J5601064,P002,923,1015,0.00
J5601064,P002,936,1015,21.00
J5601064,P003,923,1015,8.00
J5601064,P003,936,1015,13.60
J5901658,P201,911,1018,7.47
J6000230,P202,911,1024,0.10
J6000230,P205,911,1024,0.00
J5901658,P201,911,1024,7.69
J5901658,P201,911,1030,7.28
J5901658,P201,922,1030,36.33
J5901658,P201,923,1030,52.07
J5901658,P201,936,1030,5.87
J6000230,P202,911,1030,0.10
J6000230,P205,911,1030,0.00
J6000230,P202,923,1030,0.00
J6000230,P202,936,1030,20.70
J5601064,P001,923,1030,8.00
J5601064,P001,936,1030,13.40
J5601064,P002,923,1030,0.00
J5601064,P002,936,1030,21.00
J5601064,P003,923,1030,8.00
J5601064,P003,936,1030,13.60
J5901658,P201,911,1036,7.97
J6000230,P202,911,1036,0.10
J6000230,P205,911,1036,0.00
J5901658,P201,911,1042,6.97
J6000230,P202,911,1042,0.10
J6000230,P205,911,1042,0.00
J5901658,P201,922,1045,36.21
J5901658,P201,923,1045,56.19
J5901658,P201,936,1045,5.86
J6000230,P202,923,1045,0.00
J6000230,P202,936,1045,20.70
J5601064,P001,923,1045,8.00
J5601064,P001,936,1045,13.40
J5601064,P002,923,1045,0.00
J5601064,P002,936,1045,21.00
J5601064,P003,923,1045,8.00
J5601064,P003,936,1045,13.60
J5601064,P001,948,1045,1044728.00
J5601064,P001,959,1045,90.00
J5601064,P002,948,1045,0.00
J5601064,P002,959,1045,39.00
J5601064,P003,948,1045,994681.00
J5601064,P003,959,1045,108.00
J6000230,P202,911,1048,0.10
J6000230,P205,911,1048,0.00
J5901658,P201,911,1048,7.17
J5901658,P201,911,1054,7.03
J6000230,P202,911,1054,0.10
J6000230,P205,911,1054,0.00
J5901658,P201,911,1100,7.47
J5901658,P201,922,1100,35.38
J5901658,P201,923,1100,58.09
J5901658,P201,936,1100,5.97
J5901658,P201,948,1100,156680.00
J5901658,P201,959,1100,55.49
J6000230,P202,911,1100,0.10
J6000230,P205,911,1100,0.00
J6000230,P202,923,1100,0.00
J6000230,P202,936,1100,20.70
J5601064,P001,923,1100,8.00
J5601064,P001,936,1100,13.40
J5601064,P002,923,1100,0.00
J5601064,P002,936,1100,21.00
J5601064,P003,923,1100,8.00
J5601064,P003,936,1100,13.60
J6000230,P202,948,1100,0.00
J6000230,P202,959,1100,35.60
J5901658,P201,911,1106,7.61
J6000230,P202,911,1106,0.10
J6000230,P205,911,1106,0.00
J6000230,P202,911,1112,0.10
J6000230,P205,911,1112,0.00
J5901658,P201,911,1112,7.81
J5901658,P201,922,1115,36.39
J5901658,P201,923,1115,62.20
J5901658,P201,936,1115,6.05
J6000230,P202,923,1115,0.00
J6000230,P202,936,1115,20.70
J5601064,P001,923,1115,8.00
J5601064,P001,936,1115,13.40
J5601064,P002,923,1115,0.00
J5601064,P002,936,1115,21.00
J5601064,P003,923,1115,8.00
J5601064,P003,936,1115,13.60
J5901658,P201,911,1118,7.67
J6000230,P202,911,1118,0.10
J6000230,P205,911,1118,0.00
J5901658,P201,911,1124,6.69
J6000230,P202,911,1124,0.10
J6000230,P205,911,1124,0.00
J5901658,P201,911,1130,7.42
J5901658,P201,922,1130,36.30
J5901658,P201,923,1130,65.77
J5901658,P201,936,1130,6.19
J6000230,P202,911,1130,0.10
J6000230,P205,911,1130,0.00
J6000230,P202,923,1130,0.00
J6000230,P202,936,1130,20.70
J5601064,P001,923,1130,8.00
J5601064,P001,936,1130,13.40
J5601064,P002,923,1130,0.00
J5601064,P002,936,1130,21.00
J5601064,P003,923,1130,8.00
J5601064,P003,936,1130,13.60
J5901658,P201,911,1136,7.14
J6000230,P202,911,1136,0.10
J6000230,P205,911,1136,0.00
J5901658,P201,911,1142,7.56
J6000230,P202,911,1142,0.10
J6000230,P205,911,1142,0.00
J5901658,P201,922,1145,29.79
J5901658,P201,923,1145,68.27
J5901658,P201,936,1145,6.20
J6000230,P202,923,1145,0.00
J6000230,P202,936,1145,20.70
J5601064,P001,923,1145,8.00
J5601064,P001,936,1145,13.40
J5601064,P002,923,1145,0.00
J5601064,P002,936,1145,21.00
J5601064,P003,923,1145,8.00
J5601064,P003,936,1145,13.60
J5601064,P001,948,1145,1046486.00
J5601064,P001,959,1145,91.00
J5601064,P002,948,1145,0.00
J5601064,P002,959,1145,41.00
J5601064,P003,948,1145,995048.00
J5601064,P003,959,1145,109.00
J6000230,P202,911,1148,0.10
J6000230,P205,911,1148,0.00
J5901658,P201,911,1148,7.22
J5901658,P201,911,1154,7.25
J6000230,P202,911,1154,0.10
J6000230,P205,911,1154,0.00
J5901658,P201,911,1200,7.36
J5901658,P201,922,1200,25.80
J5901658,P201,923,1200,70.78
J5901658,P201,936,1200,6.22
J5901658,P201,948,1200,157184.00
J5901658,P201,959,1200,55.34
J6000230,P202,911,1200,0.10
J6000230,P205,911,1200,0.00
J6000230,P202,923,1200,0.00
J6000230,P202,936,1200,20.70
J5601064,P001,923,1200,8.00
J5601064,P001,936,1200,13.40
J5601064,P002,923,1200,0.00
J5601064,P002,936,1200,21.00
J5601064,P003,923,1200,7.00
J5601064,P003,936,1200,13.60
J6000230,P202,948,1200,0.00
J6000230,P202,959,1200,38.30
J5901658,P201,911,1206,6.94
J6000230,P202,911,1206,0.10
J6000230,P205,911,1206,0.00
J6000230,P202,911,1212,0.10
J6000230,P205,911,1212,0.00
J5901658,P201,911,1212,6.72
J5901658,P201,922,1215,25.65
J5901658,P201,923,1215,74.70
J5901658,P201,936,1215,6.19
J6000230,P202,923,1215,0.00
J6000230,P202,936,1215,20.70
J5601064,P001,923,1215,8.00
J5601064,P001,936,1215,13.40
J5601064,P002,923,1215,0.00
J5601064,P002,936,1215,21.00
J5601064,P003,923,1215,7.00
J5601064,P003,936,1215,13.60
J5901658,P201,911,1218,6.39
J6000230,P202,911,1218,0.10
J6000230,P205,911,1218,0.00
J5901658,P201,911,1224,7.56
J6000230,P202,911,1224,0.10
J6000230,P205,911,1224,0.00
J5901658,P201,911,1230,6.81
J5901658,P201,922,1230,24.02
J5901658,P201,923,1230,75.69
J5901658,P201,936,1230,6.26
J6000230,P202,911,1230,0.10
J6000230,P205,911,1230,0.00
J6000230,P202,923,1230,0.00
J6000230,P202,936,1230,20.70
J5601064,P001,923,1230,8.00
J5601064,P001,936,1230,13.40
J5601064,P002,923,1230,0.00
J5601064,P002,936,1230,21.00
J5601064,P003,923,1230,7.00
J5601064,P003,936,1230,13.60
J5901658,P201,911,1236,7.50
J6000230,P202,911,1236,0.10
J6000230,P205,911,1236,0.00
J5901658,P201,911,1242,7.03
J6000230,P202,911,1242,0.10
J6000230,P205,911,1242,0.00
J5901658,P201,922,1245,21.98
J5901658,P201,923,1245,75.59
J5901658,P201,936,1245,6.31
J6000230,P202,923,1245,0.00
J6000230,P202,936,1245,20.70
J5601064,P001,923,1245,8.00
J5601064,P001,936,1245,13.40
J5601064,P002,923,1245,0.00
J5601064,P002,936,1245,21.00
J5601064,P003,923,1245,7.00
J5601064,P003,936,1245,13.60
J5601064,P001,948,1245,1048915.00
J5601064,P001,959,1245,91.00
J5601064,P002,948,1245,0.00
J5601064,P002,959,1245,42.00
J5601064,P003,948,1245,995163.00
J5601064,P003,959,1245,109.00
J6000230,P202,911,1248,0.10
J6000230,P205,911,1248,0.00
J5901658,P201,911,1248,7.08
J5901658,P201,911,1254,7.61
J6000230,P202,911,1254,0.10
J6000230,P205,911,1254,0.00
J5901658,P201,911,1300,7.28
J5901658,P201,922,1300,21.64
J5901658,P201,923,1300,78.14
J5901658,P201,936,1300,6.35
J5901658,P201,948,1300,157567.00
J5901658,P201,959,1300,55.06
J6000230,P202,911,1300,0.10
J6000230,P205,911,1300,0.00
J6000230,P202,923,1300,0.00
J6000230,P202,936,1300,20.70
J5601064,P001,923,1300,8.00
J5601064,P001,936,1300,13.40
J5601064,P002,923,1300,0.00
J5601064,P002,936,1300,21.00
J5601064,P003,923,1300,8.00
J5601064,P003,936,1300,13.60
J6000230,P202,948,1300,0.00
J6000230,P202,959,1300,37.10
J5901658,P201,911,1306,7.53
J6000230,P202,911,1306,0.10
J6000230,P205,911,1306,0.00
J6000230,P202,911,1312,0.10
J6000230,P205,911,1312,0.00
J5901658,P201,911,1312,6.75
J5901658,P201,922,1315,22.54
J5901658,P201,923,1315,75.58
J5901658,P201,936,1315,6.48
J6000230,P202,923,1315,0.00
J6000230,P202,936,1315,20.70
J5601064,P001,923,1315,8.00
J5601064,P001,936,1315,13.40
J5601064,P002,923,1315,0.00
J5601064,P002,936,1315,21.00
J5601064,P003,923,1315,8.00
J5601064,P003,936,1315,13.60
J5901658,P201,911,1318,7.47
J6000230,P202,911,1318,0.10
J6000230,P205,911,1318,0.00
J5901658,P201,911,1324,7.14
J6000230,P202,911,1324,0.10
J6000230,P205,911,1324,0.00
J5901658,P201,911,1330,7.81
J5901658,P201,922,1330,13.34
J5901658,P201,923,1330,39.36
J5901658,P201,936,1330,6.16
J6000230,P202,911,1330,0.10
J6000230,P205,911,1330,0.00
J6000230,P202,923,1330,0.00
J6000230,P202,936,1330,20.70
J5601064,P001,923,1330,8.00
J5601064,P001,936,1330,13.40
J5601064,P002,923,1330,0.00
J5601064,P002,936,1330,21.00
J5601064,P003,923,1330,8.00
J5601064,P003,936,1330,13.60
J5901658,P201,911,1336,6.94
J6000230,P202,911,1336,0.10
J6000230,P205,911,1336,0.00
J5901658,P201,911,1342,6.92
J6000230,P202,911,1342,0.10
J6000230,P205,911,1342,0.00
J5901658,P201,922,1345,18.41
J5901658,P201,923,1345,56.44
J5901658,P201,936,1345,6.14
J6000230,P202,923,1345,0.00
J6000230,P202,936,1345,20.60
J5601064,P001,923,1345,8.00
J5601064,P001,936,1345,13.40
J5601064,P002,923,1345,0.00
J5601064,P002,936,1345,21.00
J5601064,P003,923,1345,8.00
J5601064,P003,936,1345,13.60
J5601064,P001,948,1345,1049876.00
J5601064,P001,959,1345,91.00
J5601064,P002,948,1345,0.00
J5601064,P002,959,1345,43.00
J5601064,P003,948,1345,996939.00
J5601064,P003,959,1345,110.00
J6000230,P202,911,1348,0.10
J6000230,P205,911,1348,0.00
J5901658,P201,911,1348,7.44
J5901658,P201,911,1354,7.19
J6000230,P202,911,1354,0.10
J6000230,P205,911,1354,0.00
J5901658,P201,911,1400,7.28
J5901658,P201,922,1400,23.14
J5901658,P201,923,1400,71.05
J5901658,P201,936,1400,6.34
J5901658,P201,948,1400,157347.00
J5901658,P201,959,1400,55.37
J6000230,P202,911,1400,0.10
J6000230,P205,911,1400,0.00
J6000230,P202,923,1400,0.00
J6000230,P202,936,1400,20.60
J5601064,P001,923,1400,8.00
J5601064,P001,936,1400,13.40
J5601064,P002,923,1400,0.00
J5601064,P002,936,1400,21.00
J5601064,P003,923,1400,7.00
J5601064,P003,936,1400,13.60
J6000230,P202,948,1400,0.00
J6000230,P202,959,1400,36.50
J5901658,P201,911,1406,6.47
J6000230,P202,911,1406,0.10
J6000230,P205,911,1406,0.00
J6000230,P202,911,1412,0.10
J6000230,P205,911,1412,0.00
J5901658,P201,911,1412,7.31
J5901658,P201,922,1415,28.59
J5901658,P201,923,1415,70.11
J5901658,P201,936,1415,6.18
J6000230,P202,923,1415,0.00
J6000230,P202,936,1415,20.60
J5601064,P001,923,1415,8.00
J5601064,P001,936,1415,13.40
J5601064,P002,923,1415,0.00
J5601064,P002,936,1415,21.00
J5601064,P003,923,1415,7.00
J5601064,P003,936,1415,13.60
J6000230,P202,911,1418,0.10
J6000230,P205,911,1418,0.00
J5901658,P201,911,1418,7.31
J5901658,P201,911,1424,8.31
J6000230,P202,911,1424,0.20
J6000230,P205,911,1424,0.00
J5901658,P201,911,1430,8.47
J5901658,P201,922,1430,30.33
J5901658,P201,923,1430,66.67
J5901658,P201,936,1430,6.07
J6000230,P202,911,1430,0.20
J6000230,P205,911,1430,0.00
J6000230,P202,923,1430,0.00
J6000230,P202,936,1430,20.60
J5601064,P001,923,1430,8.00
J5601064,P001,936,1430,13.40
J5601064,P002,923,1430,0.00
J5601064,P002,936,1430,21.00
J5601064,P003,923,1430,7.00
J5601064,P003,936,1430,13.60
J5901658,P201,911,1436,7.81
J6000230,P202,911,1436,0.10
J6000230,P205,911,1436,0.00
J5901658,P201,911,1442,8.72
J6000230,P202,911,1442,0.10
J6000230,P205,911,1442,0.00
J5901658,P201,922,1445,31.68
J5901658,P201,923,1445,65.60
J5901658,P201,936,1445,6.06
J6000230,P202,923,1445,0.00
J6000230,P202,936,1445,20.60
J5601064,P001,923,1445,8.00
J5601064,P001,936,1445,13.40
J5601064,P002,923,1445,0.00
J5601064,P002,936,1445,21.00
J5601064,P003,923,1445,7.00
J5601064,P003,936,1445,13.60
J5601064,P001,948,1445,1055815.00
J5601064,P001,959,1445,92.00
J5601064,P002,948,1445,0.00
J5601064,P002,959,1445,42.00
J5601064,P003,948,1445,998057.00
J5601064,P003,959,1445,110.00
J6000230,P202,911,1448,0.10
J6000230,P205,911,1448,0.00
J5901658,P201,911,1448,8.25
J6000230,P202,911,1454,0.10
J6000230,P205,911,1454,0.00
J5901658,P201,911,1454,8.69
J5901658,P201,911,1500,7.42
J5901658,P201,922,1500,32.11
J5901658,P201,923,1500,69.15
J5901658,P201,936,1500,6.15
J5901658,P201,948,1500,157360.00
J5901658,P201,959,1500,55.31
J6000230,P202,911,1500,0.10
J6000230,P205,911,1500,0.00
J6000230,P202,923,1500,0.00
J6000230,P202,936,1500,20.60
J5601064,P001,923,1500,8.00
J5601064,P001,936,1500,13.40
J5601064,P002,923,1500,0.00
J5601064,P002,936,1500,21.00
J5601064,P003,923,1500,7.00
J5601064,P003,936,1500,13.60
J6000230,P202,948,1500,0.00
J6000230,P202,959,1500,34.20
J5901658,P201,911,1506,8.50
J6000230,P202,911,1506,0.10
J6000230,P205,911,1506,0.00
J5901658,P201,911,1512,8.61
J6000230,P202,911,1512,0.10
J6000230,P205,911,1512,0.00
J5901658,P201,922,1515,31.85
J5901658,P201,923,1515,69.00
J5901658,P201,936,1515,6.08
J6000230,P202,923,1515,0.00
J6000230,P202,936,1515,20.60
J5601064,P001,923,1515,8.00
J5601064,P001,936,1515,13.40
J5601064,P002,923,1515,0.00
J5601064,P002,936,1515,21.00
J5601064,P003,923,1515,7.00
J5601064,P003,936,1515,13.60
J6000230,P202,911,1518,0.10
J6000230,P205,911,1518,0.00
J5901658,P201,911,1518,8.53
J5901658,P201,911,1524,8.39
J6000230,P202,911,1524,0.10
J6000230,P205,911,1524,0.00
J5901658,P201,911,1530,8.25
J5901658,P201,922,1530,32.75
J5901658,P201,923,1530,69.06
J5901658,P201,936,1530,6.16
J6000230,P202,911,1530,0.10
J6000230,P205,911,1530,0.00
J6000230,P202,923,1530,0.00
J6000230,P202,936,1530,20.60
J5601064,P001,923,1530,8.00
J5601064,P001,936,1530,13.40
J5601064,P002,923,1530,0.00
J5601064,P002,936,1530,21.00
J5601064,P003,923,1530,7.00
J5601064,P003,936,1530,13.60
J5901658,P201,911,1536,9.03
J6000230,P202,911,1536,0.10
J6000230,P205,911,1536,0.00
J5901658,P201,911,1542,8.53
J6000230,P202,911,1542,0.10
J6000230,P205,911,1542,0.00
J5901658,P201,922,1545,32.02
J5901658,P201,923,1545,69.50
J5901658,P201,936,1545,6.17
J6000230,P202,923,1545,0.00
J6000230,P202,936,1545,20.60
J5901658,P201,911,1548,8.58
J6000230,P202,911,1554,0.10
J6000230,P205,911,1554,0.00
J5901658,P201,911,1554,8.08
J5901658,P201,911,1600,9.53
J5901658,P201,922,1600,27.48
J5901658,P201,923,1600,66.48
J5901658,P201,936,1600,6.19
J5901658,P201,948,1600,158276.00
J5901658,P201,959,1600,55.20
J6000230,P202,911,1600,0.10
J6000230,P205,911,1600,0.00
J5901658,P201,911,1606,8.94
J6000230,P202,911,1606,0.10
J6000230,P205,911,1606,0.00
J5901658,P201,911,1612,8.81
J6000230,P202,911,1612,0.10
J6000230,P205,911,1612,0.00
J6000230,P202,948,2200,0.00
J6000230,P202,959,2200,28.10
J5601064,P001,948,2245,218634.00
J5601064,P001,959,2245,66.00
J5601064,P002,948,2245,0.00
J5601064,P002,959,2245,37.00
J5601064,P003,948,2245,231590.00
J5601064,P003,959,2245,83.00
J5901658,P201,948,2300,156439.00
J5901658,P201,959,2300,54.76
J5601064,P001,923,2315,0.00
J5601064,P001,936,2315,21.00
J5601064,P002,923,2315,0.00
J5601064,P002,936,2315,21.10
J5601064,P003,923,2315,0.00
J5601064,P003,936,2315,20.90
J6000230,P202,923,2330,0.00
J6000230,P202,936,2330,20.70
J5901658,P201,922,2345,31.29
J5901658,P201,923,2345,67.87
J5901658,P201,936,2345,7.17
J5901658,P201,911,2354,11.14
J6000230,P202,911,2354,0.10
J6000230,P205,911,2354,0.00
