2017-04-02,1491062400,,,
Q7100254,P101,911,0000,10.67
Q7100254,P101,922,0000,20.9
Q7100254,P101,923,0000,207.9
Q7100254,P101,936,0000,7.89
Q7100254,P201,911,0000,0
Q7100254,P201,922,0000,0
Q7100254,P201,923,0000,0
Q7100254,P201,936,0000,0
Q7100254,P301,911,0000,10.81
Q7100254,P301,922,0000,16.73
Q7100254,P301,923,0000,52.02
Q7100254,P301,936,0000,5.75
Q7100254,P501,911,0000,2.47
Q7100254,P501,922,0000,22.65
Q7100254,P501,923,0000,46.08
Q7100254,P501,936,0000,6.01
Q7600375,P001,911,0000,5.00
Q7600375,P001,922,0000,21.15
Q7600375,P001,923,0000,85.54
Q7600375,P001,936,0000,8.30
Q7600375,P001,948,0000,108148
Q7600375,P001,959,0000,53.97
Q7100254,P101,948,0000,150103.38
Q7100254,P101,959,0000,46.81
Q7100254,P201,948,0000,0
Q7100254,P201,959,0000,0
Q7100254,P301,948,0000,257807.02
Q7100254,P301,959,0000,48.97
Q7100254,P501,948,0000,338005.57
Q7100254,P501,959,0000,49.92
Q6907286,P001,911,0000,0
Q6907286,P001,922,0000,0
Q6907286,P001,923,0000,0
Q6907286,P001,924,0000,0
Q6907286,P001,936,0000,0
Q6907286,P001,937,0000,0
Q6907286,P001,948,0000,0
Q6907286,P001,959,0000,0
Q6907286,P002,911,0000,0
Q6907286,P002,922,0000,0
Q6907286,P002,923,0000,0
Q6907286,P002,924,0000,0
Q6907286,P002,936,0000,0
Q6907286,P002,937,0000,0
Q6907286,P002,948,0000,0
Q6907286,P002,959,0000,0
Q6907286,P003,911,0000,0
Q6907286,P003,922,0000,0
Q6907286,P003,923,0000,0
Q6907286,P003,924,0000,0
Q6907286,P003,936,0000,0
Q6907286,P003,937,0000,0
Q6907286,P003,948,0000,0
Q6907286,P003,959,0000,0
Q7504010,P101,911,0000,2.1
Q7504010,P101,922,0000,10
Q7504010,P101,923,0000,74
Q7504010,P101,924,0000,20
Q7504010,P101,926,0000,10
Q7504010,P101,936,0000,8.9
Q7504010,P101,948,0000,88699
Q7504010,P101,959,0000,149
Q7504010,P201,911,0000,2.1
Q7504010,P201,922,0000,10
Q7504010,P201,923,0000,86
Q7504010,P201,924,0000,6
Q7504010,P201,926,0000,12
Q7504010,P201,936,0000,8.8
Q7504010,P201,948,0000,87823
Q7504010,P201,959,0000,139
Q7100254,P101,911,0006,10.63
Q7100254,P201,911,0006,0
Q7100254,P301,911,0006,10.83
Q7100254,P501,911,0006,2.56
Q6907286,P001,911,0006,0
Q6907286,P002,911,0006,0
Q6907286,P003,911,0006,0
Q7600375,P001,911,0006,5.11
Q7504010,P101,911,0006,2.1
Q7504010,P201,911,0006,2.1
Q7100254,P101,911,0012,10.62
Q7100254,P201,911,0012,0
Q7100254,P301,911,0012,13.09
Q7100254,P501,911,0012,10.93
Q6907286,P001,911,0012,0
Q6907286,P002,911,0012,0
Q6907286,P003,911,0012,0
Q7600375,P001,911,0012,5.00
Q7504010,P101,911,0012,2.1
Q7504010,P201,911,0012,2.2
Q7600375,P001,922,0015,14.53
Q7600375,P001,923,0015,84.87
Q7600375,P001,936,0015,8.32
Q7100254,P101,922,0015,20.22
Q7100254,P101,923,0015,203.5
Q7100254,P101,936,0015,7.92
Q7100254,P201,922,0015,0
Q7100254,P201,923,0015,0
Q7100254,P201,936,0015,0
Q7100254,P301,922,0015,16.91
Q7100254,P301,923,0015,49.91
Q7100254,P301,936,0015,5.69
Q7100254,P501,922,0015,23.46
Q7100254,P501,923,0015,47.04
Q7100254,P501,936,0015,5.96
Q6907286,P001,922,0015,0
Q6907286,P001,923,0015,0
Q6907286,P001,924,0015,0
Q6907286,P001,936,0015,0
Q6907286,P001,937,0015,0
Q6907286,P002,922,0015,0
Q6907286,P002,923,0015,0
Q6907286,P002,924,0015,0
Q6907286,P002,936,0015,0
Q6907286,P002,937,0015,0
Q6907286,P003,922,0015,0
Q6907286,P003,923,0015,0
Q6907286,P003,924,0015,0
Q6907286,P003,936,0015,0
Q6907286,P003,937,0015,0
Q7504010,P101,922,0015,13
Q7504010,P101,923,0015,79
Q7504010,P101,924,0015,4
Q7504010,P101,926,0015,14
Q7504010,P101,936,0015,9.3
Q7504010,P201,922,0015,9
Q7504010,P201,923,0015,96
Q7504010,P201,924,0015,3
Q7504010,P201,926,0015,13
Q7504010,P201,936,0015,9.6
Q7600375,P001,911,0018,5.00
Q7100254,P101,911,0018,10.69
Q7100254,P201,911,0018,0
Q7100254,P301,911,0018,11.02
Q7100254,P501,911,0018,2.59
Q6907286,P001,911,0018,0
Q6907286,P002,911,0018,0
Q6907286,P003,911,0018,0
Q7504010,P101,911,0018,2.1
Q7504010,P201,911,0018,2.1
Q7600375,P001,911,0024,5.00
Q7100254,P101,911,0024,10.89
Q7100254,P201,911,0024,0
Q7100254,P301,911,0024,10.82
Q7100254,P501,911,0024,2.54
Q6907286,P001,911,0024,0
Q6907286,P002,911,0024,0
Q6907286,P003,911,0024,0
Q7504010,P101,911,0024,2.1
Q7504010,P201,911,0024,2.1
Q7100254,P101,911,0030,10.64
Q7100254,P101,922,0030,21.35
Q7100254,P101,923,0030,203.7
Q7100254,P101,936,0030,7.89
Q7100254,P201,911,0030,0
Q7100254,P201,922,0030,0
Q7100254,P201,923,0030,0
Q7100254,P201,936,0030,0
Q7100254,P301,911,0030,10.83
Q7100254,P301,922,0030,15.02
Q7100254,P301,923,0030,52.36
Q7100254,P301,936,0030,5.72
Q7100254,P501,911,0030,2.52
Q7100254,P501,922,0030,23.33
Q7100254,P501,923,0030,45.45
Q7100254,P501,936,0030,5.84
Q6907286,P001,911,0030,0
Q6907286,P001,922,0030,0
Q6907286,P001,923,0030,0
Q6907286,P001,924,0030,0
Q6907286,P001,936,0030,0
Q6907286,P001,937,0030,0
Q6907286,P002,911,0030,0
Q6907286,P002,922,0030,0
Q6907286,P002,923,0030,0
Q6907286,P002,924,0030,0
Q6907286,P002,936,0030,0
Q6907286,P002,937,0030,0
Q6907286,P003,911,0030,0
Q6907286,P003,922,0030,0
Q6907286,P003,923,0030,0
Q6907286,P003,924,0030,0
Q6907286,P003,936,0030,0
Q6907286,P003,937,0030,0
Q7504010,P101,911,0030,2.1
Q7504010,P101,922,0030,13
Q7504010,P101,923,0030,68
Q7504010,P101,924,0030,51
Q7504010,P101,926,0030,11
Q7504010,P101,936,0030,8.3
Q7504010,P201,911,0030,2.1
Q7504010,P201,922,0030,11
Q7504010,P201,923,0030,83
Q7504010,P201,924,0030,6
Q7504010,P201,926,0030,11
Q7504010,P201,936,0030,7.4
Q7600375,P001,911,0030,5.06
Q7600375,P001,922,0030,13.87
Q7600375,P001,923,0030,86.07
Q7600375,P001,936,0030,8.34
Q7100254,P101,911,0036,10.65
Q7100254,P201,911,0036,0
Q7100254,P301,911,0036,10.78
Q7100254,P501,911,0036,2.53
Q6907286,P001,911,0036,0
Q6907286,P002,911,0036,0
Q6907286,P003,911,0036,0
Q7504010,P101,911,0036,2.1
Q7504010,P201,911,0036,2.1
Q7600375,P001,911,0036,5.00
Q7100254,P101,911,0042,10.63
Q7100254,P201,911,0042,0
Q7100254,P301,911,0042,10.8
Q7100254,P501,911,0042,2.51
Q6907286,P001,911,0042,0
Q6907286,P002,911,0042,0
Q6907286,P003,911,0042,0
Q7504010,P101,911,0042,2.1
Q7504010,P201,911,0042,2.1
Q7600375,P001,911,0042,5.00
Q7100254,P101,922,0045,22.58
Q7100254,P101,923,0045,204.2
Q7100254,P101,936,0045,7.94
Q7100254,P201,922,0045,0
Q7100254,P201,923,0045,0
Q7100254,P201,936,0045,0
Q7100254,P301,922,0045,15.1
Q7100254,P301,923,0045,52.58
Q7100254,P301,936,0045,5.7
Q7100254,P501,922,0045,23.24
Q7100254,P501,923,0045,47.6
Q7100254,P501,936,0045,5.83
Q6907286,P001,922,0045,0
Q6907286,P001,923,0045,0
Q6907286,P001,924,0045,0
Q6907286,P001,936,0045,0
Q6907286,P001,937,0045,0
Q6907286,P002,922,0045,0
Q6907286,P002,923,0045,0
Q6907286,P002,924,0045,0
Q6907286,P002,936,0045,0
Q6907286,P002,937,0045,0
Q6907286,P003,922,0045,0
Q6907286,P003,923,0045,0
Q6907286,P003,924,0045,0
Q6907286,P003,936,0045,0
Q6907286,P003,937,0045,0
Q7504010,P101,922,0045,8
Q7504010,P101,923,0045,68
Q7504010,P101,924,0045,18
Q7504010,P101,926,0045,8
Q7504010,P101,936,0045,8.7
Q7504010,P201,922,0045,11
Q7504010,P201,923,0045,87
Q7504010,P201,924,0045,4
Q7504010,P201,926,0045,12
Q7504010,P201,936,0045,8.6
Q7600375,P001,922,0045,13.13
Q7600375,P001,923,0045,85.14
Q7600375,P001,936,0045,8.33
Q7100254,P101,911,0048,10.63
Q7100254,P201,911,0048,0
Q7100254,P301,911,0048,10.8
Q7100254,P501,911,0048,2.53
Q6907286,P001,911,0048,0
Q6907286,P002,911,0048,0
Q6907286,P003,911,0048,0
Q7504010,P101,911,0048,2.1
Q7504010,P201,911,0048,2.1
Q7600375,P001,911,0048,5.00
Q7100254,P101,911,0054,10.68
Q7100254,P201,911,0054,0
Q7100254,P301,911,0054,10.85
Q7100254,P501,911,0054,2.58
Q6907286,P001,911,0054,0
Q6907286,P002,911,0054,0
Q6907286,P003,911,0054,0
Q7504010,P101,911,0054,2.1
Q7504010,P201,911,0054,2.1
Q7600375,P001,911,0054,5.11
Q7100254,P101,911,0100,10.88
Q7100254,P101,922,0100,22.38
Q7100254,P101,923,0100,204.8
Q7100254,P101,936,0100,7.97
Q7100254,P201,911,0100,0
Q7100254,P201,922,0100,0
Q7100254,P201,923,0100,0
Q7100254,P201,936,0100,0
Q7100254,P301,911,0100,10.78
Q7100254,P301,922,0100,15.59
Q7100254,P301,923,0100,51.2
Q7100254,P301,936,0100,5.71
Q7100254,P501,911,0100,2.81
Q7100254,P501,922,0100,23.55
Q7100254,P501,923,0100,46.5
Q7100254,P501,936,0100,5.88
Q7504010,P101,911,0100,2.1
Q7504010,P101,922,0100,12
Q7504010,P101,923,0100,67
Q7504010,P101,924,0100,19
Q7504010,P101,926,0100,14
Q7504010,P101,936,0100,8.5
Q7504010,P201,911,0100,2.2
Q7504010,P201,922,0100,10
Q7504010,P201,923,0100,85
Q7504010,P201,924,0100,17
Q7504010,P201,926,0100,11
Q7504010,P201,936,0100,8.6
Q7600375,P001,911,0100,5.00
Q7600375,P001,922,0100,13.78
Q7600375,P001,923,0100,84.02
Q7600375,P001,936,0100,8.33
Q7600375,P001,948,0100,105669
Q7600375,P001,959,0100,54.12
Q7100254,P101,948,0100,148789.29
Q7100254,P101,959,0100,46.72
Q7100254,P201,948,0100,0
Q7100254,P201,959,0100,0
Q7100254,P301,948,0100,258173.56
Q7100254,P301,959,0100,49.05
Q7100254,P501,948,0100,337971.38
Q7100254,P501,959,0100,49.97
Q6907286,P001,911,0100,0
Q6907286,P001,922,0100,0
Q6907286,P001,923,0100,0
Q6907286,P001,924,0100,0
Q6907286,P001,936,0100,0
Q6907286,P001,937,0100,0
Q6907286,P001,948,0100,0
Q6907286,P001,959,0100,0
Q6907286,P002,911,0100,0
Q6907286,P002,922,0100,0
Q6907286,P002,923,0100,0
Q6907286,P002,924,0100,0
Q6907286,P002,936,0100,0
Q6907286,P002,937,0100,0
Q6907286,P002,948,0100,0
Q6907286,P002,959,0100,0
Q6907286,P003,911,0100,0
Q6907286,P003,922,0100,0
Q6907286,P003,923,0100,0
Q6907286,P003,924,0100,0
Q6907286,P003,936,0100,0
Q6907286,P003,937,0100,0
Q6907286,P003,948,0100,0
Q6907286,P003,959,0100,0
Q7504010,P101,948,0100,89446
Q7504010,P101,959,0100,147
Q7504010,P201,948,0100,87844
Q7504010,P201,959,0100,141
Q7100254,P101,911,0106,10.63
Q7100254,P201,911,0106,0
Q7100254,P301,911,0106,10.78
Q7100254,P501,911,0106,2.53
Q6907286,P001,911,0106,0
Q6907286,P002,911,0106,0
Q6907286,P003,911,0106,0
Q7504010,P101,911,0106,2.1
Q7504010,P201,911,0106,2.1
Q7600375,P001,911,0106,5.00
Q7100254,P101,911,0112,10.65
Q7100254,P201,911,0112,0
Q7100254,P301,911,0112,13.01
Q7100254,P501,911,0112,2.54
Q6907286,P001,911,0112,0
Q6907286,P002,911,0112,0
Q6907286,P003,911,0112,0
Q7504010,P101,911,0112,2.1
Q7504010,P201,911,0112,2.1
Q7600375,P001,911,0112,5.00
Q7600375,P001,922,0115,12.63
Q7600375,P001,923,0115,84.50
Q7600375,P001,936,0115,8.41
Q7100254,P101,922,0115,22.02
Q7100254,P101,923,0115,205.1
Q7100254,P101,936,0115,7.96
Q7100254,P201,922,0115,0
Q7100254,P201,923,0115,0
Q7100254,P201,936,0115,0
Q7100254,P301,922,0115,16.75
Q7100254,P301,923,0115,53.7
Q7100254,P301,936,0115,5.7
Q7100254,P501,922,0115,24.34
Q7100254,P501,923,0115,47.15
Q7100254,P501,936,0115,5.9
Q6907286,P001,922,0115,0
Q6907286,P001,923,0115,0
Q6907286,P001,924,0115,0
Q6907286,P001,936,0115,0
Q6907286,P001,937,0115,0
Q6907286,P002,922,0115,0
Q6907286,P002,923,0115,0
Q6907286,P002,924,0115,0
Q6907286,P002,936,0115,0
Q6907286,P002,937,0115,0
Q6907286,P003,922,0115,0
Q6907286,P003,923,0115,0
Q6907286,P003,924,0115,0
Q6907286,P003,936,0115,0
Q6907286,P003,937,0115,0
Q7504010,P101,922,0115,8
Q7504010,P101,923,0115,74
Q7504010,P101,924,0115,10
Q7504010,P101,926,0115,7
Q7504010,P101,936,0115,9.3
Q7504010,P201,922,0115,8
Q7504010,P201,923,0115,95
Q7504010,P201,924,0115,3
Q7504010,P201,926,0115,11
Q7504010,P201,936,0115,9.9
Q7100254,P101,911,0118,10.62
Q7100254,P201,911,0118,0
Q7100254,P301,911,0118,11.07
Q7100254,P501,911,0118,2.54
Q7600375,P001,911,0118,5.11
Q6907286,P001,911,0118,0
Q6907286,P002,911,0118,0
Q6907286,P003,911,0118,0
Q7504010,P101,911,0118,2.1
Q7504010,P201,911,0118,2.1
Q7100254,P101,911,0124,10.62
Q7100254,P201,911,0124,0
Q7100254,P301,911,0124,10.79
Q7100254,P501,911,0124,2.54
Q6907286,P001,911,0124,0
Q6907286,P002,911,0124,0
Q6907286,P003,911,0124,0
Q7504010,P101,911,0124,2.1
Q7504010,P201,911,0124,2.1
Q7600375,P001,911,0124,5.00
Q7100254,P101,911,0130,10.67
Q7100254,P101,922,0130,23.73
Q7100254,P101,923,0130,206.7
Q7100254,P101,936,0130,8.05
Q7100254,P201,911,0130,0
Q7100254,P201,922,0130,0
Q7100254,P201,923,0130,0
Q7100254,P201,936,0130,0
Q7100254,P301,911,0130,10.82
Q7100254,P301,922,0130,17.3
Q7100254,P301,923,0130,54.08
Q7100254,P301,936,0130,5.7
Q7100254,P501,911,0130,2.51
Q7100254,P501,922,0130,23.99
Q7100254,P501,923,0130,47.2
Q7100254,P501,936,0130,5.96
Q6907286,P001,911,0130,0
Q6907286,P001,922,0130,0
Q6907286,P001,923,0130,0
Q6907286,P001,924,0130,0
Q6907286,P001,936,0130,0
Q6907286,P001,937,0130,0
Q6907286,P002,911,0130,0
Q6907286,P002,922,0130,0
Q6907286,P002,923,0130,0
Q6907286,P002,924,0130,0
Q6907286,P002,936,0130,0
Q6907286,P002,937,0130,0
Q6907286,P003,911,0130,0
Q6907286,P003,922,0130,0
Q6907286,P003,923,0130,0
Q6907286,P003,924,0130,0
Q6907286,P003,936,0130,0
Q6907286,P003,937,0130,0
Q7504010,P101,911,0130,2.1
Q7504010,P101,922,0130,12
Q7504010,P101,923,0130,74
Q7504010,P101,924,0130,8
Q7504010,P101,926,0130,13
Q7504010,P101,936,0130,8.9
Q7504010,P201,911,0130,2.1
Q7504010,P201,922,0130,9
Q7504010,P201,923,0130,80
Q7504010,P201,924,0130,12
Q7504010,P201,926,0130,10
Q7504010,P201,936,0130,9.1
Q7600375,P001,911,0130,5.00
Q7600375,P001,922,0130,13.38
Q7600375,P001,923,0130,86.73
Q7600375,P001,936,0130,8.35
Q7100254,P101,911,0136,10.91
Q7100254,P201,911,0136,0
Q7100254,P301,911,0136,10.76
Q7100254,P501,911,0136,2.52
Q6907286,P001,911,0136,0
Q6907286,P002,911,0136,0
Q6907286,P003,911,0136,0
Q7504010,P101,911,0136,2.1
Q7504010,P201,911,0136,2.1
Q7600375,P001,911,0136,5.00
Q7100254,P101,911,0142,10.63
Q7100254,P201,911,0142,0
Q7100254,P301,911,0142,10.85
Q7100254,P501,911,0142,2.53
Q6907286,P001,911,0142,0
Q6907286,P002,911,0142,0
Q6907286,P003,911,0142,0
Q7504010,P101,911,0142,2.1
Q7504010,P201,911,0142,2.1
Q7600375,P001,911,0142,5.11
Q7100254,P101,922,0145,23.09
Q7100254,P101,923,0145,200.5
Q7100254,P101,936,0145,7.89
Q7100254,P201,922,0145,0
Q7100254,P201,923,0145,0
Q7100254,P201,936,0145,0
Q7100254,P301,922,0145,16.37
Q7100254,P301,923,0145,49.02
Q7100254,P301,936,0145,5.69
Q7100254,P501,922,0145,24.26
Q7100254,P501,923,0145,47.02
Q7100254,P501,936,0145,5.95
Q6907286,P001,922,0145,0
Q6907286,P001,923,0145,0
Q6907286,P001,924,0145,0
Q6907286,P001,936,0145,0
Q6907286,P001,937,0145,0
Q6907286,P002,922,0145,0
Q6907286,P002,923,0145,0
Q6907286,P002,924,0145,0
Q6907286,P002,936,0145,0
Q6907286,P002,937,0145,0
Q6907286,P003,922,0145,0
Q6907286,P003,923,0145,0
Q6907286,P003,924,0145,0
Q6907286,P003,936,0145,0
Q6907286,P003,937,0145,0
Q7504010,P101,922,0145,9
Q7504010,P101,923,0145,79
Q7504010,P101,924,0145,2
Q7504010,P101,926,0145,10
Q7504010,P101,936,0145,9.1
Q7504010,P201,922,0145,11
Q7504010,P201,923,0145,72
Q7504010,P201,924,0145,19
Q7504010,P201,926,0145,11
Q7504010,P201,936,0145,8.5
Q7600375,P001,922,0145,13.19
Q7600375,P001,923,0145,85.41
Q7600375,P001,936,0145,8.45
Q7100254,P101,911,0148,10.65
Q7100254,P201,911,0148,0
Q7100254,P301,911,0148,10.8
Q7100254,P501,911,0148,2.67
Q6907286,P001,911,0148,0
Q6907286,P002,911,0148,0
Q6907286,P003,911,0148,0
Q7504010,P101,911,0148,2.1
Q7504010,P201,911,0148,2.1
Q7600375,P001,911,0148,5.00
Q7100254,P101,911,0154,10.61
Q7100254,P201,911,0154,0
Q7100254,P301,911,0154,10.77
Q7100254,P501,911,0154,2.53
Q6907286,P001,911,0154,0
Q6907286,P002,911,0154,0
Q6907286,P003,911,0154,0
Q7504010,P101,911,0154,2.1
Q7504010,P201,911,0154,2.1
Q7600375,P001,911,0154,5.00
Q7100254,P101,911,0200,10.61
Q7100254,P101,922,0200,19.42
Q7100254,P101,923,0200,193.2
Q7100254,P101,936,0200,7.82
Q7100254,P201,911,0200,0
Q7100254,P201,922,0200,0
Q7100254,P201,923,0200,0
Q7100254,P201,936,0200,0
Q7100254,P301,911,0200,10.77
Q7100254,P301,922,0200,16.43
Q7100254,P301,923,0200,46.47
Q7100254,P301,936,0200,5.69
Q7100254,P501,911,0200,2.55
Q7100254,P501,922,0200,23.55
Q7100254,P501,923,0200,45.84
Q7100254,P501,936,0200,5.93
Q7504010,P101,911,0200,2.1
Q7504010,P101,922,0200,9
Q7504010,P101,923,0200,80
Q7504010,P101,924,0200,10
Q7504010,P101,926,0200,9
Q7504010,P101,936,0200,9.2
Q7504010,P201,911,0200,2.2
Q7504010,P201,922,0200,8
Q7504010,P201,923,0200,75
Q7504010,P201,924,0200,13
Q7504010,P201,926,0200,11
Q7504010,P201,936,0200,9.4
Q7600375,P001,911,0200,5.00
Q7600375,P001,922,0200,13.01
Q7600375,P001,923,0200,85.26
Q7600375,P001,936,0200,8.40
Q7600375,P001,948,0200,105422
Q7600375,P001,959,0200,54.08
Q7100254,P101,948,0200,147656.11
Q7100254,P101,959,0200,46.6
Q7100254,P201,948,0200,0
Q7100254,P201,959,0200,0
Q7100254,P301,948,0200,258370.43
Q7100254,P301,959,0200,48.94
Q7100254,P501,948,0200,339329.83
Q7100254,P501,959,0200,49.97
Q6907286,P001,911,0200,0
Q6907286,P001,922,0200,0
Q6907286,P001,923,0200,0
Q6907286,P001,924,0200,0
Q6907286,P001,936,0200,0
Q6907286,P001,937,0200,0
Q6907286,P001,948,0200,0
Q6907286,P001,959,0200,0
Q6907286,P002,911,0200,0
Q6907286,P002,922,0200,0
Q6907286,P002,923,0200,0
Q6907286,P002,924,0200,0
Q6907286,P002,936,0200,0
Q6907286,P002,937,0200,0
Q6907286,P002,948,0200,0
Q6907286,P002,959,0200,0
Q6907286,P003,911,0200,0
Q6907286,P003,922,0200,0
Q6907286,P003,923,0200,0
Q6907286,P003,924,0200,0
Q6907286,P003,936,0200,0
Q6907286,P003,937,0200,0
Q6907286,P003,948,0200,0
Q6907286,P003,959,0200,0
Q7504010,P101,948,0200,91183
Q7504010,P101,959,0200,147
Q7504010,P201,948,0200,86741
Q7504010,P201,959,0200,140
Q7100254,P101,911,0206,10.64
Q7100254,P201,911,0206,0
Q7100254,P301,911,0206,10.84
Q7100254,P501,911,0206,2.53
Q6907286,P001,911,0206,0
Q6907286,P002,911,0206,0
Q6907286,P003,911,0206,0
Q7504010,P101,911,0206,2.1
Q7504010,P201,911,0206,2.1
Q7600375,P001,911,0206,5.06
Q7100254,P101,911,0212,10.87
Q7100254,P201,911,0212,0
Q7100254,P301,911,0212,12.8
Q7100254,P501,911,0212,2.53
Q6907286,P001,911,0212,0
Q6907286,P002,911,0212,0
Q6907286,P003,911,0212,0
Q7504010,P101,911,0212,2.1
Q7504010,P201,911,0212,2.1
Q7600375,P001,911,0212,5.00
Q7600375,P001,922,0215,11.47
Q7600375,P001,923,0215,84.05
Q7600375,P001,936,0215,8.45
Q7100254,P101,922,0215,17.98
Q7100254,P101,923,0215,189.7
Q7100254,P101,936,0215,7.79
Q7100254,P201,922,0215,0
Q7100254,P201,923,0215,0
Q7100254,P201,936,0215,0
Q7100254,P301,922,0215,16.78
Q7100254,P301,923,0215,52.18
Q7100254,P301,936,0215,5.65
Q7100254,P501,922,0215,22.85
Q7100254,P501,923,0215,47.03
Q7100254,P501,936,0215,5.88
Q6907286,P001,922,0215,0
Q6907286,P001,923,0215,0
Q6907286,P001,924,0215,0
Q6907286,P001,936,0215,0
Q6907286,P001,937,0215,0
Q6907286,P002,922,0215,0
Q6907286,P002,923,0215,0
Q6907286,P002,924,0215,0
Q6907286,P002,936,0215,0
Q6907286,P002,937,0215,0
Q6907286,P003,922,0215,0
Q6907286,P003,923,0215,0
Q6907286,P003,924,0215,0
Q6907286,P003,936,0215,0
Q6907286,P003,937,0215,0
Q7504010,P101,922,0215,12
Q7504010,P101,923,0215,70
Q7504010,P101,924,0215,6
Q7504010,P101,926,0215,12
Q7504010,P101,936,0215,8.8
Q7504010,P201,922,0215,8
Q7504010,P201,923,0215,82
Q7504010,P201,924,0215,7
Q7504010,P201,926,0215,7
Q7504010,P201,936,0215,9.2
Q7100254,P101,911,0218,10.62
Q7100254,P201,911,0218,0
Q7100254,P301,911,0218,10.98
Q7100254,P501,911,0218,2.53
Q7600375,P001,911,0218,5.00
Q6907286,P001,911,0218,0
Q6907286,P002,911,0218,0
Q6907286,P003,911,0218,0
Q7504010,P101,911,0218,2.1
Q7504010,P201,911,0218,2.1
Q7100254,P101,911,0224,10.64
Q7100254,P201,911,0224,0
Q7100254,P301,911,0224,10.79
Q7100254,P501,911,0224,2.55
Q6907286,P001,911,0224,0
Q6907286,P002,911,0224,0
Q6907286,P003,911,0224,0
Q7504010,P101,911,0224,2.1
Q7504010,P201,911,0224,2.1
Q7600375,P001,911,0224,5.00
Q7100254,P101,911,0230,10.61
Q7100254,P101,922,0230,17.35
Q7100254,P101,923,0230,193.5
Q7100254,P101,936,0230,7.87
Q7100254,P201,911,0230,0
Q7100254,P201,922,0230,0
Q7100254,P201,923,0230,0
Q7100254,P201,936,0230,0
Q7100254,P301,911,0230,10.85
Q7100254,P301,922,0230,17.49
Q7100254,P301,923,0230,54.32
Q7100254,P301,936,0230,5.69
Q7100254,P501,911,0230,2.53
Q7100254,P501,922,0230,22.59
Q7100254,P501,923,0230,46.9
Q7100254,P501,936,0230,5.87
Q6907286,P001,911,0230,0
Q6907286,P001,922,0230,0
Q6907286,P001,923,0230,0
Q6907286,P001,924,0230,0
Q6907286,P001,936,0230,0
Q6907286,P001,937,0230,0
Q6907286,P002,911,0230,0
Q6907286,P002,922,0230,0
Q6907286,P002,923,0230,0
Q6907286,P002,924,0230,0
Q6907286,P002,936,0230,0
Q6907286,P002,937,0230,0
Q6907286,P003,911,0230,0
Q6907286,P003,922,0230,0
Q6907286,P003,923,0230,0
Q6907286,P003,924,0230,0
Q6907286,P003,936,0230,0
Q6907286,P003,937,0230,0
Q7504010,P101,911,0230,2.1
Q7504010,P101,922,0230,9
Q7504010,P101,923,0230,74
Q7504010,P101,924,0230,5
Q7504010,P101,926,0230,9
Q7504010,P101,936,0230,9.0
Q7504010,P201,911,0230,2.2
Q7504010,P201,922,0230,12
Q7504010,P201,923,0230,84
Q7504010,P201,924,0230,3
Q7504010,P201,926,0230,13
Q7504010,P201,936,0230,8.2
Q7600375,P001,911,0230,5.06
Q7600375,P001,922,0230,16.59
Q7600375,P001,923,0230,83.63
Q7600375,P001,936,0230,8.35
Q7100254,P101,911,0236,10.6
Q7100254,P201,911,0236,0
Q7100254,P301,911,0236,10.77
Q7100254,P501,911,0236,2.64
Q6907286,P001,911,0236,0
Q6907286,P002,911,0236,0
Q6907286,P003,911,0236,0
Q7504010,P101,911,0236,2.1
Q7504010,P201,911,0236,2.1
Q7600375,P001,911,0236,5.00
Q7100254,P101,911,0242,10.63
Q7100254,P201,911,0242,0
Q7100254,P301,911,0242,10.8
Q7100254,P501,911,0242,2.52
Q6907286,P001,911,0242,0
Q6907286,P002,911,0242,0
Q6907286,P003,911,0242,0
Q7504010,P101,911,0242,2.1
Q7504010,P201,911,0242,2.2
Q7600375,P001,911,0242,5.00
Q7100254,P101,922,0245,17.29
Q7100254,P101,923,0245,192.2
Q7100254,P101,936,0245,7.87
Q7100254,P201,922,0245,0
Q7100254,P201,923,0245,0
Q7100254,P201,936,0245,0
Q7100254,P301,922,0245,16.38
Q7100254,P301,923,0245,52.83
Q7100254,P301,936,0245,5.69
Q7100254,P501,922,0245,22.11
Q7100254,P501,923,0245,46.94
Q7100254,P501,936,0245,5.84
Q6907286,P001,922,0245,0
Q6907286,P001,923,0245,0
Q6907286,P001,924,0245,0
Q6907286,P001,936,0245,0
Q6907286,P001,937,0245,0
Q6907286,P002,922,0245,0
Q6907286,P002,923,0245,0
Q6907286,P002,924,0245,0
Q6907286,P002,936,0245,0
Q6907286,P002,937,0245,0
Q6907286,P003,922,0245,0
Q6907286,P003,923,0245,0
Q6907286,P003,924,0245,0
Q6907286,P003,936,0245,0
Q6907286,P003,937,0245,0
Q7504010,P101,922,0245,12
Q7504010,P101,923,0245,70
Q7504010,P101,924,0245,10
Q7504010,P101,926,0245,12
Q7504010,P101,936,0245,8.6
Q7504010,P201,922,0245,11
Q7504010,P201,923,0245,88
Q7504010,P201,924,0245,4
Q7504010,P201,926,0245,12
Q7504010,P201,936,0245,9.1
Q7600375,P001,922,0245,25.06
Q7600375,P001,923,0245,84.11
Q7600375,P001,936,0245,8.35
Q7100254,P101,911,0248,10.85
Q7100254,P201,911,0248,0
Q7100254,P301,911,0248,10.8
Q7100254,P501,911,0248,2.54
Q6907286,P001,911,0248,0
Q6907286,P002,911,0248,0
Q6907286,P003,911,0248,0
Q7504010,P101,911,0248,2.1
Q7504010,P201,911,0248,2.2
Q7600375,P001,911,0248,5.00
Q7100254,P101,911,0254,10.61
Q7100254,P201,911,0254,0
Q7100254,P301,911,0254,10.83
Q7100254,P501,911,0254,2.53
Q6907286,P001,911,0254,0
Q6907286,P002,911,0254,0
Q6907286,P003,911,0254,0
Q7504010,P101,911,0254,2.1
Q7504010,P201,911,0254,2.2
Q7600375,P001,911,0254,5.06
Q7100254,P101,911,0300,10.64
Q7100254,P101,922,0300,16.68
Q7100254,P101,923,0300,192.4
Q7100254,P101,936,0300,7.84
Q7100254,P201,911,0300,0
Q7100254,P201,922,0300,0
Q7100254,P201,923,0300,0
Q7100254,P201,936,0300,0
Q7100254,P301,911,0300,10.78
Q7100254,P301,922,0300,15.78
Q7100254,P301,923,0300,48.68
Q7100254,P301,936,0300,5.64
Q7100254,P501,911,0300,2.53
Q7100254,P501,922,0300,21.82
Q7100254,P501,923,0300,46.65
Q7100254,P501,936,0300,5.89
Q7504010,P101,911,0300,2.1
Q7504010,P101,922,0300,11
Q7504010,P101,923,0300,70
Q7504010,P101,924,0300,7
Q7504010,P101,926,0300,9
Q7504010,P101,936,0300,8.8
Q7504010,P201,911,0300,2.2
Q7504010,P201,922,0300,12
Q7504010,P201,923,0300,83
Q7504010,P201,924,0300,3
Q7504010,P201,926,0300,13
Q7504010,P201,936,0300,8.3
Q7600375,P001,911,0300,5.00
Q7600375,P001,922,0300,16.54
Q7600375,P001,923,0300,84.38
Q7600375,P001,936,0300,8.38
Q7600375,P001,948,0300,107442
Q7600375,P001,959,0300,53.87
Q7100254,P101,948,0300,146860.21
Q7100254,P101,959,0300,46.48
Q7100254,P201,948,0300,0
Q7100254,P201,959,0300,0
Q7100254,P301,948,0300,259438.05
Q7100254,P301,959,0300,49.12
Q7100254,P501,948,0300,337945.98
Q7100254,P501,959,0300,49.8
Q6907286,P001,911,0300,0
Q6907286,P001,922,0300,0
Q6907286,P001,923,0300,0
Q6907286,P001,924,0300,0
Q6907286,P001,936,0300,0
Q6907286,P001,937,0300,0
Q6907286,P001,948,0300,0
Q6907286,P001,959,0300,0
Q6907286,P002,911,0300,0
Q6907286,P002,922,0300,0
Q6907286,P002,923,0300,0
Q6907286,P002,924,0300,0
Q6907286,P002,936,0300,0
Q6907286,P002,937,0300,0
Q6907286,P002,948,0300,0
Q6907286,P002,959,0300,0
Q6907286,P003,911,0300,0
Q6907286,P003,922,0300,0
Q6907286,P003,923,0300,0
Q6907286,P003,924,0300,0
Q6907286,P003,936,0300,0
Q6907286,P003,937,0300,0
Q6907286,P003,948,0300,0
Q6907286,P003,959,0300,0
Q7504010,P101,948,0300,87266
Q7504010,P101,959,0300,144
Q7504010,P201,948,0300,92006
Q7504010,P201,959,0300,140
Q7100254,P101,911,0306,10.62
Q7100254,P201,911,0306,0
Q7100254,P301,911,0306,10.82
Q7100254,P501,911,0306,2.53
Q6907286,P001,911,0306,0
Q6907286,P002,911,0306,0
Q6907286,P003,911,0306,0
Q7504010,P101,911,0306,2.1
Q7504010,P201,911,0306,2.2
Q7600375,P001,911,0306,5.00
Q7100254,P101,911,0312,10.61
Q7100254,P201,911,0312,0
Q7100254,P301,911,0312,13.05
Q7100254,P501,911,0312,2.56
Q6907286,P001,911,0312,0
Q6907286,P002,911,0312,0
Q6907286,P003,911,0312,0
Q7504010,P101,911,0312,2.1
Q7504010,P201,911,0312,2.2
Q7600375,P001,911,0312,5.00
Q7600375,P001,922,0315,28.63
Q7600375,P001,923,0315,87.30
Q7600375,P001,936,0315,8.35
Q7100254,P101,922,0315,16.96
Q7100254,P101,923,0315,192.3
Q7100254,P101,936,0315,7.88
Q7100254,P201,922,0315,0
Q7100254,P201,923,0315,0
Q7100254,P201,936,0315,0
Q7100254,P301,922,0315,16.15
Q7100254,P301,923,0315,52.79
Q7100254,P301,936,0315,5.6
Q7100254,P501,922,0315,21.8
Q7100254,P501,923,0315,47.5
Q7100254,P501,936,0315,5.88
Q6907286,P001,922,0315,0
Q6907286,P001,923,0315,0
Q6907286,P001,924,0315,0
Q6907286,P001,936,0315,0
Q6907286,P001,937,0315,0
Q6907286,P002,922,0315,0
Q6907286,P002,923,0315,0
Q6907286,P002,924,0315,0
Q6907286,P002,936,0315,0
Q6907286,P002,937,0315,0
Q6907286,P003,922,0315,0
Q6907286,P003,923,0315,0
Q6907286,P003,924,0315,0
Q6907286,P003,936,0315,0
Q6907286,P003,937,0315,0
Q7504010,P101,922,0315,12
Q7504010,P101,923,0315,69
Q7504010,P101,924,0315,17
Q7504010,P101,926,0315,12
Q7504010,P101,936,0315,8.8
Q7504010,P201,922,0315,7
Q7504010,P201,923,0315,79
Q7504010,P201,924,0315,3
Q7504010,P201,926,0315,8
Q7504010,P201,936,0315,8.4
Q7100254,P101,911,0318,10.63
Q7100254,P201,911,0318,0
Q7100254,P301,911,0318,11.07
Q7100254,P501,911,0318,2.54
Q7600375,P001,911,0318,5.06
Q6907286,P001,911,0318,0
Q6907286,P002,911,0318,0
Q6907286,P003,911,0318,0
Q7504010,P101,911,0318,2.1
Q7504010,P201,911,0318,2.2
Q7100254,P101,911,0324,10.88
Q7100254,P201,911,0324,0
Q7100254,P301,911,0324,10.82
Q7100254,P501,911,0324,2.54
Q6907286,P001,911,0324,0
Q6907286,P002,911,0324,0
Q6907286,P003,911,0324,0
Q7504010,P101,911,0324,2.1
Q7504010,P201,911,0324,2.2
Q7600375,P001,911,0324,5.00
Q7100254,P101,911,0330,10.61
Q7100254,P101,922,0330,16.35
Q7100254,P101,923,0330,193.3
Q7100254,P101,936,0330,7.9
Q7100254,P201,911,0330,0
Q7100254,P201,922,0330,0
Q7100254,P201,923,0330,0
Q7100254,P201,936,0330,0
Q7100254,P301,911,0330,10.81
Q7100254,P301,922,0330,16.79
Q7100254,P301,923,0330,54.03
Q7100254,P301,936,0330,5.61
Q7100254,P501,911,0330,2.61
Q7100254,P501,922,0330,20.26
Q7100254,P501,923,0330,46.25
Q7100254,P501,936,0330,5.83
Q6907286,P001,911,0330,0
Q6907286,P001,922,0330,0
Q6907286,P001,923,0330,0
Q6907286,P001,924,0330,0
Q6907286,P001,936,0330,0
Q6907286,P001,937,0330,0
Q6907286,P002,911,0330,0
Q6907286,P002,922,0330,0
Q6907286,P002,923,0330,0
Q6907286,P002,924,0330,0
Q6907286,P002,936,0330,0
Q6907286,P002,937,0330,0
Q6907286,P003,911,0330,0
Q6907286,P003,922,0330,0
Q6907286,P003,923,0330,0
Q6907286,P003,924,0330,0
Q6907286,P003,936,0330,0
Q6907286,P003,937,0330,0
Q7504010,P101,911,0330,2.1
Q7504010,P101,922,0330,11
Q7504010,P101,923,0330,82
Q7504010,P101,924,0330,4
Q7504010,P101,926,0330,10
Q7504010,P101,936,0330,10.1
Q7504010,P201,911,0330,2.1
Q7504010,P201,922,0330,10
Q7504010,P201,923,0330,74
Q7504010,P201,924,0330,8
Q7504010,P201,926,0330,9
Q7504010,P201,936,0330,8.0
Q7600375,P001,911,0330,5.00
Q7600375,P001,922,0330,29.14
Q7600375,P001,923,0330,82.15
Q7600375,P001,936,0330,8.33
Q7100254,P101,911,0336,10.63
Q7100254,P201,911,0336,0
Q7100254,P301,911,0336,10.78
Q7100254,P501,911,0336,2.56
Q6907286,P001,911,0336,0
Q6907286,P002,911,0336,0
Q6907286,P003,911,0336,0
Q7504010,P101,911,0336,2.1
Q7504010,P201,911,0336,2.2
Q7600375,P001,911,0336,5.00
Q7100254,P101,911,0342,10.61
Q7100254,P201,911,0342,0
Q7100254,P301,911,0342,10.83
Q7100254,P501,911,0342,2.54
Q6907286,P001,911,0342,0
Q6907286,P002,911,0342,0
Q6907286,P003,911,0342,0
Q7504010,P101,911,0342,2.1
Q7504010,P201,911,0342,2.2
Q7600375,P001,911,0342,5.03
Q7100254,P101,922,0345,15.68
Q7100254,P101,923,0345,191.9
Q7100254,P101,936,0345,7.95
Q7100254,P201,922,0345,0
Q7100254,P201,923,0345,0
Q7100254,P201,936,0345,0
Q7100254,P301,922,0345,17.08
Q7100254,P301,923,0345,49.19
Q7100254,P301,936,0345,5.61
Q7100254,P501,922,0345,22.17
Q7100254,P501,923,0345,47.01
Q7100254,P501,936,0345,5.91
Q6907286,P001,922,0345,0
Q6907286,P001,923,0345,0
Q6907286,P001,924,0345,0
Q6907286,P001,936,0345,0
Q6907286,P001,937,0345,0
Q6907286,P002,922,0345,0
Q6907286,P002,923,0345,0
Q6907286,P002,924,0345,0
Q6907286,P002,936,0345,0
Q6907286,P002,937,0345,0
Q6907286,P003,922,0345,0
Q6907286,P003,923,0345,0
Q6907286,P003,924,0345,0
Q6907286,P003,936,0345,0
Q6907286,P003,937,0345,0
Q7504010,P101,922,0345,9
Q7504010,P101,923,0345,69
Q7504010,P101,924,0345,31
Q7504010,P101,926,0345,8
Q7504010,P101,936,0345,9.4
Q7504010,P201,922,0345,14
Q7504010,P201,923,0345,66
Q7504010,P201,924,0345,9
Q7504010,P201,926,0345,14
Q7504010,P201,936,0345,8.0
Q7600375,P001,922,0345,30.04
Q7600375,P001,923,0345,84.46
Q7600375,P001,936,0345,8.43
Q7100254,P101,911,0348,10.61
Q7100254,P201,911,0348,0
Q7100254,P301,911,0348,10.8
Q7100254,P501,911,0348,2.55
Q6907286,P001,911,0348,0
Q6907286,P002,911,0348,0
Q6907286,P003,911,0348,0
Q7504010,P101,911,0348,2.1
Q7504010,P201,911,0348,2.2
Q7600375,P001,911,0348,5.00
Q7100254,P101,911,0354,10.64
Q7100254,P201,911,0354,0
Q7100254,P301,911,0354,10.79
Q7100254,P501,911,0354,2.56
Q6907286,P001,911,0354,0
Q6907286,P002,911,0354,0
Q6907286,P003,911,0354,0
Q7504010,P101,911,0354,2.1
Q7504010,P201,911,0354,2.2
Q7600375,P001,911,0354,5.00
Q7100254,P101,911,0400,10.87
Q7100254,P101,922,0400,15.99
Q7100254,P101,923,0400,190.6
Q7100254,P101,936,0400,7.96
Q7100254,P201,911,0400,0
Q7100254,P201,922,0400,0
Q7100254,P201,923,0400,0
Q7100254,P201,936,0400,0
Q7100254,P301,911,0400,10.81
Q7100254,P301,922,0400,16.22
Q7100254,P301,923,0400,47.75
Q7100254,P301,936,0400,5.63
Q7100254,P501,911,0400,2.54
Q7100254,P501,922,0400,22.36
Q7100254,P501,923,0400,47.12
Q7100254,P501,936,0400,5.93
Q7504010,P101,911,0400,2.1
Q7504010,P101,922,0400,15
Q7504010,P101,923,0400,73
Q7504010,P101,924,0400,14
Q7504010,P101,926,0400,11
Q7504010,P101,936,0400,9.0
Q7504010,P201,911,0400,2.2
Q7504010,P201,922,0400,9
Q7504010,P201,923,0400,79
Q7504010,P201,924,0400,3
Q7504010,P201,926,0400,9
Q7504010,P201,936,0400,9.0
Q7600375,P001,911,0400,5.00
Q7600375,P001,922,0400,31.06
Q7600375,P001,923,0400,84.45
Q7600375,P001,936,0400,8.36
Q7600375,P001,948,0400,105155
Q7600375,P001,959,0400,53.80
Q7100254,P101,948,0400,145782.89
Q7100254,P101,959,0400,46.4
Q7100254,P201,948,0400,0
Q7100254,P201,959,0400,0
Q7100254,P301,948,0400,260275.11
Q7100254,P301,959,0400,48.93
Q7100254,P501,948,0400,338084.37
Q7100254,P501,959,0400,50.23
Q6907286,P001,911,0400,0
Q6907286,P001,922,0400,0
Q6907286,P001,923,0400,0
Q6907286,P001,924,0400,0
Q6907286,P001,936,0400,0
Q6907286,P001,937,0400,0
Q6907286,P001,948,0400,0
Q6907286,P001,959,0400,0
Q6907286,P002,911,0400,0
Q6907286,P002,922,0400,0
Q6907286,P002,923,0400,0
Q6907286,P002,924,0400,0
Q6907286,P002,936,0400,0
Q6907286,P002,937,0400,0
Q6907286,P002,948,0400,0
Q6907286,P002,959,0400,0
Q6907286,P003,911,0400,0
Q6907286,P003,922,0400,0
Q6907286,P003,923,0400,0
Q6907286,P003,924,0400,0
Q6907286,P003,936,0400,0
Q6907286,P003,937,0400,0
Q6907286,P003,948,0400,0
Q6907286,P003,959,0400,0
Q7504010,P101,948,0400,92714
Q7504010,P101,959,0400,142
Q7504010,P201,948,0400,86195
Q7504010,P201,959,0400,139
Q7100254,P101,911,0406,10.6
Q7100254,P201,911,0406,0
Q7100254,P301,911,0406,10.83
Q7100254,P501,911,0406,2.56
Q6907286,P001,911,0406,0
Q6907286,P002,911,0406,0
Q6907286,P003,911,0406,0
Q7504010,P101,911,0406,2.1
Q7504010,P201,911,0406,2.2
Q7600375,P001,911,0406,5.06
Q7100254,P101,911,0412,10.63
Q7100254,P201,911,0412,0
Q7100254,P301,911,0412,12.89
Q7100254,P501,911,0412,11.2
Q6907286,P001,911,0412,0
Q6907286,P002,911,0412,0
Q6907286,P003,911,0412,0
Q7504010,P101,911,0412,2.1
Q7504010,P201,911,0412,2.2
Q7600375,P001,911,0412,5.00
Q7600375,P001,922,0415,29.25
Q7600375,P001,923,0415,83.66
Q7600375,P001,936,0415,8.39
Q7100254,P101,922,0415,15.72
Q7100254,P101,923,0415,189.3
Q7100254,P101,936,0415,7.98
Q7100254,P201,922,0415,0
Q7100254,P201,923,0415,0
Q7100254,P201,936,0415,0
Q7100254,P301,922,0415,16.28
Q7100254,P301,923,0415,54.42
Q7100254,P301,936,0415,5.52
Q7100254,P501,922,0415,22.65
Q7100254,P501,923,0415,47.24
Q7100254,P501,936,0415,5.95
Q6907286,P001,922,0415,0
Q6907286,P001,923,0415,0
Q6907286,P001,924,0415,0
Q6907286,P001,936,0415,0
Q6907286,P001,937,0415,0
Q6907286,P002,922,0415,0
Q6907286,P002,923,0415,0
Q6907286,P002,924,0415,0
Q6907286,P002,936,0415,0
Q6907286,P002,937,0415,0
Q6907286,P003,922,0415,0
Q6907286,P003,923,0415,0
Q6907286,P003,924,0415,0
Q6907286,P003,936,0415,0
Q6907286,P003,937,0415,0
Q7504010,P101,922,0415,15
Q7504010,P101,923,0415,71
Q7504010,P101,924,0415,6
Q7504010,P101,926,0415,9
Q7504010,P101,936,0415,8.3
Q7504010,P201,922,0415,12
Q7504010,P201,923,0415,84
Q7504010,P201,924,0415,3
Q7504010,P201,926,0415,14
Q7504010,P201,936,0415,9.7
Q7100254,P101,911,0418,10.62
Q7100254,P201,911,0418,0
Q7100254,P301,911,0418,11.01
Q7100254,P501,911,0418,3.13
Q7600375,P001,911,0418,5.00
Q6907286,P001,911,0418,0
Q6907286,P002,911,0418,0
Q6907286,P003,911,0418,0
Q7504010,P101,911,0418,2.2
Q7504010,P201,911,0418,2.2
Q7600375,P001,911,0424,5.00
Q7100254,P101,911,0424,10.62
Q7100254,P201,911,0424,0
Q7100254,P301,911,0424,10.8
Q7100254,P501,911,0424,2.61
Q6907286,P001,911,0424,0
Q6907286,P002,911,0424,0
Q6907286,P003,911,0424,0
Q7504010,P101,911,0424,2.1
Q7504010,P201,911,0424,2.2
Q7100254,P101,911,0430,10.64
Q7100254,P101,922,0430,15.38
Q7100254,P101,923,0430,189.5
Q7100254,P101,936,0430,7.99
Q7100254,P201,911,0430,0
Q7100254,P201,922,0430,0
Q7100254,P201,923,0430,0
Q7100254,P201,936,0430,0
Q7100254,P301,911,0430,10.85
Q7100254,P301,922,0430,16.49
Q7100254,P301,923,0430,54.24
Q7100254,P301,936,0430,5.53
Q7100254,P501,911,0430,2.6
Q7100254,P501,922,0430,21.9
Q7100254,P501,923,0430,46.81
Q7100254,P501,936,0430,5.94
Q6907286,P001,911,0430,0
Q6907286,P001,922,0430,0
Q6907286,P001,923,0430,0
Q6907286,P001,924,0430,0
Q6907286,P001,936,0430,0
Q6907286,P001,937,0430,0
Q6907286,P002,911,0430,0
Q6907286,P002,922,0430,0
Q6907286,P002,923,0430,0
Q6907286,P002,924,0430,0
Q6907286,P002,936,0430,0
Q6907286,P002,937,0430,0
Q6907286,P003,911,0430,0
Q6907286,P003,922,0430,0
Q6907286,P003,923,0430,0
Q6907286,P003,924,0430,0
Q6907286,P003,936,0430,0
Q6907286,P003,937,0430,0
Q7504010,P101,911,0430,2.1
Q7504010,P101,922,0430,14
Q7504010,P101,923,0430,72
Q7504010,P101,924,0430,17
Q7504010,P101,926,0430,9
Q7504010,P101,936,0430,8.4
Q7504010,P201,911,0430,2.2
Q7504010,P201,922,0430,11
Q7504010,P201,923,0430,74
Q7504010,P201,924,0430,5
Q7504010,P201,926,0430,10
Q7504010,P201,936,0430,8.5
Q7600375,P001,911,0430,5.03
Q7600375,P001,922,0430,27.69
Q7600375,P001,923,0430,85.34
Q7600375,P001,936,0430,8.50
Q7100254,P101,911,0436,10.87
Q7100254,P201,911,0436,0
Q7100254,P301,911,0436,10.82
Q7100254,P501,911,0436,2.6
Q6907286,P001,911,0436,0
Q6907286,P002,911,0436,0
Q6907286,P003,911,0436,0
Q7504010,P101,911,0436,2.1
Q7504010,P201,911,0436,2.2
Q7600375,P001,911,0436,5.00
Q7100254,P101,911,0442,10.62
Q7100254,P201,911,0442,0
Q7100254,P301,911,0442,10.82
Q7100254,P501,911,0442,2.58
Q6907286,P001,911,0442,0
Q6907286,P002,911,0442,0
Q6907286,P003,911,0442,0
Q7504010,P101,911,0442,2.1
Q7504010,P201,911,0442,2.2
Q7600375,P001,911,0442,5.00
Q7100254,P101,922,0445,15.09
Q7100254,P101,923,0445,189.7
Q7100254,P101,936,0445,8.09
Q7100254,P201,922,0445,0
Q7100254,P201,923,0445,0
Q7100254,P201,936,0445,0
Q7100254,P301,922,0445,17.03
Q7100254,P301,923,0445,50.31
Q7100254,P301,936,0445,5.52
Q7100254,P501,922,0445,21.3
Q7100254,P501,923,0445,47.65
Q7100254,P501,936,0445,5.98
Q6907286,P001,922,0445,0
Q6907286,P001,923,0445,0
Q6907286,P001,924,0445,0
Q6907286,P001,936,0445,0
Q6907286,P001,937,0445,0
Q6907286,P002,922,0445,0
Q6907286,P002,923,0445,0
Q6907286,P002,924,0445,0
Q6907286,P002,936,0445,0
Q6907286,P002,937,0445,0
Q6907286,P003,922,0445,0
Q6907286,P003,923,0445,0
Q6907286,P003,924,0445,0
Q6907286,P003,936,0445,0
Q6907286,P003,937,0445,0
Q7504010,P101,922,0445,16
Q7504010,P101,923,0445,70
Q7504010,P101,924,0445,35
Q7504010,P101,926,0445,9
Q7504010,P101,936,0445,8.6
Q7504010,P201,922,0445,11
Q7504010,P201,923,0445,82
Q7504010,P201,924,0445,5
Q7504010,P201,926,0445,13
Q7504010,P201,936,0445,9.8
Q7600375,P001,922,0445,26.79
Q7600375,P001,923,0445,84.71
Q7600375,P001,936,0445,8.55
Q7100254,P101,911,0448,10.62
Q7100254,P201,911,0448,0
Q7100254,P301,911,0448,10.82
Q7100254,P501,911,0448,2.58
Q6907286,P001,911,0448,0
Q6907286,P002,911,0448,0
Q6907286,P003,911,0448,0
Q7504010,P101,911,0448,2.1
Q7504010,P201,911,0448,2.2
Q7600375,P001,911,0448,5.00
Q7100254,P101,911,0454,10.6
Q7100254,P201,911,0454,0
Q7100254,P301,911,0454,10.92
Q7100254,P501,911,0454,2.59
Q6907286,P001,911,0454,0
Q6907286,P002,911,0454,0
Q6907286,P003,911,0454,0
Q7504010,P101,911,0454,2.2
Q7504010,P201,911,0454,2.2
Q7600375,P001,911,0454,5.03
Q7100254,P101,911,0500,10.61
Q7100254,P101,922,0500,15.64
Q7100254,P101,923,0500,189.6
Q7100254,P101,936,0500,8.11
Q7100254,P201,911,0500,0
Q7100254,P201,922,0500,0
Q7100254,P201,923,0500,0
Q7100254,P201,936,0500,0
Q7100254,P301,911,0500,10.84
Q7100254,P301,922,0500,15.66
Q7100254,P301,923,0500,49.35
Q7100254,P301,936,0500,5.53
Q7100254,P501,911,0500,2.58
Q7100254,P501,922,0500,21.48
Q7100254,P501,923,0500,46.98
Q7100254,P501,936,0500,6.04
Q7504010,P101,911,0500,2.1
Q7504010,P101,922,0500,14
Q7504010,P101,923,0500,73
Q7504010,P101,924,0500,5
Q7504010,P101,926,0500,7
Q7504010,P101,936,0500,8.8
Q7504010,P201,911,0500,2.2
Q7504010,P201,922,0500,14
Q7504010,P201,923,0500,79
Q7504010,P201,924,0500,9
Q7504010,P201,926,0500,12
Q7504010,P201,936,0500,7.9
Q7600375,P001,911,0500,5.00
Q7600375,P001,922,0500,28.74
Q7600375,P001,923,0500,84.81
Q7600375,P001,936,0500,8.46
Q7600375,P001,948,0500,106137
Q7600375,P001,959,0500,53.57
Q7100254,P101,948,0500,144670.31
Q7100254,P101,959,0500,46.24
Q7100254,P201,948,0500,0
Q7100254,P201,959,0500,0
Q7100254,P301,948,0500,261217.39
Q7100254,P301,959,0500,48.83
Q7100254,P501,948,0500,336560.52
Q7100254,P501,959,0500,49.89
Q6907286,P001,911,0500,0
Q6907286,P001,922,0500,0
Q6907286,P001,923,0500,0
Q6907286,P001,924,0500,0
Q6907286,P001,936,0500,0
Q6907286,P001,937,0500,0
Q6907286,P001,948,0500,0
Q6907286,P001,959,0500,0
Q6907286,P002,911,0500,0
Q6907286,P002,922,0500,0
Q6907286,P002,923,0500,0
Q6907286,P002,924,0500,0
Q6907286,P002,936,0500,0
Q6907286,P002,937,0500,0
Q6907286,P002,948,0500,0
Q6907286,P002,959,0500,0
Q6907286,P003,911,0500,0
Q6907286,P003,922,0500,0
Q6907286,P003,923,0500,0
Q6907286,P003,924,0500,0
Q6907286,P003,936,0500,0
Q6907286,P003,937,0500,0
Q6907286,P003,948,0500,0
Q6907286,P003,959,0500,0
Q7504010,P101,948,0500,90133
Q7504010,P101,959,0500,143
Q7504010,P201,948,0500,89213
Q7504010,P201,959,0500,140
Q7100254,P101,911,0506,10.64
Q7100254,P201,911,0506,0
Q7100254,P301,911,0506,10.84
Q7100254,P501,911,0506,2.74
Q6907286,P001,911,0506,0
Q6907286,P002,911,0506,0
Q6907286,P003,911,0506,0
Q7504010,P101,911,0506,2.1
Q7504010,P201,911,0506,2.2
Q7600375,P001,911,0506,5.00
Q7100254,P101,911,0512,10.86
Q7100254,P201,911,0512,0
Q7100254,P301,911,0512,13.07
Q7100254,P501,911,0512,2.61
Q6907286,P001,911,0512,0
Q6907286,P002,911,0512,0
Q6907286,P003,911,0512,0
Q7504010,P101,911,0512,2.2
Q7504010,P201,911,0512,2.2
Q7600375,P001,911,0512,5.00
Q7600375,P001,922,0515,24.18
Q7600375,P001,923,0515,84.37
Q7600375,P001,936,0515,8.53
Q7100254,P101,922,0515,15.11
Q7100254,P101,923,0515,189.1
Q7100254,P101,936,0515,8.07
Q7100254,P201,922,0515,0
Q7100254,P201,923,0515,0
Q7100254,P201,936,0515,0
Q7100254,P301,922,0515,15.24
Q7100254,P301,923,0515,52.63
Q7100254,P301,936,0515,5.49
Q7100254,P501,922,0515,21.19
Q7100254,P501,923,0515,46.9
Q7100254,P501,936,0515,6.09
Q6907286,P001,922,0515,0
Q6907286,P001,923,0515,0
Q6907286,P001,924,0515,0
Q6907286,P001,936,0515,0
Q6907286,P001,937,0515,0
Q6907286,P002,922,0515,0
Q6907286,P002,923,0515,0
Q6907286,P002,924,0515,0
Q6907286,P002,936,0515,0
Q6907286,P002,937,0515,0
Q6907286,P003,922,0515,0
Q6907286,P003,923,0515,0
Q6907286,P003,924,0515,0
Q6907286,P003,936,0515,0
Q6907286,P003,937,0515,0
Q7504010,P101,922,0515,12
Q7504010,P101,923,0515,80
Q7504010,P101,924,0515,1
Q7504010,P101,926,0515,6
Q7504010,P101,936,0515,9.3
Q7504010,P201,922,0515,7
Q7504010,P201,923,0515,85
Q7504010,P201,924,0515,3
Q7504010,P201,926,0515,9
Q7504010,P201,936,0515,9.8
Q7600375,P001,911,0518,5.00
Q7100254,P101,911,0518,10.6
Q7100254,P201,911,0518,0
Q7100254,P301,911,0518,11.02
Q7100254,P501,911,0518,2.61
Q6907286,P001,911,0518,0
Q6907286,P002,911,0518,0
Q6907286,P003,911,0518,0
Q7504010,P101,911,0518,2.1
Q7504010,P201,911,0518,2.2
Q7100254,P101,911,0524,10.61
Q7100254,P201,911,0524,0
Q7100254,P301,911,0524,10.81
Q7100254,P501,911,0524,2.61
Q6907286,P001,911,0524,0
Q6907286,P002,911,0524,0
Q6907286,P003,911,0524,0
Q7504010,P101,911,0524,2.1
Q7504010,P201,911,0524,2.2
Q7600375,P001,911,0524,5.00
Q7100254,P101,911,0530,10.59
Q7100254,P101,922,0530,15.7
Q7100254,P101,923,0530,186.4
Q7100254,P101,936,0530,8.04
Q7100254,P201,911,0530,0
Q7100254,P201,922,0530,0
Q7100254,P201,923,0530,0
Q7100254,P201,936,0530,0
Q7100254,P301,911,0530,10.84
Q7100254,P301,922,0530,15.66
Q7100254,P301,923,0530,51.17
Q7100254,P301,936,0530,5.46
Q7100254,P501,911,0530,2.63
Q7100254,P501,922,0530,20.87
Q7100254,P501,923,0530,45.74
Q7100254,P501,936,0530,5.91
Q6907286,P001,911,0530,0
Q6907286,P001,922,0530,0
Q6907286,P001,923,0530,0
Q6907286,P001,924,0530,0
Q6907286,P001,936,0530,0
Q6907286,P001,937,0530,0
Q6907286,P002,911,0530,0
Q6907286,P002,922,0530,0
Q6907286,P002,923,0530,0
Q6907286,P002,924,0530,0
Q6907286,P002,936,0530,0
Q6907286,P002,937,0530,0
Q6907286,P003,911,0530,0
Q6907286,P003,922,0530,0
Q6907286,P003,923,0530,0
Q6907286,P003,924,0530,0
Q6907286,P003,936,0530,0
Q6907286,P003,937,0530,0
Q7504010,P101,911,0530,2.2
Q7504010,P101,922,0530,13
Q7504010,P101,923,0530,82
Q7504010,P101,924,0530,2
Q7504010,P101,926,0530,7
Q7504010,P101,936,0530,9.3
Q7504010,P201,911,0530,2.2
Q7504010,P201,922,0530,14
Q7504010,P201,923,0530,94
Q7504010,P201,924,0530,2
Q7504010,P201,926,0530,15
Q7504010,P201,936,0530,10.4
Q7600375,P001,911,0530,5.00
Q7600375,P001,922,0530,20.42
Q7600375,P001,923,0530,84.62
Q7600375,P001,936,0530,8.50
Q7100254,P101,911,0536,10.59
Q7100254,P201,911,0536,0
Q7100254,P301,911,0536,10.89
Q7100254,P501,911,0536,2.63
Q6907286,P001,911,0536,0
Q6907286,P002,911,0536,0
Q6907286,P003,911,0536,0
Q7504010,P101,911,0536,2.1
Q7504010,P201,911,0536,2.2
Q7600375,P001,911,0536,5.00
Q7100254,P101,911,0542,10.61
Q7100254,P201,911,0542,0
Q7100254,P301,911,0542,10.9
Q7100254,P501,911,0542,2.64
Q6907286,P001,911,0542,0
Q6907286,P002,911,0542,0
Q6907286,P003,911,0542,0
Q7504010,P101,911,0542,2.1
Q7504010,P201,911,0542,2.2
Q7600375,P001,911,0542,5.00
Q7100254,P101,922,0545,15.09
Q7100254,P101,923,0545,188.6
Q7100254,P101,936,0545,8.14
Q7100254,P201,922,0545,0
Q7100254,P201,923,0545,0
Q7100254,P201,936,0545,0
Q7100254,P301,922,0545,16.09
Q7100254,P301,923,0545,52.35
Q7100254,P301,936,0545,5.53
Q7100254,P501,922,0545,20.83
Q7100254,P501,923,0545,47.95
Q7100254,P501,936,0545,5.97
Q6907286,P001,922,0545,0
Q6907286,P001,923,0545,0
Q6907286,P001,924,0545,0
Q6907286,P001,936,0545,0
Q6907286,P001,937,0545,0
Q6907286,P002,922,0545,0
Q6907286,P002,923,0545,0
Q6907286,P002,924,0545,0
Q6907286,P002,936,0545,0
Q6907286,P002,937,0545,0
Q6907286,P003,922,0545,0
Q6907286,P003,923,0545,0
Q6907286,P003,924,0545,0
Q6907286,P003,936,0545,0
Q6907286,P003,937,0545,0
Q7504010,P101,922,0545,0
Q7504010,P101,923,0545,0
Q7504010,P101,924,0545,0
Q7504010,P101,926,0545,0
Q7504010,P101,936,0545,0
Q7504010,P201,922,0545,7
Q7504010,P201,923,0545,86
Q7504010,P201,924,0545,4
Q7504010,P201,926,0545,8
Q7504010,P201,936,0545,8.9
Q7600375,P001,922,0545,16.56
Q7600375,P001,923,0545,86.21
Q7600375,P001,936,0545,8.57
Q7100254,P101,911,0548,10.87
Q7100254,P201,911,0548,0
Q7100254,P301,911,0548,10.83
Q7100254,P501,911,0548,2.64
Q6907286,P001,911,0548,0
Q6907286,P002,911,0548,0
Q6907286,P003,911,0548,0
Q7504010,P101,911,0548,2.2
Q7504010,P201,911,0548,2.2
Q7600375,P001,911,0548,5.00
Q7100254,P101,911,0554,10.6
Q7100254,P201,911,0554,0
Q7100254,P301,911,0554,10.82
Q7100254,P501,911,0554,2.68
Q6907286,P001,911,0554,0
Q6907286,P002,911,0554,0
Q6907286,P003,911,0554,0
Q7504010,P101,911,0554,2.2
Q7504010,P201,911,0554,2.2
Q7600375,P001,911,0554,5.00
Q7100254,P101,911,0600,10.61
Q7100254,P101,922,0600,14.54
Q7100254,P101,923,0600,180.2
Q7100254,P101,936,0600,7.78
Q7100254,P201,911,0600,0
Q7100254,P201,922,0600,0
Q7100254,P201,923,0600,0
Q7100254,P201,936,0600,0
Q7100254,P301,911,0600,10.82
Q7100254,P301,922,0600,16.31
Q7100254,P301,923,0600,51.69
Q7100254,P301,936,0600,5.55
Q7100254,P501,911,0600,2.77
Q7100254,P501,922,0600,21.21
Q7100254,P501,923,0600,46.44
Q7100254,P501,936,0600,5.98
Q7504010,P101,911,0600,2.2
Q7504010,P101,922,0600,0
Q7504010,P101,923,0600,0
Q7504010,P101,924,0600,0
Q7504010,P101,926,0600,0
Q7504010,P101,936,0600,0
Q7504010,P201,911,0600,2.2
Q7504010,P201,922,0600,15
Q7504010,P201,923,0600,77
Q7504010,P201,924,0600,3
Q7504010,P201,926,0600,11
Q7504010,P201,936,0600,8.6
Q7600375,P001,911,0600,5.00
Q7600375,P001,922,0600,21.91
Q7600375,P001,923,0600,84.72
Q7600375,P001,936,0600,8.54
Q7600375,P001,948,0600,103057
Q7600375,P001,959,0600,53.76
Q7100254,P101,948,0600,150420.45
Q7100254,P101,959,0600,46.56
Q7100254,P201,948,0600,0
Q7100254,P201,959,0600,0
Q7100254,P301,948,0600,264274.82
Q7100254,P301,959,0600,49.33
Q7100254,P501,948,0600,337061.69
Q7100254,P501,959,0600,50.12
Q6907286,P001,911,0600,0
Q6907286,P001,922,0600,0
Q6907286,P001,923,0600,0
Q6907286,P001,924,0600,0
Q6907286,P001,936,0600,0
Q6907286,P001,937,0600,0
Q6907286,P001,948,0600,0
Q6907286,P001,959,0600,0
Q6907286,P002,911,0600,0
Q6907286,P002,922,0600,0
Q6907286,P002,923,0600,0
Q6907286,P002,924,0600,0
Q6907286,P002,936,0600,0
Q6907286,P002,937,0600,0
Q6907286,P002,948,0600,0
Q6907286,P002,959,0600,0
Q6907286,P003,911,0600,0
Q6907286,P003,922,0600,0
Q6907286,P003,923,0600,0
Q6907286,P003,924,0600,0
Q6907286,P003,936,0600,0
Q6907286,P003,937,0600,0
Q6907286,P003,948,0600,0
Q6907286,P003,959,0600,0
Q7504010,P101,948,0600,85785
Q7504010,P101,959,0600,142
Q7504010,P201,948,0600,89828
Q7504010,P201,959,0600,140
Q7100254,P101,911,0606,10.59
Q7100254,P201,911,0606,0
Q7100254,P301,911,0606,10.92
Q7100254,P501,911,0606,2.65
Q6907286,P001,911,0606,0
Q6907286,P002,911,0606,0
Q6907286,P003,911,0606,0
Q7504010,P101,911,0606,2.2
Q7504010,P201,911,0606,2.2
Q7600375,P001,911,0606,5.00
Q7100254,P101,911,0612,10.57
Q7100254,P201,911,0612,0
Q7100254,P301,911,0612,13.27
Q7100254,P501,911,0612,2.65
Q6907286,P001,911,0612,0
Q6907286,P002,911,0612,0
Q6907286,P003,911,0612,0
Q7504010,P101,911,0612,2.2
Q7504010,P201,911,0612,2.2
Q7600375,P001,911,0612,5.00
Q7600375,P001,922,0615,13.49
Q7600375,P001,923,0615,85.62
Q7600375,P001,936,0615,8.51
Q7100254,P101,922,0615,14.87
Q7100254,P101,923,0615,167.3
Q7100254,P101,936,0615,7.38
Q7100254,P201,922,0615,0
Q7100254,P201,923,0615,0
Q7100254,P201,936,0615,0
Q7100254,P301,922,0615,15.52
Q7100254,P301,923,0615,49.46
Q7100254,P301,936,0615,5.45
Q7100254,P501,922,0615,20.92
Q7100254,P501,923,0615,47.78
Q7100254,P501,936,0615,6.01
Q6907286,P001,922,0615,0
Q6907286,P001,923,0615,0
Q6907286,P001,924,0615,0
Q6907286,P001,936,0615,0
Q6907286,P001,937,0615,0
Q6907286,P002,922,0615,0
Q6907286,P002,923,0615,0
Q6907286,P002,924,0615,0
Q6907286,P002,936,0615,0
Q6907286,P002,937,0615,0
Q6907286,P003,922,0615,0
Q6907286,P003,923,0615,0
Q6907286,P003,924,0615,0
Q6907286,P003,936,0615,0
Q6907286,P003,937,0615,0
Q7504010,P101,922,0615,16
Q7504010,P101,923,0615,64
Q7504010,P101,924,0615,18
Q7504010,P101,926,0615,11
Q7504010,P101,936,0615,8.8
Q7504010,P201,922,0615,15
Q7504010,P201,923,0615,73
Q7504010,P201,924,0615,5
Q7504010,P201,926,0615,12
Q7504010,P201,936,0615,9.6
Q7100254,P101,911,0618,10.58
Q7100254,P201,911,0618,0
Q7100254,P301,911,0618,10.99
Q7100254,P501,911,0618,2.67
Q7600375,P001,911,0618,5.00
Q6907286,P001,911,0618,0
Q6907286,P002,911,0618,0
Q6907286,P003,911,0618,0
Q7504010,P101,911,0618,2.2
Q7504010,P201,911,0618,2.2
Q7100254,P101,911,0624,10.82
Q7100254,P201,911,0624,0
Q7100254,P301,911,0624,10.86
Q7100254,P501,911,0624,2.69
Q6907286,P001,911,0624,0
Q6907286,P002,911,0624,0
Q6907286,P003,911,0624,0
Q7504010,P101,911,0624,2.2
Q7504010,P201,911,0624,2.2
Q7600375,P001,911,0624,5.00
Q7100254,P101,911,0630,10.6
Q7100254,P101,922,0630,15.2
Q7100254,P101,923,0630,166.0
Q7100254,P101,936,0630,7.45
Q7100254,P201,911,0630,0
Q7100254,P201,922,0630,0
Q7100254,P201,923,0630,0
Q7100254,P201,936,0630,0
Q7100254,P301,911,0630,10.91
Q7100254,P301,922,0630,14.66
Q7100254,P301,923,0630,52.55
Q7100254,P301,936,0630,5.41
Q7100254,P501,911,0630,2.7
Q7100254,P501,922,0630,21.5
Q7100254,P501,923,0630,47.49
Q7100254,P501,936,0630,6.11
Q6907286,P001,911,0630,0
Q6907286,P001,922,0630,0
Q6907286,P001,923,0630,0
Q6907286,P001,924,0630,0
Q6907286,P001,936,0630,0
Q6907286,P001,937,0630,0
Q6907286,P002,911,0630,0
Q6907286,P002,922,0630,0
Q6907286,P002,923,0630,0
Q6907286,P002,924,0630,0
Q6907286,P002,936,0630,0
Q6907286,P002,937,0630,0
Q6907286,P003,911,0630,0
Q6907286,P003,922,0630,0
Q6907286,P003,923,0630,0
Q6907286,P003,924,0630,0
Q6907286,P003,936,0630,0
Q6907286,P003,937,0630,0
Q7504010,P101,911,0630,2.2
Q7504010,P101,922,0630,15
Q7504010,P101,923,0630,67
Q7504010,P101,924,0630,49
Q7504010,P101,926,0630,10
Q7504010,P101,936,0630,8.7
Q7504010,P201,911,0630,2.2
Q7504010,P201,922,0630,14
Q7504010,P201,923,0630,76
Q7504010,P201,924,0630,6
Q7504010,P201,926,0630,12
Q7504010,P201,936,0630,9.2
Q7600375,P001,911,0630,5.00
Q7600375,P001,922,0630,12.59
Q7600375,P001,923,0630,83.88
Q7600375,P001,936,0630,8.43
Q7100254,P101,911,0636,10.61
Q7100254,P201,911,0636,0
Q7100254,P301,911,0636,10.85
Q7100254,P501,911,0636,2.71
Q6907286,P001,911,0636,0
Q6907286,P002,911,0636,0
Q6907286,P003,911,0636,0
Q7504010,P101,911,0636,2.2
Q7504010,P201,911,0636,2.2
Q7600375,P001,911,0636,4.97
Q7100254,P101,911,0642,10.59
Q7100254,P201,911,0642,0
Q7100254,P301,911,0642,11.11
Q7100254,P501,911,0642,2.69
Q6907286,P001,911,0642,0
Q6907286,P002,911,0642,0
Q6907286,P003,911,0642,0
Q7504010,P101,911,0642,2.2
Q7504010,P201,911,0642,2.2
Q7600375,P001,911,0642,4.97
Q7100254,P101,922,0645,14.48
Q7100254,P101,923,0645,167.8
Q7100254,P101,936,0645,7.57
Q7100254,P201,922,0645,0
Q7100254,P201,923,0645,0
Q7100254,P201,936,0645,0
Q7100254,P301,922,0645,17.04
Q7100254,P301,923,0645,52.6
Q7100254,P301,936,0645,5.39
Q7100254,P501,922,0645,21.91
Q7100254,P501,923,0645,47.42
Q7100254,P501,936,0645,6.22
Q6907286,P001,922,0645,0
Q6907286,P001,923,0645,0
Q6907286,P001,924,0645,0
Q6907286,P001,936,0645,0
Q6907286,P001,937,0645,0
Q6907286,P002,922,0645,0
Q6907286,P002,923,0645,0
Q6907286,P002,924,0645,0
Q6907286,P002,936,0645,0
Q6907286,P002,937,0645,0
Q6907286,P003,922,0645,0
Q6907286,P003,923,0645,0
Q6907286,P003,924,0645,0
Q6907286,P003,936,0645,0
Q6907286,P003,937,0645,0
Q7504010,P101,922,0645,10
Q7504010,P101,923,0645,93
Q7504010,P101,924,0645,6
Q7504010,P101,926,0645,8
Q7504010,P101,936,0645,10.3
Q7504010,P201,922,0645,0
Q7504010,P201,923,0645,0
Q7504010,P201,924,0645,0
Q7504010,P201,926,0645,0
Q7504010,P201,936,0645,0
Q7600375,P001,922,0645,11.78
Q7600375,P001,923,0645,84.15
Q7600375,P001,936,0645,8.42
Q7100254,P101,911,0648,10.59
Q7100254,P201,911,0648,0
Q7100254,P301,911,0648,10.97
Q7100254,P501,911,0648,2.84
Q6907286,P001,911,0648,0
Q6907286,P002,911,0648,0
Q6907286,P003,911,0648,0
Q7504010,P101,911,0648,2.2
Q7504010,P201,911,0648,2.2
Q7600375,P001,911,0648,4.94
Q7100254,P101,911,0654,10.62
Q7100254,P201,911,0654,0
Q7100254,P301,911,0654,10.95
Q7100254,P501,911,0654,2.74
Q6907286,P001,911,0654,0
Q6907286,P002,911,0654,0
Q6907286,P003,911,0654,0
Q7504010,P101,911,0654,2.2
Q7504010,P201,911,0654,2.2
Q7600375,P001,911,0654,5.03
Q7100254,P101,911,0700,10.83
Q7100254,P101,922,0700,14.95
Q7100254,P101,923,0700,166.6
Q7100254,P101,936,0700,7.57
Q7100254,P201,911,0700,0
Q7100254,P201,922,0700,0
Q7100254,P201,923,0700,0
Q7100254,P201,936,0700,0
Q7100254,P301,911,0700,10.89
Q7100254,P301,922,0700,16.75
Q7100254,P301,923,0700,46.37
Q7100254,P301,936,0700,5.4
Q7100254,P501,911,0700,2.72
Q7100254,P501,922,0700,22.2
Q7100254,P501,923,0700,47.25
Q7100254,P501,936,0700,6.24
Q7504010,P101,911,0700,2.2
Q7504010,P101,922,0700,14
Q7504010,P101,923,0700,83
Q7504010,P101,924,0700,1
Q7504010,P101,926,0700,12
Q7504010,P101,936,0700,9.5
Q7504010,P201,911,0700,2.2
Q7504010,P201,922,0700,0
Q7504010,P201,923,0700,0
Q7504010,P201,924,0700,0
Q7504010,P201,926,0700,0
Q7504010,P201,936,0700,0
Q7600375,P001,911,0700,5.00
Q7600375,P001,922,0700,13.01
Q7600375,P001,923,0700,84.13
Q7600375,P001,936,0700,8.47
Q7600375,P001,948,0700,106099
Q7600375,P001,959,0700,53.72
Q7100254,P101,948,0700,150481.79
Q7100254,P101,959,0700,46.92
Q7100254,P201,948,0700,0
Q7100254,P201,959,0700,0
Q7100254,P301,948,0700,268234.7
Q7100254,P301,959,0700,49.89
Q7100254,P501,948,0700,338568.26
Q7100254,P501,959,0700,50.72
Q6907286,P001,911,0700,0
Q6907286,P001,922,0700,0
Q6907286,P001,923,0700,0
Q6907286,P001,924,0700,0
Q6907286,P001,936,0700,0
Q6907286,P001,937,0700,0
Q6907286,P001,948,0700,0
Q6907286,P001,959,0700,0
Q6907286,P002,911,0700,0
Q6907286,P002,922,0700,0
Q6907286,P002,923,0700,0
Q6907286,P002,924,0700,0
Q6907286,P002,936,0700,0
Q6907286,P002,937,0700,0
Q6907286,P002,948,0700,0
Q6907286,P002,959,0700,0
Q6907286,P003,911,0700,0
Q6907286,P003,922,0700,0
Q6907286,P003,923,0700,0
Q6907286,P003,924,0700,0
Q6907286,P003,936,0700,0
Q6907286,P003,937,0700,0
Q6907286,P003,948,0700,0
Q6907286,P003,959,0700,0
Q7504010,P101,948,0700,87841
Q7504010,P101,959,0700,143
Q7504010,P201,948,0700,77956
Q7504010,P201,959,0700,139
Q7100254,P101,911,0706,10.59
Q7100254,P201,911,0706,0
Q7100254,P301,911,0706,10.91
Q7100254,P501,911,0706,2.71
Q6907286,P001,911,0706,0
Q6907286,P002,911,0706,0
Q6907286,P003,911,0706,0
Q7504010,P101,911,0706,2.2
Q7504010,P201,911,0706,2.2
Q7600375,P001,911,0706,4.94
Q7100254,P101,911,0712,10.6
Q7100254,P201,911,0712,0
Q7100254,P301,911,0712,13.56
Q7100254,P501,911,0712,2.68
Q6907286,P001,911,0712,0
Q6907286,P002,911,0712,0
Q6907286,P003,911,0712,0
Q7504010,P101,911,0712,2.2
Q7504010,P201,911,0712,2.2
Q7600375,P001,911,0712,5.00
Q7600375,P001,922,0715,13.14
Q7600375,P001,923,0715,85.87
Q7600375,P001,936,0715,8.34
Q7100254,P101,922,0715,15.09
Q7100254,P101,923,0715,168.7
Q7100254,P101,936,0715,7.51
Q7100254,P201,922,0715,0
Q7100254,P201,923,0715,0
Q7100254,P201,936,0715,0
Q7100254,P301,922,0715,16.84
Q7100254,P301,923,0715,44.32
Q7100254,P301,936,0715,5.37
Q7100254,P501,922,0715,21.99
Q7100254,P501,923,0715,47.31
Q7100254,P501,936,0715,6.2
Q6907286,P001,922,0715,0
Q6907286,P001,923,0715,0
Q6907286,P001,924,0715,0
Q6907286,P001,936,0715,0
Q6907286,P001,937,0715,0
Q6907286,P002,922,0715,0
Q6907286,P002,923,0715,0
Q6907286,P002,924,0715,0
Q6907286,P002,936,0715,0
Q6907286,P002,937,0715,0
Q6907286,P003,922,0715,0
Q6907286,P003,923,0715,0
Q6907286,P003,924,0715,0
Q6907286,P003,936,0715,0
Q6907286,P003,937,0715,0
Q7504010,P101,922,0715,13
Q7504010,P101,923,0715,73
Q7504010,P101,924,0715,13
Q7504010,P101,926,0715,11
Q7504010,P101,936,0715,8.4
Q7504010,P201,922,0715,9
Q7504010,P201,923,0715,97
Q7504010,P201,924,0715,2
Q7504010,P201,926,0715,9
Q7504010,P201,936,0715,11.1
Q7600375,P001,911,0718,5.03
Q7100254,P101,911,0718,10.59
Q7100254,P201,911,0718,0
Q7100254,P301,911,0718,11.08
Q7100254,P501,911,0718,2.65
Q6907286,P001,911,0718,0
Q6907286,P002,911,0718,0
Q6907286,P003,911,0718,0
Q7504010,P101,911,0718,2.2
Q7504010,P201,911,0718,2.2
Q7100254,P101,911,0724,10.59
Q7100254,P201,911,0724,0
Q7100254,P301,911,0724,10.85
Q7100254,P501,911,0724,2.65
Q6907286,P001,911,0724,0
Q6907286,P002,911,0724,0
Q6907286,P003,911,0724,0
Q7504010,P101,911,0724,2.2
Q7504010,P201,911,0724,2.2
Q7600375,P001,911,0724,5.00
Q7100254,P101,911,0730,10.63
Q7100254,P101,922,0730,14.88
Q7100254,P101,923,0730,170.4
Q7100254,P101,936,0730,7.53
Q7100254,P201,911,0730,0
Q7100254,P201,922,0730,0
Q7100254,P201,923,0730,0
Q7100254,P201,936,0730,0
Q7100254,P301,911,0730,11.18
Q7100254,P301,922,0730,17.43
Q7100254,P301,923,0730,49.01
Q7100254,P301,936,0730,5.3
Q7100254,P501,911,0730,2.61
Q7100254,P501,922,0730,21.96
Q7100254,P501,923,0730,46.46
Q7100254,P501,936,0730,6.17
Q6907286,P001,911,0730,0
Q6907286,P001,922,0730,0
Q6907286,P001,923,0730,0
Q6907286,P001,924,0730,0
Q6907286,P001,936,0730,0
Q6907286,P001,937,0730,0
Q6907286,P002,911,0730,0
Q6907286,P002,922,0730,0
Q6907286,P002,923,0730,0
Q6907286,P002,924,0730,0
Q6907286,P002,936,0730,0
Q6907286,P002,937,0730,0
Q6907286,P003,911,0730,0
Q6907286,P003,922,0730,0
Q6907286,P003,923,0730,0
Q6907286,P003,924,0730,0
Q6907286,P003,936,0730,0
Q6907286,P003,937,0730,0
Q7504010,P101,911,0730,2.2
Q7504010,P101,922,0730,11
Q7504010,P101,923,0730,76
Q7504010,P101,924,0730,8
Q7504010,P101,926,0730,9
Q7504010,P101,936,0730,8.5
Q7504010,P201,911,0730,2.2
Q7504010,P201,922,0730,13
Q7504010,P201,923,0730,101
Q7504010,P201,924,0730,4
Q7504010,P201,926,0730,14
Q7504010,P201,936,0730,10.7
Q7600375,P001,911,0730,9.11
Q7600375,P001,922,0730,13.82
Q7600375,P001,923,0730,82.34
Q7600375,P001,936,0730,8.35
Q7100254,P101,911,0736,10.87
Q7100254,P201,911,0736,0
Q7100254,P301,911,0736,11.53
Q7100254,P501,911,0736,2.66
Q6907286,P001,911,0736,0
Q6907286,P002,911,0736,0
Q6907286,P003,911,0736,0
Q7504010,P101,911,0736,2.2
Q7504010,P201,911,0736,2.2
Q7600375,P001,911,0736,17.83
Q7100254,P101,911,0742,10.64
Q7100254,P201,911,0742,0
Q7100254,P301,911,0742,11.98
Q7100254,P501,911,0742,2.59
Q6907286,P001,911,0742,0
Q6907286,P002,911,0742,0
Q6907286,P003,911,0742,0
Q7504010,P101,911,0742,2.2
Q7504010,P201,911,0742,2.2
Q7600375,P001,911,0742,14.94
Q7100254,P101,922,0745,15.02
Q7100254,P101,923,0745,171.3
Q7100254,P101,936,0745,7.55
Q7100254,P201,922,0745,0
Q7100254,P201,923,0745,0
Q7100254,P201,936,0745,0
Q7100254,P301,922,0745,18.54
Q7100254,P301,923,0745,55.05
Q7100254,P301,936,0745,5.27
Q7100254,P501,922,0745,18.99
Q7100254,P501,923,0745,47.31
Q7100254,P501,936,0745,6.1
Q6907286,P001,922,0745,0
Q6907286,P001,923,0745,0
Q6907286,P001,924,0745,0
Q6907286,P001,936,0745,0
Q6907286,P001,937,0745,0
Q6907286,P002,922,0745,0
Q6907286,P002,923,0745,0
Q6907286,P002,924,0745,0
Q6907286,P002,936,0745,0
Q6907286,P002,937,0745,0
Q6907286,P003,922,0745,0
Q6907286,P003,923,0745,0
Q6907286,P003,924,0745,0
Q6907286,P003,936,0745,0
Q6907286,P003,937,0745,0
Q7504010,P101,922,0745,13
Q7504010,P101,923,0745,82
Q7504010,P101,924,0745,2
Q7504010,P101,926,0745,11
Q7504010,P101,936,0745,9.4
Q7504010,P201,922,0745,5
Q7504010,P201,923,0745,78
Q7504010,P201,924,0745,17
Q7504010,P201,926,0745,5
Q7504010,P201,936,0745,8.6
Q7600375,P001,922,0745,14.88
Q7600375,P001,923,0745,84.12
Q7600375,P001,936,0745,8.52
Q7100254,P101,911,0748,10.65
Q7100254,P201,911,0748,0
Q7100254,P301,911,0748,12.0
Q7100254,P501,911,0748,2.58
Q6907286,P001,911,0748,0
Q6907286,P002,911,0748,0
Q6907286,P003,911,0748,0
Q7504010,P101,911,0748,2.2
Q7504010,P201,911,0748,2.3
Q7600375,P001,911,0748,15.36
Q7100254,P101,911,0754,10.64
Q7100254,P201,911,0754,0
Q7100254,P301,911,0754,12.75
Q7100254,P501,911,0754,2.56
Q6907286,P001,911,0754,0
Q6907286,P002,911,0754,0
Q6907286,P003,911,0754,0
Q7504010,P101,911,0754,2.2
Q7504010,P201,911,0754,2.3
Q7600375,P001,911,0754,15.58
Q7100254,P101,911,0800,0
Q7100254,P101,922,0800,14.97
Q7100254,P101,923,0800,173.1
Q7100254,P101,936,0800,7.66
Q7100254,P201,911,0800,0
Q7100254,P201,922,0800,0
Q7100254,P201,923,0800,0
Q7100254,P201,936,0800,0
Q7100254,P301,911,0800,0
Q7100254,P301,922,0800,18.22
Q7100254,P301,923,0800,52.66
Q7100254,P301,936,0800,5.24
Q7100254,P501,911,0800,0
Q7100254,P501,922,0800,21.15
Q7100254,P501,923,0800,47.54
Q7100254,P501,936,0800,6.18
Q7504010,P101,911,0800,2.2
Q7504010,P101,922,0800,12
Q7504010,P101,923,0800,69
Q7504010,P101,924,0800,35
Q7504010,P101,926,0800,11
Q7504010,P101,936,0800,8.3
Q7504010,P201,911,0800,2.2
Q7504010,P201,922,0800,11
Q7504010,P201,923,0800,80
Q7504010,P201,924,0800,4
Q7504010,P201,926,0800,11
Q7504010,P201,936,0800,10.2
Q7600375,P001,911,0800,16.64
Q7600375,P001,922,0800,13.67
Q7600375,P001,923,0800,83.62
Q7600375,P001,936,0800,8.41
Q7600375,P001,948,0800,107329
Q7600375,P001,959,0800,55.32
Q7100254,P101,911,0806,0
Q7100254,P201,911,0806,0
Q7100254,P301,911,0806,0
Q7100254,P501,911,0806,0
Q6907286,P001,911,0806,0
Q6907286,P002,911,0806,0
Q6907286,P003,911,0806,0
Q7504010,P101,911,0806,2.2
Q7504010,P201,911,0806,2.2
Q7600375,P001,911,0806,11.47
Q7100254,P101,911,0812,0
Q7100254,P201,911,0812,0
Q7100254,P301,911,0812,0
Q7100254,P501,911,0812,0
Q6907286,P001,911,0812,0
Q6907286,P002,911,0812,0
Q6907286,P003,911,0812,0
Q7504010,P101,911,0812,2.2
Q7504010,P201,911,0812,2.2
Q7600375,P001,911,0812,11.36
Q7600375,P001,922,0815,22.78
Q7600375,P001,923,0815,86.44
Q7600375,P001,936,0815,8.67
Q7100254,P101,911,0818,10.61
Q7100254,P201,911,0818,0
Q7100254,P301,911,0818,11.55
Q7100254,P501,911,0818,2.58
Q7600375,P001,911,0818,14.69
